timestamp,storage_inbound_sim,storage_inbound_actual,max_threshold,is_bottleneck,scenario
2027-01-01 00:00:00,481.9,490.0,200,True,Normal
2027-01-01 01:00:00,461.2,465.0,200,True,Normal
2027-01-01 02:00:00,448.6,454.0,200,True,Normal
2027-01-01 03:00:00,437.3,444.0,200,True,Normal
2027-01-01 04:00:00,428.6,440.0,200,True,Normal
2027-01-01 05:00:00,413.5,422.0,200,True,Normal
2027-01-01 06:00:00,411.7,398.0,200,True,Normal
2027-01-01 07:00:00,388.3,368.0,200,True,Normal
2027-01-01 08:00:00,353.7,333.0,200,True,Normal
2027-01-01 09:00:00,315.1,294.0,200,True,Normal
2027-01-01 10:00:00,271.0,253.0,200,True,Normal
2027-01-01 11:00:00,226.0,219.0,200,True,Normal
2027-01-01 12:00:00,194.2,188.0,200,False,Normal
2027-01-01 13:00:00,162.6,158.0,200,False,Normal
2027-01-01 14:00:00,129.5,121.0,200,False,Normal
2027-01-01 15:00:00,91.6,81.0,200,False,Normal
2027-01-01 16:00:00,49.1,43.0,200,False,Normal
2027-01-01 17:00:00,23.2,24.0,200,False,Normal
2027-01-01 18:00:00,13.8,20.0,200,False,Normal
2027-01-01 19:00:00,14.9,12.0,200,False,Normal
2027-01-01 20:00:00,8.7,10.0,200,False,Normal
2027-01-01 21:00:00,8.9,17.0,200,False,Normal
2027-01-01 22:00:00,15.5,21.0,200,False,Normal
2027-01-01 23:00:00,19.0,20.0,200,False,Normal
2027-01-02 00:00:00,17.6,20.0,200,False,Normal
2027-01-02 01:00:00,16.4,22.0,200,False,Normal
2027-01-02 02:00:00,17.7,22.0,200,False,Normal
2027-01-02 03:00:00,17.5,22.0,200,False,Normal
2027-01-02 04:00:00,16.7,22.0,200,False,Normal
2027-01-02 05:00:00,17.4,26.0,200,False,Normal
2027-01-02 06:00:00,26.9,33.0,200,False,Normal
2027-01-02 07:00:00,39.9,43.0,200,False,Normal
2027-01-02 08:00:00,54.4,58.0,200,False,Normal
2027-01-02 09:00:00,82.1,87.0,200,False,Normal
2027-01-02 10:00:00,95.4,87.0,200,False,Normal
2027-01-02 11:00:00,103.7,96.0,200,False,Normal
2027-01-02 12:00:00,111.6,104.0,200,False,Normal
2027-01-02 13:00:00,107.8,104.0,200,False,Normal
2027-01-02 14:00:00,92.8,87.0,200,False,Normal
2027-01-02 15:00:00,100.2,91.0,200,False,Normal
2027-01-02 16:00:00,93.3,89.0,200,False,Normal
2027-01-02 17:00:00,113.7,109.0,200,False,Normal
2027-01-02 18:00:00,110.9,103.0,200,False,Normal
2027-01-02 19:00:00,111.7,100.0,200,False,Normal
2027-01-02 20:00:00,122.3,102.0,200,False,Normal
2027-01-02 21:00:00,85.0,69.0,200,False,Normal
2027-01-02 22:00:00,75.6,69.0,200,False,Normal
2027-01-02 23:00:00,57.1,50.0,200,False,Normal
2027-01-03 00:00:00,49.3,47.0,200,False,Normal
2027-01-03 01:00:00,43.4,34.0,200,False,Normal
2027-01-03 02:00:00,23.0,24.0,200,False,Normal
2027-01-03 03:00:00,16.7,18.0,200,False,Normal
2027-01-03 04:00:00,12.8,17.0,200,False,Normal
2027-01-03 05:00:00,13.5,14.0,200,False,Normal
2027-01-03 06:00:00,14.6,15.0,200,False,Normal
2027-01-03 07:00:00,18.4,21.0,200,False,Normal
2027-01-03 08:00:00,26.7,27.0,200,False,Normal
2027-01-03 09:00:00,32.1,36.0,200,False,Normal
2027-01-03 10:00:00,42.4,52.0,200,False,Normal
2027-01-03 11:00:00,43.6,44.0,200,False,Normal
2027-01-03 12:00:00,29.0,37.0,200,False,Normal
2027-01-03 13:00:00,28.6,33.0,200,False,Normal
2027-01-03 14:00:00,29.0,36.0,200,False,Normal
2027-01-03 15:00:00,35.6,40.0,200,False,Normal
2027-01-03 16:00:00,41.4,39.0,200,False,Normal
2027-01-03 17:00:00,34.4,35.0,200,False,Normal
2027-01-03 18:00:00,27.6,32.0,200,False,Normal
2027-01-03 19:00:00,24.4,31.0,200,False,Normal
2027-01-03 20:00:00,20.0,36.0,200,False,Normal
2027-01-03 21:00:00,19.4,28.0,200,False,Normal
2027-01-03 22:00:00,15.5,22.0,200,False,Normal
2027-01-03 23:00:00,13.5,15.0,200,False,Normal
2027-01-04 00:00:00,9.7,14.0,200,False,Normal
2027-01-04 01:00:00,10.9,12.0,200,False,Normal
2027-01-04 02:00:00,9.6,10.0,200,False,Normal
2027-01-04 03:00:00,8.9,8.0,200,False,Normal
2027-01-04 04:00:00,6.6,8.0,200,False,Normal
2027-01-04 05:00:00,7.4,10.0,200,False,Normal
2027-01-04 06:00:00,14.8,21.0,200,False,Normal
2027-01-04 07:00:00,27.6,35.0,200,False,Normal
2027-01-04 08:00:00,43.2,55.0,200,False,Normal
2027-01-04 09:00:00,59.3,74.0,200,False,Normal
2027-01-04 10:00:00,72.7,87.0,200,False,Normal
2027-01-04 11:00:00,123.3,133.0,200,False,Normal
2027-01-04 12:00:00,148.5,152.0,200,False,Normal
2027-01-04 13:00:00,145.8,143.0,200,False,Normal
2027-01-04 14:00:00,107.9,104.0,200,False,Normal
2027-01-04 15:00:00,93.2,92.0,200,False,Normal
2027-01-04 16:00:00,78.6,86.0,200,False,Normal
2027-01-04 17:00:00,95.8,104.0,200,False,Normal
2027-01-04 18:00:00,94.7,105.0,200,False,Normal
2027-01-04 19:00:00,119.8,131.0,200,False,Normal
2027-01-04 20:00:00,139.2,154.0,200,False,Normal
2027-01-04 21:00:00,161.2,177.0,200,False,Normal
2027-01-04 22:00:00,171.4,184.0,200,False,Normal
2027-01-04 23:00:00,169.0,181.0,200,False,Normal
2027-01-05 00:00:00,160.4,168.0,200,False,Normal
2027-01-05 01:00:00,143.4,155.0,200,False,Normal
2027-01-05 02:00:00,127.3,142.0,200,False,Normal
2027-01-05 03:00:00,115.6,134.0,200,False,Normal
2027-01-05 04:00:00,110.3,125.0,200,False,Normal
2027-01-05 05:00:00,106.9,115.0,200,False,Normal
2027-01-05 06:00:00,69.3,79.0,200,False,Normal
2027-01-05 07:00:00,58.7,67.0,200,False,Normal
2027-01-05 08:00:00,54.4,78.0,200,False,Volume Spike (+60%)
2027-01-05 09:00:00,76.3,107.0,200,False,Volume Spike (+60%)
2027-01-05 10:00:00,108.9,155.0,200,False,Volume Spike (+60%)
2027-01-05 11:00:00,188.7,209.0,200,False,Volume Spike (+60%)
2027-01-05 12:00:00,209.4,212.0,200,True,Volume Spike (+60%)
2027-01-05 13:00:00,199.7,201.0,200,False,Volume Spike (+60%)
2027-01-05 14:00:00,179.3,196.0,200,False,Volume Spike (+60%)
2027-01-05 15:00:00,192.0,217.0,200,False,Volume Spike (+60%)
2027-01-05 16:00:00,232.5,266.0,200,True,Volume Spike (+60%)
2027-01-05 17:00:00,283.2,310.0,200,True,Volume Spike (+60%)
2027-01-05 18:00:00,339.5,353.0,200,True,Volume Spike (+60%)
2027-01-05 19:00:00,350.6,355.0,200,True,Volume Spike (+60%)
2027-01-05 20:00:00,375.7,365.0,200,True,Volume Spike (+60%)
2027-01-05 21:00:00,378.6,373.0,200,True,Volume Spike (+60%)
2027-01-05 22:00:00,372.9,375.0,200,True,Volume Spike (+60%)
2027-01-05 23:00:00,352.7,348.0,200,True,Volume Spike (+60%)
2027-01-06 00:00:00,334.2,326.0,200,True,Volume Spike (+60%)
2027-01-06 01:00:00,309.2,311.0,200,True,Volume Spike (+60%)
2027-01-06 02:00:00,295.6,306.0,200,True,Volume Spike (+60%)
2027-01-06 03:00:00,295.0,302.0,200,True,Volume Spike (+60%)
2027-01-06 04:00:00,294.1,299.0,200,True,Volume Spike (+60%)
2027-01-06 05:00:00,277.8,287.0,200,True,Volume Spike (+60%)
2027-01-06 06:00:00,252.9,272.0,200,True,Volume Spike (+60%)
2027-01-06 07:00:00,270.2,286.0,200,True,Volume Spike (+60%)
2027-01-06 08:00:00,267.5,299.0,200,True,Volume Spike (+60%)
2027-01-06 09:00:00,281.5,319.0,200,True,Volume Spike (+60%)
2027-01-06 10:00:00,317.6,367.0,200,True,Volume Spike (+60%)
2027-01-06 11:00:00,392.4,417.0,200,True,Volume Spike (+60%)
2027-01-06 12:00:00,427.1,422.0,200,True,Volume Spike (+60%)
2027-01-06 13:00:00,406.7,407.0,200,True,Volume Spike (+60%)
2027-01-06 14:00:00,380.3,395.0,200,True,Volume Spike (+60%)
2027-01-06 15:00:00,403.6,420.0,200,True,Volume Spike (+60%)
2027-01-06 16:00:00,412.0,432.0,200,True,Volume Spike (+60%)
2027-01-06 17:00:00,474.0,484.0,200,True,Volume Spike (+60%)
2027-01-06 18:00:00,500.0,500.0,200,True,Volume Spike (+60%)
2027-01-06 19:00:00,500.0,500.0,200,True,Volume Spike (+60%)
2027-01-06 20:00:00,500.0,500.0,200,True,Volume Spike (+60%)
2027-01-06 21:00:00,500.0,497.0,200,True,Volume Spike (+60%)
2027-01-06 22:00:00,484.2,480.0,200,True,Volume Spike (+60%)
2027-01-06 23:00:00,444.7,442.0,200,True,Volume Spike (+60%)
2027-01-07 00:00:00,404.3,402.0,200,True,Volume Spike (+60%)
2027-01-07 01:00:00,376.3,383.0,200,True,Volume Spike (+60%)
2027-01-07 02:00:00,359.1,374.0,200,True,Volume Spike (+60%)
2027-01-07 03:00:00,352.7,368.0,200,True,Volume Spike (+60%)
2027-01-07 04:00:00,349.8,363.0,200,True,Volume Spike (+60%)
2027-01-07 05:00:00,346.6,367.0,200,True,Volume Spike (+60%)
2027-01-07 06:00:00,336.5,375.0,200,True,Volume Spike (+60%)
2027-01-07 07:00:00,366.0,397.0,200,True,Volume Spike (+60%)
2027-01-07 08:00:00,372.9,421.0,200,True,Volume Spike (+60%)
2027-01-07 09:00:00,404.6,470.0,200,True,Volume Spike (+60%)
2027-01-07 10:00:00,431.7,500.0,200,True,Volume Spike (+60%)
2027-01-07 11:00:00,500.0,500.0,200,True,Volume Spike (+60%)
2027-01-07 12:00:00,500.0,500.0,200,True,Volume Spike (+60%)
2027-01-07 13:00:00,500.0,492.0,200,True,Volume Spike (+60%)
2027-01-07 14:00:00,482.7,481.0,200,True,Volume Spike (+60%)
2027-01-07 15:00:00,487.7,498.0,200,True,Volume Spike (+60%)
2027-01-07 16:00:00,497.9,500.0,200,True,Volume Spike (+60%)
2027-01-07 17:00:00,500.0,500.0,200,True,Volume Spike (+60%)
2027-01-07 18:00:00,500.0,500.0,200,True,Volume Spike (+60%)
2027-01-07 19:00:00,500.0,500.0,200,True,Normal
2027-01-07 20:00:00,500.0,500.0,200,True,Normal
2027-01-07 21:00:00,500.0,500.0,200,True,Normal
2027-01-07 22:00:00,497.1,500.0,200,True,Normal
2027-01-07 23:00:00,492.3,500.0,200,True,Normal
2027-01-08 00:00:00,492.7,493.0,200,True,Normal
2027-01-08 01:00:00,480.5,485.0,200,True,Normal
2027-01-08 02:00:00,471.3,476.0,200,True,Normal
2027-01-08 03:00:00,464.3,465.0,200,True,Normal
2027-01-08 04:00:00,454.3,459.0,200,True,Normal
2027-01-08 05:00:00,452.6,459.0,200,True,Normal
2027-01-08 06:00:00,440.0,439.0,200,True,Normal
2027-01-08 07:00:00,430.0,442.0,200,True,Normal
2027-01-08 08:00:00,431.0,442.0,200,True,Normal
2027-01-08 09:00:00,445.0,458.0,200,True,Normal
2027-01-08 10:00:00,435.2,448.0,200,True,Normal
2027-01-08 11:00:00,480.9,481.0,200,True,Normal
2027-01-08 12:00:00,500.0,497.0,200,True,Normal
2027-01-08 13:00:00,473.0,468.0,200,True,Normal
2027-01-08 14:00:00,429.5,431.0,200,True,Normal
2027-01-08 15:00:00,422.9,421.0,200,True,Normal
2027-01-08 16:00:00,417.5,414.0,200,True,Normal
2027-01-08 17:00:00,429.6,439.0,200,True,Normal
2027-01-08 18:00:00,464.4,478.0,200,True,Normal
2027-01-08 19:00:00,470.9,475.0,200,True,Normal
2027-01-08 20:00:00,500.0,500.0,200,True,Normal
2027-01-08 21:00:00,500.0,500.0,200,True,Normal
2027-01-08 22:00:00,500.0,500.0,200,True,Normal
2027-01-08 23:00:00,499.6,493.0,200,True,Normal
2027-01-09 00:00:00,458.2,456.0,200,True,Normal
2027-01-09 01:00:00,432.9,427.0,200,True,Normal
2027-01-09 02:00:00,401.5,399.0,200,True,Normal
2027-01-09 03:00:00,388.5,386.0,200,True,Normal
2027-01-09 04:00:00,361.0,355.0,200,True,Normal
2027-01-09 05:00:00,331.3,333.0,200,True,Normal
2027-01-09 06:00:00,326.8,318.0,200,True,Normal
2027-01-09 07:00:00,324.1,313.0,200,True,Normal
2027-01-09 08:00:00,313.2,299.0,200,True,Normal
2027-01-09 09:00:00,312.0,290.0,200,True,Normal
2027-01-09 10:00:00,293.4,272.0,200,True,Normal
2027-01-09 11:00:00,300.5,284.0,200,True,Normal
2027-01-09 12:00:00,296.0,279.0,200,True,Normal
2027-01-09 13:00:00,276.3,265.0,200,True,Normal
2027-01-09 14:00:00,258.5,248.0,200,True,Normal
2027-01-09 15:00:00,266.4,263.0,200,True,Normal
2027-01-09 16:00:00,289.5,287.0,200,True,Normal
2027-01-09 17:00:00,308.1,303.0,200,True,Normal
2027-01-09 18:00:00,302.5,294.0,200,True,Normal
2027-01-09 19:00:00,283.0,282.0,200,True,Normal
2027-01-09 20:00:00,284.8,287.0,200,True,Normal
2027-01-09 21:00:00,263.5,263.0,200,True,Normal
2027-01-09 22:00:00,263.4,265.0,200,True,Normal
2027-01-09 23:00:00,247.1,244.0,200,True,Normal
2027-01-10 00:00:00,237.8,224.0,200,True,Normal
2027-01-10 01:00:00,213.8,204.0,200,True,Normal
2027-01-10 02:00:00,191.0,182.0,200,False,Normal
2027-01-10 03:00:00,166.6,163.0,200,False,Normal
2027-01-10 04:00:00,147.0,138.0,200,False,Normal
2027-01-10 05:00:00,106.3,100.0,200,False,Normal
2027-01-10 06:00:00,77.0,74.0,200,False,Normal
2027-01-10 07:00:00,58.2,57.0,200,False,Normal
2027-01-10 08:00:00,42.5,41.0,200,False,Normal
2027-01-10 09:00:00,39.2,44.0,200,False,Normal
2027-01-10 10:00:00,50.4,49.0,200,False,Normal
2027-01-10 11:00:00,41.9,47.0,200,False,Normal
2027-01-10 12:00:00,30.4,39.0,200,False,Normal
2027-01-10 13:00:00,28.4,37.0,200,False,Normal
2027-01-10 14:00:00,35.7,53.0,200,False,Normal
2027-01-10 15:00:00,54.8,76.0,200,False,Normal
2027-01-10 16:00:00,79.9,101.0,200,False,Normal
2027-01-10 17:00:00,99.6,117.0,200,False,Normal
2027-01-10 18:00:00,111.6,125.0,200,False,Normal
2027-01-10 19:00:00,116.4,131.0,200,False,Normal
2027-01-10 20:00:00,131.3,136.0,200,False,Normal
2027-01-10 21:00:00,128.5,133.0,200,False,Normal
2027-01-10 22:00:00,120.9,126.0,200,False,Normal
2027-01-10 23:00:00,95.8,98.0,200,False,Normal
2027-01-11 00:00:00,80.8,82.0,200,False,Normal
2027-01-11 01:00:00,62.4,72.0,200,False,Normal
2027-01-11 02:00:00,54.0,71.0,200,False,Normal
2027-01-11 03:00:00,54.5,72.0,200,False,Normal
2027-01-11 04:00:00,42.7,57.0,200,False,Normal
2027-01-11 05:00:00,45.4,54.0,200,False,Normal
2027-01-11 06:00:00,34.6,48.0,200,False,Normal
2027-01-11 07:00:00,41.0,49.0,200,False,Normal
2027-01-11 08:00:00,50.6,62.0,200,False,Normal
2027-01-11 09:00:00,64.8,75.0,200,False,Normal
2027-01-11 10:00:00,74.4,83.0,200,False,Normal
2027-01-11 11:00:00,115.3,107.0,200,False,Normal
2027-01-11 12:00:00,119.3,107.0,200,False,Normal
2027-01-11 13:00:00,75.9,70.0,200,False,Normal
2027-01-11 14:00:00,56.8,65.0,200,False,Normal
2027-01-11 15:00:00,56.5,71.0,200,False,Normal
2027-01-11 16:00:00,63.5,81.0,200,False,Normal
2027-01-11 17:00:00,90.2,96.0,200,False,Normal
2027-01-11 18:00:00,116.1,130.0,200,False,Normal
2027-01-11 19:00:00,144.3,159.0,200,False,Normal
2027-01-11 20:00:00,181.3,200.0,200,False,Normal
2027-01-11 21:00:00,205.9,224.0,200,True,Normal
2027-01-11 22:00:00,218.4,240.0,200,True,Normal
2027-01-11 23:00:00,209.4,229.0,200,True,Normal
2027-01-12 00:00:00,208.0,229.0,200,True,Normal
2027-01-12 01:00:00,203.6,220.0,200,True,Normal
2027-01-12 02:00:00,194.0,197.0,200,False,Normal
2027-01-12 03:00:00,172.2,178.0,200,False,Normal
2027-01-12 04:00:00,153.7,161.0,200,False,Normal
2027-01-12 05:00:00,139.9,144.0,200,False,Normal
2027-01-12 06:00:00,124.1,132.0,200,False,Normal
2027-01-12 07:00:00,94.6,102.0,200,False,Normal
2027-01-12 08:00:00,77.4,89.0,200,False,Normal
2027-01-12 09:00:00,70.0,86.0,200,False,Normal
2027-01-12 10:00:00,75.0,91.0,200,False,Normal
2027-01-12 11:00:00,129.4,138.0,200,False,Normal
2027-01-12 12:00:00,150.9,162.0,200,False,Normal
2027-01-12 13:00:00,141.2,155.0,200,False,Normal
2027-01-12 14:00:00,120.2,134.0,200,False,Normal
2027-01-12 15:00:00,93.7,106.0,200,False,Normal
2027-01-12 16:00:00,103.5,123.0,200,False,Normal
2027-01-12 17:00:00,110.2,137.0,200,False,Normal
2027-01-12 18:00:00,135.0,148.0,200,False,Normal
2027-01-12 19:00:00,143.8,153.0,200,False,Normal
2027-01-12 20:00:00,155.2,169.0,200,False,Normal
2027-01-12 21:00:00,170.3,188.0,200,False,Normal
2027-01-12 22:00:00,178.1,195.0,200,False,Normal
2027-01-12 23:00:00,176.4,197.0,200,False,Normal
2027-01-13 00:00:00,159.0,176.0,200,False,Normal
2027-01-13 01:00:00,150.0,168.0,200,False,Normal
2027-01-13 02:00:00,139.5,155.0,200,False,Normal
2027-01-13 03:00:00,126.0,136.0,200,False,Normal
2027-01-13 04:00:00,93.5,102.0,200,False,Normal
2027-01-13 05:00:00,75.9,84.0,200,False,Normal
2027-01-13 06:00:00,54.6,70.0,200,False,Normal
2027-01-13 07:00:00,58.6,67.0,200,False,Normal
2027-01-13 08:00:00,49.7,64.0,200,False,Normal
2027-01-13 09:00:00,58.9,69.0,200,False,Normal
2027-01-13 10:00:00,63.4,79.0,200,False,Normal
2027-01-13 11:00:00,109.7,115.0,200,False,Normal
2027-01-13 12:00:00,108.1,122.0,200,False,Normal
2027-01-13 13:00:00,99.8,114.0,200,False,Normal
2027-01-13 14:00:00,74.6,90.0,200,False,Normal
2027-01-13 15:00:00,69.1,83.0,200,False,Normal
2027-01-13 16:00:00,81.2,102.0,200,False,Normal
2027-01-13 17:00:00,109.8,127.0,200,False,Normal
2027-01-13 18:00:00,130.9,139.0,200,False,Normal
2027-01-13 19:00:00,152.5,158.0,200,False,Normal
2027-01-13 20:00:00,177.2,190.0,200,False,Normal
2027-01-13 21:00:00,193.9,201.0,200,False,Normal
2027-01-13 22:00:00,193.0,198.0,200,False,Normal
2027-01-13 23:00:00,165.5,169.0,200,False,Normal
2027-01-14 00:00:00,147.4,157.0,200,False,Normal
2027-01-14 01:00:00,117.6,129.0,200,False,Normal
2027-01-14 02:00:00,103.5,116.0,200,False,Normal
2027-01-14 03:00:00,90.0,100.0,200,False,Normal
2027-01-14 04:00:00,59.0,75.0,200,False,Normal
2027-01-14 05:00:00,37.1,57.0,200,False,Normal
2027-01-14 06:00:00,32.4,49.0,200,False,Normal
2027-01-14 07:00:00,59.9,60.0,200,False,Normal
2027-01-14 08:00:00,57.0,66.0,200,False,Normal
2027-01-14 09:00:00,64.0,74.0,200,False,Normal
2027-01-14 10:00:00,69.6,84.0,200,False,Normal
2027-01-14 11:00:00,112.9,121.0,200,False,Normal
2027-01-14 12:00:00,127.2,144.0,200,False,Normal
2027-01-14 13:00:00,104.2,127.0,200,False,Normal
2027-01-14 14:00:00,102.0,134.0,200,False,Normal
2027-01-14 15:00:00,119.9,151.0,200,False,Normal
2027-01-14 16:00:00,145.7,184.0,200,False,Normal
2027-01-14 17:00:00,181.7,207.0,200,False,Normal
2027-01-14 18:00:00,186.5,207.0,200,False,Normal
2027-01-14 19:00:00,197.9,221.0,200,False,Normal
2027-01-14 20:00:00,230.3,263.0,200,True,Normal
2027-01-14 21:00:00,257.3,282.0,200,True,Normal
2027-01-14 22:00:00,264.3,291.0,200,True,Normal
2027-01-14 23:00:00,263.9,289.0,200,True,Normal
2027-01-15 00:00:00,242.6,264.0,200,True,Normal
2027-01-15 01:00:00,214.2,239.0,200,True,Normal
2027-01-15 02:00:00,202.0,232.0,200,True,Normal
2027-01-15 03:00:00,196.3,227.0,200,False,Normal
2027-01-15 04:00:00,194.0,223.0,200,False,Normal
2027-01-15 05:00:00,193.5,217.0,200,False,Normal
2027-01-15 06:00:00,155.8,180.0,200,False,Normal
2027-01-15 07:00:00,126.3,156.0,200,False,Normal
2027-01-15 08:00:00,84.9,123.0,200,False,Normal
2027-01-15 09:00:00,92.2,121.0,200,False,Normal
2027-01-15 10:00:00,93.0,110.0,200,False,Normal
2027-01-15 11:00:00,113.3,129.0,200,False,Normal
2027-01-15 12:00:00,111.6,124.0,200,False,Normal
2027-01-15 13:00:00,92.4,103.0,200,False,Normal
2027-01-15 14:00:00,65.7,80.0,200,False,Normal
2027-01-15 15:00:00,61.5,74.0,200,False,Normal
2027-01-15 16:00:00,62.4,77.0,200,False,Normal
2027-01-15 17:00:00,76.9,89.0,200,False,Normal
2027-01-15 18:00:00,85.0,98.0,200,False,Normal
2027-01-15 19:00:00,92.0,102.0,200,False,Normal
2027-01-15 20:00:00,119.8,133.0,200,False,Normal
2027-01-15 21:00:00,134.1,154.0,200,False,Normal
2027-01-15 22:00:00,141.3,174.0,200,False,Normal
2027-01-15 23:00:00,152.0,189.0,200,False,Normal
2027-01-16 00:00:00,137.6,163.0,200,False,Normal
2027-01-16 01:00:00,104.9,129.0,200,False,Normal
2027-01-16 02:00:00,96.5,112.0,200,False,Normal
2027-01-16 03:00:00,61.9,78.0,200,False,Normal
2027-01-16 04:00:00,28.9,42.0,200,False,Normal
2027-01-16 05:00:00,17.7,27.0,200,False,Normal
2027-01-16 06:00:00,20.1,30.0,200,False,Normal
2027-01-16 07:00:00,28.7,34.0,200,False,Normal
2027-01-16 08:00:00,39.7,43.0,200,False,Normal
2027-01-16 09:00:00,50.8,59.0,200,False,Normal
2027-01-16 10:00:00,55.3,65.0,200,False,Normal
2027-01-16 11:00:00,70.9,82.0,200,False,Normal
2027-01-16 12:00:00,72.8,87.0,200,False,Normal
2027-01-16 13:00:00,63.8,87.0,200,False,Normal
2027-01-16 14:00:00,56.9,74.0,200,False,Normal
2027-01-16 15:00:00,69.0,81.0,200,False,Normal
2027-01-16 16:00:00,82.0,101.0,200,False,Normal
2027-01-16 17:00:00,92.6,111.0,200,False,Normal
2027-01-16 18:00:00,109.6,128.0,200,False,Normal
2027-01-16 19:00:00,121.2,142.0,200,False,Normal
2027-01-16 20:00:00,132.5,155.0,200,False,Normal
2027-01-16 21:00:00,132.8,148.0,200,False,Normal
2027-01-16 22:00:00,119.8,131.0,200,False,Normal
2027-01-16 23:00:00,86.0,89.0,200,False,Normal
2027-01-17 00:00:00,70.9,72.0,200,False,Normal
2027-01-17 01:00:00,50.1,58.0,200,False,Normal
2027-01-17 02:00:00,33.8,37.0,200,False,Normal
2027-01-17 03:00:00,16.1,21.0,200,False,Normal
2027-01-17 04:00:00,10.2,14.0,200,False,Normal
2027-01-17 05:00:00,8.5,11.0,200,False,Normal
2027-01-17 06:00:00,11.9,14.0,200,False,Normal
2027-01-17 07:00:00,15.4,18.0,200,False,Normal
2027-01-17 08:00:00,22.8,23.0,200,False,Normal
2027-01-17 09:00:00,26.1,33.0,200,False,Normal
2027-01-17 10:00:00,37.0,46.0,200,False,Normal
2027-01-17 11:00:00,37.0,50.0,200,False,Normal
2027-01-17 12:00:00,32.7,47.0,200,False,Normal
2027-01-17 13:00:00,31.8,49.0,200,False,Normal
2027-01-17 14:00:00,46.5,54.0,200,False,Normal
2027-01-17 15:00:00,57.4,57.0,200,False,Normal
2027-01-17 16:00:00,64.7,59.0,200,False,Normal
2027-01-17 17:00:00,60.5,53.0,200,False,Normal
2027-01-17 18:00:00,47.2,43.0,200,False,Normal
2027-01-17 19:00:00,35.6,37.0,200,False,Normal
2027-01-17 20:00:00,24.7,32.0,200,False,Normal
2027-01-17 21:00:00,20.5,27.0,200,False,Normal
2027-01-17 22:00:00,17.6,18.0,200,False,Normal
2027-01-17 23:00:00,10.5,18.0,200,False,Normal
2027-01-18 00:00:00,13.7,16.0,200,False,Normal
2027-01-18 01:00:00,12.6,16.0,200,False,Normal
2027-01-18 02:00:00,12.1,18.0,200,False,Normal
2027-01-18 03:00:00,13.9,19.0,200,False,Normal
2027-01-18 04:00:00,16.6,19.0,200,False,Normal
2027-01-18 05:00:00,17.3,20.0,200,False,Normal
2027-01-18 06:00:00,22.7,29.0,200,False,Normal
2027-01-18 07:00:00,33.6,41.0,200,False,Normal
2027-01-18 08:00:00,47.5,71.0,200,False,Zone Imbalance (Dock Congestion)
2027-01-18 09:00:00,75.9,111.0,200,False,Zone Imbalance (Dock Congestion)
2027-01-18 10:00:00,127.6,144.0,200,False,Zone Imbalance (Dock Congestion)
2027-01-18 11:00:00,194.8,186.0,200,False,Zone Imbalance (Dock Congestion)
2027-01-18 12:00:00,211.6,159.0,200,True,Zone Imbalance (Dock Congestion)
2027-01-18 13:00:00,178.0,111.0,200,False,Zone Imbalance (Dock Congestion)
2027-01-18 14:00:00,195.1,139.0,200,False,Zone Imbalance (Dock Congestion)
2027-01-18 15:00:00,239.9,162.0,200,True,Zone Imbalance (Dock Congestion)
2027-01-18 16:00:00,266.4,188.0,200,True,Zone Imbalance (Dock Congestion)
2027-01-18 17:00:00,287.0,179.0,200,True,Zone Imbalance (Dock Congestion)
2027-01-18 18:00:00,279.7,171.0,200,True,Zone Imbalance (Dock Congestion)
2027-01-18 19:00:00,269.4,160.0,200,True,Zone Imbalance (Dock Congestion)
2027-01-18 20:00:00,236.3,115.0,200,True,Zone Imbalance (Dock Congestion)
2027-01-18 21:00:00,206.3,85.0,200,True,Zone Imbalance (Dock Congestion)
2027-01-18 22:00:00,161.3,40.0,200,False,Zone Imbalance (Dock Congestion)
2027-01-18 23:00:00,131.3,18.0,200,False,Zone Imbalance (Dock Congestion)
2027-01-19 00:00:00,101.3,9.0,200,False,Zone Imbalance (Dock Congestion)
2027-01-19 01:00:00,71.3,5.0,200,False,Zone Imbalance (Dock Congestion)
2027-01-19 02:00:00,57.3,3.0,200,False,Zone Imbalance (Dock Congestion)
2027-01-19 03:00:00,50.9,2.0,200,False,Zone Imbalance (Dock Congestion)
2027-01-19 04:00:00,48.7,1.0,200,False,Zone Imbalance (Dock Congestion)
2027-01-19 05:00:00,44.7,1.0,200,False,Zone Imbalance (Dock Congestion)
2027-01-19 06:00:00,40.2,13.0,200,False,Zone Imbalance (Dock Congestion)
2027-01-19 07:00:00,71.0,23.0,200,False,Zone Imbalance (Dock Congestion)
2027-01-19 08:00:00,130.4,47.0,200,False,Zone Imbalance (Dock Congestion)
2027-01-19 09:00:00,191.3,92.0,200,False,Zone Imbalance (Dock Congestion)
2027-01-19 10:00:00,254.7,147.0,200,True,Zone Imbalance (Dock Congestion)
2027-01-19 11:00:00,295.4,154.0,200,True,Zone Imbalance (Dock Congestion)
2027-01-19 12:00:00,285.0,125.0,200,True,Zone Imbalance (Dock Congestion)
2027-01-19 13:00:00,216.0,78.0,200,True,Zone Imbalance (Dock Congestion)
2027-01-19 14:00:00,182.6,93.0,200,False,Zone Imbalance (Dock Congestion)
2027-01-19 15:00:00,203.4,115.0,200,True,Zone Imbalance (Dock Congestion)
2027-01-19 16:00:00,241.4,143.0,200,True,Zone Imbalance (Dock Congestion)
2027-01-19 17:00:00,286.5,155.0,200,True,Zone Imbalance (Dock Congestion)
2027-01-19 18:00:00,277.0,145.0,200,True,Zone Imbalance (Dock Congestion)
2027-01-19 19:00:00,263.7,115.0,200,True,Zone Imbalance (Dock Congestion)
2027-01-19 20:00:00,269.4,105.0,200,True,Zone Imbalance (Dock Congestion)
2027-01-19 21:00:00,241.6,75.0,200,True,Zone Imbalance (Dock Congestion)
2027-01-19 22:00:00,211.6,45.0,200,True,Zone Imbalance (Dock Congestion)
2027-01-19 23:00:00,181.6,21.0,200,False,Zone Imbalance (Dock Congestion)
2027-01-20 00:00:00,151.6,10.0,200,False,Zone Imbalance (Dock Congestion)
2027-01-20 01:00:00,121.6,7.0,200,False,Zone Imbalance (Dock Congestion)
2027-01-20 02:00:00,78.2,6.0,200,False,Zone Imbalance (Dock Congestion)
2027-01-20 03:00:00,54.3,4.0,200,False,Zone Imbalance (Dock Congestion)
2027-01-20 04:00:00,30.1,4.0,200,False,Zone Imbalance (Dock Congestion)
2027-01-20 05:00:00,14.8,4.0,200,False,Zone Imbalance (Dock Congestion)
2027-01-20 06:00:00,12.1,21.0,200,False,Zone Imbalance (Dock Congestion)
2027-01-20 07:00:00,56.6,38.0,200,False,Zone Imbalance (Dock Congestion)
2027-01-20 08:00:00,144.2,62.0,200,False,Zone Imbalance (Dock Congestion)
2027-01-20 09:00:00,227.6,87.0,200,True,Zone Imbalance (Dock Congestion)
2027-01-20 10:00:00,287.3,144.0,200,True,Zone Imbalance (Dock Congestion)
2027-01-20 11:00:00,331.0,158.0,200,True,Zone Imbalance (Dock Congestion)
2027-01-20 12:00:00,327.1,125.0,200,True,Zone Imbalance (Dock Congestion)
2027-01-20 13:00:00,267.1,86.0,200,True,Zone Imbalance (Dock Congestion)
2027-01-20 14:00:00,218.2,90.0,200,True,Zone Imbalance (Dock Congestion)
2027-01-20 15:00:00,251.3,118.0,200,True,Zone Imbalance (Dock Congestion)
2027-01-20 16:00:00,286.7,152.0,200,True,Zone Imbalance (Dock Congestion)
2027-01-20 17:00:00,316.2,153.0,200,True,Zone Imbalance (Dock Congestion)
2027-01-20 18:00:00,322.2,148.0,200,True,Zone Imbalance (Dock Congestion)
2027-01-20 19:00:00,319.6,113.0,200,True,Normal
2027-01-20 20:00:00,274.6,68.0,200,True,Normal
2027-01-20 21:00:00,244.6,38.0,200,True,Normal
2027-01-20 22:00:00,214.6,18.0,200,True,Normal
2027-01-20 23:00:00,169.6,9.0,200,False,Normal
2027-01-21 00:00:00,139.6,5.0,200,False,Normal
2027-01-21 01:00:00,109.6,5.0,200,False,Normal
2027-01-21 02:00:00,84.4,6.0,200,False,Normal
2027-01-21 03:00:00,65.0,9.0,200,False,Normal
2027-01-21 04:00:00,34.8,14.0,200,False,Normal
2027-01-21 05:00:00,26.9,19.0,200,False,Normal
2027-01-21 06:00:00,28.8,31.0,200,False,Normal
2027-01-21 07:00:00,54.5,48.0,200,False,Normal
2027-01-21 08:00:00,140.4,59.0,200,False,Normal
2027-01-21 09:00:00,155.5,72.0,200,False,Normal
2027-01-21 10:00:00,179.0,97.0,200,False,Normal
2027-01-21 11:00:00,225.4,141.0,200,True,Normal
2027-01-21 12:00:00,232.2,149.0,200,True,Normal
2027-01-21 13:00:00,230.0,145.0,200,True,Normal
2027-01-21 14:00:00,225.4,144.0,200,True,Normal
2027-01-21 15:00:00,204.7,117.0,200,True,Normal
2027-01-21 16:00:00,201.9,113.0,200,True,Normal
2027-01-21 17:00:00,206.2,106.0,200,True,Normal
2027-01-21 18:00:00,194.5,99.0,200,False,Normal
2027-01-21 19:00:00,185.3,82.0,200,False,Normal
2027-01-21 20:00:00,195.6,96.0,200,False,Normal
2027-01-21 21:00:00,205.4,108.0,200,True,Normal
2027-01-21 22:00:00,204.0,113.0,200,True,Normal
2027-01-21 23:00:00,201.1,111.0,200,True,Normal
2027-01-22 00:00:00,195.2,98.0,200,False,Normal
2027-01-22 01:00:00,177.8,94.0,200,False,Normal
2027-01-22 02:00:00,172.5,95.0,200,False,Normal
2027-01-22 03:00:00,177.1,100.0,200,False,Normal
2027-01-22 04:00:00,183.4,97.0,200,False,Normal
2027-01-22 05:00:00,165.4,71.0,200,False,Normal
2027-01-22 06:00:00,121.5,48.0,200,False,Normal
2027-01-22 07:00:00,92.1,43.0,200,False,Normal
2027-01-22 08:00:00,138.9,54.0,200,False,Normal
2027-01-22 09:00:00,143.5,69.0,200,False,Normal
2027-01-22 10:00:00,153.2,81.0,200,False,Normal
2027-01-22 11:00:00,193.3,117.0,200,False,Normal
2027-01-22 12:00:00,208.4,136.0,200,True,Normal
2027-01-22 13:00:00,181.6,116.0,200,False,Normal
2027-01-22 14:00:00,162.9,101.0,200,False,Normal
2027-01-22 15:00:00,160.4,99.0,200,False,Normal
2027-01-22 16:00:00,166.6,107.0,200,False,Normal
2027-01-22 17:00:00,193.0,139.0,200,False,Normal
2027-01-22 18:00:00,203.9,141.0,200,True,Normal
2027-01-22 19:00:00,215.0,143.0,200,True,Normal
2027-01-22 20:00:00,226.8,162.0,200,True,Normal
2027-01-22 21:00:00,232.4,168.0,200,True,Normal
2027-01-22 22:00:00,244.4,172.0,200,True,Normal
2027-01-22 23:00:00,241.5,178.0,200,True,Normal
2027-01-23 00:00:00,212.7,142.0,200,True,Normal
2027-01-23 01:00:00,186.9,121.0,200,False,Normal
2027-01-23 02:00:00,161.8,91.0,200,False,Normal
2027-01-23 03:00:00,145.9,81.0,200,False,Normal
2027-01-23 04:00:00,137.1,71.0,200,False,Normal
2027-01-23 05:00:00,99.2,41.0,200,False,Normal
2027-01-23 06:00:00,90.3,33.0,200,False,Normal
2027-01-23 07:00:00,89.5,33.0,200,False,Normal
2027-01-23 08:00:00,85.2,41.0,200,False,Normal
2027-01-23 09:00:00,106.7,53.0,200,False,Normal
2027-01-23 10:00:00,130.5,80.0,200,False,Normal
2027-01-23 11:00:00,149.5,102.0,200,False,Normal
2027-01-23 12:00:00,154.8,112.0,200,False,Normal
2027-01-23 13:00:00,153.3,106.0,200,False,Normal
2027-01-23 14:00:00,146.5,106.0,200,False,Normal
2027-01-23 15:00:00,159.6,109.0,200,False,Normal
2027-01-23 16:00:00,184.3,135.0,200,False,Normal
2027-01-23 17:00:00,220.8,159.0,200,True,Normal
2027-01-23 18:00:00,220.9,163.0,200,True,Normal
2027-01-23 19:00:00,216.1,168.0,200,True,Normal
2027-01-23 20:00:00,219.8,169.0,200,True,Normal
2027-01-23 21:00:00,221.5,174.0,200,True,Normal
2027-01-23 22:00:00,218.4,174.0,200,True,Normal
2027-01-23 23:00:00,184.4,139.0,200,False,Normal
2027-01-24 00:00:00,176.3,131.0,200,False,Normal
2027-01-24 01:00:00,163.8,118.0,200,False,Normal
2027-01-24 02:00:00,146.4,104.0,200,False,Normal
2027-01-24 03:00:00,130.1,87.0,200,False,Normal
2027-01-24 04:00:00,96.8,53.0,200,False,Normal
2027-01-24 05:00:00,61.2,30.0,200,False,Normal
2027-01-24 06:00:00,36.8,25.0,200,False,Normal
2027-01-24 07:00:00,29.1,27.0,200,False,Normal
2027-01-24 08:00:00,64.9,36.0,200,False,Normal
2027-01-24 09:00:00,92.8,51.0,200,False,Normal
2027-01-24 10:00:00,115.4,63.0,200,False,Normal
2027-01-24 11:00:00,112.8,62.0,200,False,Normal
2027-01-24 12:00:00,102.7,54.0,200,False,Normal
2027-01-24 13:00:00,107.2,38.0,200,False,Normal
2027-01-24 14:00:00,116.1,38.0,200,False,Normal
2027-01-24 15:00:00,121.2,39.0,200,False,Normal
2027-01-24 16:00:00,124.4,40.0,200,False,Normal
2027-01-24 17:00:00,118.6,36.0,200,False,Normal
2027-01-24 18:00:00,109.8,36.0,200,False,Normal
2027-01-24 19:00:00,104.9,34.0,200,False,Normal
2027-01-24 20:00:00,103.5,41.0,200,False,Normal
2027-01-24 21:00:00,89.7,31.0,200,False,Normal
2027-01-24 22:00:00,67.2,25.0,200,False,Normal
2027-01-24 23:00:00,58.7,24.0,200,False,Normal
2027-01-25 00:00:00,56.0,23.0,200,False,Normal
2027-01-25 01:00:00,53.2,27.0,200,False,Normal
2027-01-25 02:00:00,43.4,25.0,200,False,Normal
2027-01-25 03:00:00,40.0,27.0,200,False,Normal
2027-01-25 04:00:00,28.8,23.0,200,False,Normal
2027-01-25 05:00:00,20.7,20.0,200,False,Normal
2027-01-25 06:00:00,23.6,25.0,200,False,Normal
2027-01-25 07:00:00,59.1,34.0,200,False,Normal
2027-01-25 08:00:00,132.5,47.0,200,False,Normal
2027-01-25 09:00:00,127.9,65.0,200,False,Normal
2027-01-25 10:00:00,135.6,81.0,200,False,Normal
2027-01-25 11:00:00,187.2,117.0,200,False,Normal
2027-01-25 12:00:00,202.4,128.0,200,True,Normal
2027-01-25 13:00:00,182.8,116.0,200,False,Normal
2027-01-25 14:00:00,173.6,105.0,200,False,Normal
2027-01-25 15:00:00,177.4,106.0,200,False,Normal
2027-01-25 16:00:00,159.3,96.0,200,False,Normal
2027-01-25 17:00:00,176.0,121.0,200,False,Normal
2027-01-25 18:00:00,189.8,140.0,200,False,Normal
2027-01-25 19:00:00,204.4,162.0,200,True,Normal
2027-01-25 20:00:00,249.5,205.0,200,True,Normal
2027-01-25 21:00:00,279.1,222.0,200,True,Normal
2027-01-25 22:00:00,287.5,222.0,200,True,Normal
2027-01-25 23:00:00,281.4,219.0,200,True,Normal
2027-01-26 00:00:00,272.2,218.0,200,True,Normal
2027-01-26 01:00:00,270.7,215.0,200,True,Normal
2027-01-26 02:00:00,267.1,214.0,200,True,Normal
2027-01-26 03:00:00,267.9,214.0,200,True,Normal
2027-01-26 04:00:00,254.6,192.0,200,True,Normal
2027-01-26 05:00:00,248.1,186.0,200,True,Normal
2027-01-26 06:00:00,226.5,171.0,200,True,Normal
2027-01-26 07:00:00,222.7,171.0,200,True,Normal
2027-01-26 08:00:00,204.9,156.0,200,True,Normal
2027-01-26 09:00:00,222.2,166.0,200,True,Normal
2027-01-26 10:00:00,248.9,187.0,200,True,Normal
2027-01-26 11:00:00,266.2,209.0,200,True,Normal
2027-01-26 12:00:00,271.6,210.0,200,True,Normal
2027-01-26 13:00:00,259.2,204.0,200,True,Normal
2027-01-26 14:00:00,251.2,201.0,200,True,Normal
2027-01-26 15:00:00,262.8,218.0,200,True,Normal
2027-01-26 16:00:00,290.9,242.0,200,True,Normal
2027-01-26 17:00:00,304.9,257.0,200,True,Normal
2027-01-26 18:00:00,309.1,257.0,200,True,Normal
2027-01-26 19:00:00,305.7,252.0,200,True,Normal
2027-01-26 20:00:00,341.1,284.0,200,True,Normal
2027-01-26 21:00:00,360.2,294.0,200,True,Normal
2027-01-26 22:00:00,359.7,293.0,200,True,Normal
2027-01-26 23:00:00,351.6,282.0,200,True,Normal
2027-01-27 00:00:00,335.7,264.0,200,True,Normal
2027-01-27 01:00:00,314.9,245.0,200,True,Normal
2027-01-27 02:00:00,296.7,226.0,200,True,Normal
2027-01-27 03:00:00,279.4,206.0,200,True,Normal
2027-01-27 04:00:00,262.2,195.0,200,True,Normal
2027-01-27 05:00:00,239.6,174.0,200,True,Normal
2027-01-27 06:00:00,221.7,162.0,200,True,Normal
2027-01-27 07:00:00,239.7,179.0,200,True,Normal
2027-01-27 08:00:00,222.4,155.0,200,True,Normal
2027-01-27 09:00:00,196.3,131.0,200,False,Normal
2027-01-27 10:00:00,194.1,124.0,200,False,Normal
2027-01-27 11:00:00,219.7,146.0,200,True,Normal
2027-01-27 12:00:00,224.5,153.0,200,True,Normal
2027-01-27 13:00:00,205.3,141.0,200,True,Normal
2027-01-27 14:00:00,178.6,116.0,200,False,Normal
2027-01-27 15:00:00,167.4,110.0,200,False,Normal
2027-01-27 16:00:00,171.9,118.0,200,False,Normal
2027-01-27 17:00:00,183.3,132.0,200,False,Normal
2027-01-27 18:00:00,200.6,149.0,200,True,Normal
2027-01-27 19:00:00,199.5,149.0,200,False,Normal
2027-01-27 20:00:00,239.4,182.0,200,True,Normal
2027-01-27 21:00:00,259.8,202.0,200,True,Normal
2027-01-27 22:00:00,269.0,207.0,200,True,Normal
2027-01-27 23:00:00,266.3,209.0,200,True,Normal
2027-01-28 00:00:00,261.9,211.0,200,True,Normal
2027-01-28 01:00:00,246.7,190.0,200,True,Normal
2027-01-28 02:00:00,224.9,165.0,200,True,Normal
2027-01-28 03:00:00,216.0,155.0,200,True,Normal
2027-01-28 04:00:00,208.7,134.0,200,True,Normal
2027-01-28 05:00:00,188.1,117.0,200,False,Normal
2027-01-28 06:00:00,156.2,97.0,200,False,Normal
2027-01-28 07:00:00,148.2,84.0,200,False,Normal
2027-01-28 08:00:00,152.8,73.0,200,False,Normal
2027-01-28 09:00:00,153.1,76.0,200,False,Normal
2027-01-28 10:00:00,154.0,81.0,200,False,Normal
2027-01-28 11:00:00,173.7,106.0,200,False,Normal
2027-01-28 12:00:00,193.2,128.0,200,False,Normal
2027-01-28 13:00:00,189.3,123.0,200,False,Normal
2027-01-28 14:00:00,153.8,96.0,200,False,Normal
2027-01-28 15:00:00,157.7,86.0,200,False,Normal
2027-01-28 16:00:00,149.5,89.0,200,False,Normal
2027-01-28 17:00:00,176.5,109.0,200,False,Normal
2027-01-28 18:00:00,173.5,107.0,200,False,Normal
2027-01-28 19:00:00,183.4,124.0,200,False,Normal
2027-01-28 20:00:00,224.4,156.0,200,True,Normal
2027-01-28 21:00:00,226.8,163.0,200,True,Normal
2027-01-28 22:00:00,237.0,181.0,200,True,Normal
2027-01-28 23:00:00,247.8,191.0,200,True,Normal
2027-01-29 00:00:00,251.9,200.0,200,True,Normal
2027-01-29 01:00:00,258.0,201.0,200,True,Normal
2027-01-29 02:00:00,242.9,185.0,200,True,Normal
2027-01-29 03:00:00,242.2,182.0,200,True,Normal
2027-01-29 04:00:00,238.1,178.0,200,True,Normal
2027-01-29 05:00:00,219.4,151.0,200,True,Normal
2027-01-29 06:00:00,208.3,136.0,200,True,Normal
2027-01-29 07:00:00,191.7,120.0,200,False,Normal
2027-01-29 08:00:00,168.5,85.0,200,False,Normal
2027-01-29 09:00:00,158.1,77.0,200,False,Normal
2027-01-29 10:00:00,153.6,86.0,200,False,Normal
2027-01-29 11:00:00,201.8,124.0,200,True,Normal
2027-01-29 12:00:00,204.8,129.0,200,True,Normal
2027-01-29 13:00:00,180.2,105.0,200,False,Normal
2027-01-29 14:00:00,165.4,90.0,200,False,Normal
2027-01-29 15:00:00,182.2,103.0,200,False,Normal
2027-01-29 16:00:00,173.8,95.0,200,False,Normal
2027-01-29 17:00:00,194.0,116.0,200,False,Normal
2027-01-29 18:00:00,218.7,139.0,200,True,Normal
2027-01-29 19:00:00,234.4,153.0,200,True,Normal
2027-01-29 20:00:00,256.7,174.0,200,True,Normal
2027-01-29 21:00:00,261.4,185.0,200,True,Normal
2027-01-29 22:00:00,261.0,189.0,200,True,Normal
2027-01-29 23:00:00,258.9,199.0,200,True,Normal
2027-01-30 00:00:00,235.9,182.0,200,True,Normal
2027-01-30 01:00:00,232.5,169.0,200,True,Normal
2027-01-30 02:00:00,200.1,138.0,200,True,Normal
2027-01-30 03:00:00,182.7,118.0,200,False,Normal
2027-01-30 04:00:00,177.1,110.0,200,False,Normal
2027-01-30 05:00:00,137.8,72.0,200,False,Normal
2027-01-30 06:00:00,129.5,69.0,200,False,Normal
2027-01-30 07:00:00,137.9,66.0,200,False,Normal
2027-01-30 08:00:00,138.8,69.0,200,False,Normal
2027-01-30 09:00:00,144.7,66.0,200,False,Normal
2027-01-30 10:00:00,159.7,74.0,200,False,Normal
2027-01-30 11:00:00,175.9,93.0,200,False,Normal
2027-01-30 12:00:00,178.5,107.0,200,False,Normal
2027-01-30 13:00:00,179.5,113.0,200,False,Normal
2027-01-30 14:00:00,171.5,93.0,200,False,Normal
2027-01-30 15:00:00,176.7,92.0,200,False,Normal
2027-01-30 16:00:00,180.4,81.0,200,False,Normal
2027-01-30 17:00:00,205.4,111.0,200,True,Normal
2027-01-30 18:00:00,195.7,99.0,200,False,Normal
2027-01-30 19:00:00,189.0,91.0,200,False,Normal
2027-01-30 20:00:00,196.6,93.0,200,False,Normal
2027-01-30 21:00:00,172.9,74.0,200,False,Normal
2027-01-30 22:00:00,163.3,68.0,200,False,Normal
2027-01-30 23:00:00,152.2,59.0,200,False,Normal
2027-01-31 00:00:00,140.6,50.0,200,False,Normal
2027-01-31 01:00:00,129.7,41.0,200,False,Normal
2027-01-31 02:00:00,103.7,32.0,200,False,Normal
2027-01-31 03:00:00,102.6,24.0,200,False,Normal
2027-01-31 04:00:00,92.1,17.0,200,False,Normal
2027-01-31 05:00:00,71.9,10.0,200,False,Normal
2027-01-31 06:00:00,37.7,12.0,200,False,Normal
2027-01-31 07:00:00,43.8,19.0,200,False,Normal
2027-01-31 08:00:00,89.5,27.0,200,False,Normal
2027-01-31 09:00:00,112.5,33.0,200,False,Normal
2027-01-31 10:00:00,117.1,43.0,200,False,Normal
2027-01-31 11:00:00,113.9,41.0,200,False,Normal
2027-01-31 12:00:00,103.7,37.0,200,False,Normal
2027-01-31 13:00:00,101.8,36.0,200,False,Normal
2027-01-31 14:00:00,115.6,42.0,200,False,Normal
2027-01-31 15:00:00,126.6,54.0,200,False,Normal
2027-01-31 16:00:00,130.1,54.0,200,False,Normal
2027-01-31 17:00:00,137.1,58.0,200,False,Normal
2027-01-31 18:00:00,136.8,61.0,200,False,Normal
2027-01-31 19:00:00,138.1,51.0,200,False,Normal
2027-01-31 20:00:00,134.1,48.0,200,False,Normal
2027-01-31 21:00:00,125.2,40.0,200,False,Normal
2027-01-31 22:00:00,113.5,34.0,200,False,Normal
2027-01-31 23:00:00,105.9,30.0,200,False,Normal
2027-02-01 00:00:00,101.0,25.0,200,False,Normal
2027-02-01 01:00:00,95.5,18.0,200,False,Normal
2027-02-01 02:00:00,78.4,15.0,200,False,Normal
2027-02-01 03:00:00,63.8,14.0,200,False,Normal
2027-02-01 04:00:00,48.3,13.0,200,False,Normal
2027-02-01 05:00:00,25.5,14.0,200,False,Normal
2027-02-01 06:00:00,23.5,30.0,200,False,Pre-Holiday Rush
2027-02-01 07:00:00,63.5,44.0,200,False,Pre-Holiday Rush
2027-02-01 08:00:00,128.6,60.0,200,False,Pre-Holiday Rush
2027-02-01 09:00:00,141.3,83.0,200,False,Pre-Holiday Rush
2027-02-01 10:00:00,163.0,106.0,200,False,Pre-Holiday Rush
2027-02-01 11:00:00,227.2,169.0,200,True,Pre-Holiday Rush
2027-02-01 12:00:00,271.1,206.0,200,True,Pre-Holiday Rush
2027-02-01 13:00:00,282.0,199.0,200,True,Pre-Holiday Rush
2027-02-01 14:00:00,260.5,169.0,200,True,Pre-Holiday Rush
2027-02-01 15:00:00,241.8,160.0,200,True,Pre-Holiday Rush
2027-02-01 16:00:00,244.2,167.0,200,True,Pre-Holiday Rush
2027-02-01 17:00:00,267.7,188.0,200,True,Pre-Holiday Rush
2027-02-01 18:00:00,298.4,214.0,200,True,Pre-Holiday Rush
2027-02-01 19:00:00,332.6,253.0,200,True,Pre-Holiday Rush
2027-02-01 20:00:00,382.6,285.0,200,True,Pre-Holiday Rush
2027-02-01 21:00:00,394.3,308.0,200,True,Pre-Holiday Rush
2027-02-01 22:00:00,383.4,305.0,200,True,Pre-Holiday Rush
2027-02-01 23:00:00,370.6,291.0,200,True,Pre-Holiday Rush
2027-02-02 00:00:00,352.9,267.0,200,True,Pre-Holiday Rush
2027-02-02 01:00:00,325.2,233.0,200,True,Pre-Holiday Rush
2027-02-02 02:00:00,305.1,213.0,200,True,Pre-Holiday Rush
2027-02-02 03:00:00,270.5,195.0,200,True,Pre-Holiday Rush
2027-02-02 04:00:00,270.9,187.0,200,True,Pre-Holiday Rush
2027-02-02 05:00:00,251.4,169.0,200,True,Pre-Holiday Rush
2027-02-02 06:00:00,247.5,171.0,200,True,Pre-Holiday Rush
2027-02-02 07:00:00,236.2,159.0,200,True,Pre-Holiday Rush
2027-02-02 08:00:00,205.9,140.0,200,True,Pre-Holiday Rush
2027-02-02 09:00:00,226.3,153.0,200,True,Pre-Holiday Rush
2027-02-02 10:00:00,264.5,195.0,200,True,Pre-Holiday Rush
2027-02-02 11:00:00,329.3,239.0,200,True,Pre-Holiday Rush
2027-02-02 12:00:00,336.1,243.0,200,True,Pre-Holiday Rush
2027-02-02 13:00:00,323.3,232.0,200,True,Pre-Holiday Rush
2027-02-02 14:00:00,299.7,211.0,200,True,Pre-Holiday Rush
2027-02-02 15:00:00,291.3,202.0,200,True,Pre-Holiday Rush
2027-02-02 16:00:00,291.2,213.0,200,True,Pre-Holiday Rush
2027-02-02 17:00:00,345.8,255.0,200,True,Pre-Holiday Rush
2027-02-02 18:00:00,367.7,278.0,200,True,Pre-Holiday Rush
2027-02-02 19:00:00,371.6,289.0,200,True,Pre-Holiday Rush
2027-02-02 20:00:00,419.8,335.0,200,True,Pre-Holiday Rush
2027-02-02 21:00:00,429.3,345.0,200,True,Pre-Holiday Rush
2027-02-02 22:00:00,436.7,355.0,200,True,Pre-Holiday Rush
2027-02-02 23:00:00,419.0,333.0,200,True,Pre-Holiday Rush
2027-02-03 00:00:00,406.5,321.0,200,True,Pre-Holiday Rush
2027-02-03 01:00:00,374.9,288.0,200,True,Pre-Holiday Rush
2027-02-03 02:00:00,355.2,275.0,200,True,Pre-Holiday Rush
2027-02-03 03:00:00,329.3,253.0,200,True,Pre-Holiday Rush
2027-02-03 04:00:00,326.4,251.0,200,True,Pre-Holiday Rush
2027-02-03 05:00:00,328.3,248.0,200,True,Pre-Holiday Rush
2027-02-03 06:00:00,308.4,234.0,200,True,Pre-Holiday Rush
2027-02-03 07:00:00,318.6,246.0,200,True,Pre-Holiday Rush
2027-02-03 08:00:00,315.8,246.0,200,True,Pre-Holiday Rush
2027-02-03 09:00:00,338.2,267.0,200,True,Pre-Holiday Rush
2027-02-03 10:00:00,375.9,297.0,200,True,Pre-Holiday Rush
2027-02-03 11:00:00,398.5,323.0,200,True,Pre-Holiday Rush
2027-02-03 12:00:00,419.7,335.0,200,True,Pre-Holiday Rush
2027-02-03 13:00:00,404.4,327.0,200,True,Pre-Holiday Rush
2027-02-03 14:00:00,402.6,327.0,200,True,Pre-Holiday Rush
2027-02-03 15:00:00,415.9,337.0,200,True,Pre-Holiday Rush
2027-02-03 16:00:00,437.7,366.0,200,True,Pre-Holiday Rush
2027-02-03 17:00:00,457.1,388.0,200,True,Pre-Holiday Rush
2027-02-03 18:00:00,500.0,437.0,200,True,Pre-Holiday Rush
2027-02-03 19:00:00,500.0,472.0,200,True,Pre-Holiday Rush
2027-02-03 20:00:00,500.0,500.0,200,True,Pre-Holiday Rush
2027-02-03 21:00:00,500.0,500.0,200,True,Pre-Holiday Rush
2027-02-03 22:00:00,500.0,500.0,200,True,Pre-Holiday Rush
2027-02-03 23:00:00,499.9,497.0,200,True,Pre-Holiday Rush
2027-02-04 00:00:00,493.2,493.0,200,True,Pre-Holiday Rush
2027-02-04 01:00:00,487.1,489.0,200,True,Pre-Holiday Rush
2027-02-04 02:00:00,484.0,479.0,200,True,Pre-Holiday Rush
2027-02-04 03:00:00,476.2,472.0,200,True,Pre-Holiday Rush
2027-02-04 04:00:00,456.3,445.0,200,True,Pre-Holiday Rush
2027-02-04 05:00:00,446.4,440.0,200,True,Pre-Holiday Rush
2027-02-04 06:00:00,427.5,431.0,200,True,Pre-Holiday Rush
2027-02-04 07:00:00,430.7,438.0,200,True,Pre-Holiday Rush
2027-02-04 08:00:00,425.2,445.0,200,True,Pre-Holiday Rush
2027-02-04 09:00:00,455.0,474.0,200,True,Pre-Holiday Rush
2027-02-04 10:00:00,500.0,500.0,200,True,Pre-Holiday Rush
2027-02-04 11:00:00,500.0,500.0,200,True,Pre-Holiday Rush
2027-02-04 12:00:00,500.0,500.0,200,True,Pre-Holiday Rush
2027-02-04 13:00:00,484.2,489.0,200,True,Pre-Holiday Rush
2027-02-04 14:00:00,461.7,475.0,200,True,Pre-Holiday Rush
2027-02-04 15:00:00,463.2,479.0,200,True,Pre-Holiday Rush
2027-02-04 16:00:00,477.9,498.0,200,True,Pre-Holiday Rush
2027-02-04 17:00:00,500.0,500.0,200,True,Pre-Holiday Rush
2027-02-04 18:00:00,500.0,500.0,200,True,Pre-Holiday Rush
2027-02-04 19:00:00,500.0,500.0,200,True,Pre-Holiday Rush
2027-02-04 20:00:00,500.0,500.0,200,True,Pre-Holiday Rush
2027-02-04 21:00:00,500.0,500.0,200,True,Pre-Holiday Rush
2027-02-04 22:00:00,500.0,500.0,200,True,Pre-Holiday Rush
2027-02-04 23:00:00,490.5,493.0,200,True,Normal
2027-02-05 00:00:00,478.2,489.0,200,True,Normal
2027-02-05 01:00:00,470.9,482.0,200,True,Normal
2027-02-05 02:00:00,463.8,476.0,200,True,Normal
2027-02-05 03:00:00,458.4,472.0,200,True,Normal
2027-02-05 04:00:00,456.2,462.0,200,True,Normal
2027-02-05 05:00:00,431.1,438.0,200,True,Normal
2027-02-05 06:00:00,420.8,421.0,200,True,Normal
2027-02-05 07:00:00,412.8,404.0,200,True,Normal
2027-02-05 08:00:00,407.3,385.0,200,True,Normal
2027-02-05 09:00:00,384.5,349.0,200,True,Normal
2027-02-05 10:00:00,339.5,311.0,200,True,Normal
2027-02-05 11:00:00,294.5,273.0,200,True,Normal
2027-02-05 12:00:00,253.0,228.0,200,True,Normal
2027-02-05 13:00:00,208.0,191.0,200,True,Normal
2027-02-05 14:00:00,167.5,154.0,200,False,Normal
2027-02-05 15:00:00,126.1,120.0,200,False,Normal
2027-02-05 16:00:00,87.2,83.0,200,False,Normal
2027-02-05 17:00:00,48.6,60.0,200,False,Normal
2027-02-05 18:00:00,34.1,36.0,200,False,Normal
2027-02-05 19:00:00,22.6,25.0,200,False,Normal
2027-02-05 20:00:00,16.9,18.0,200,False,Normal
2027-02-05 21:00:00,14.1,15.0,200,False,Normal
2027-02-05 22:00:00,11.7,14.0,200,False,Normal
2027-02-05 23:00:00,11.8,13.0,200,False,Normal
2027-02-06 00:00:00,11.4,12.0,200,False,Normal
2027-02-06 01:00:00,9.6,14.0,200,False,Normal
2027-02-06 02:00:00,12.3,14.0,200,False,Normal
2027-02-06 03:00:00,12.1,10.0,200,False,Normal
2027-02-06 04:00:00,8.2,9.0,200,False,Normal
2027-02-06 05:00:00,6.9,13.0,200,False,Normal
2027-02-06 06:00:00,13.8,14.0,200,False,Normal
2027-02-06 07:00:00,14.5,12.0,200,False,Normal
2027-02-06 08:00:00,9.6,12.0,200,False,Normal
2027-02-06 09:00:00,6.8,14.0,200,False,Normal
2027-02-06 10:00:00,9.0,12.0,200,False,Normal
2027-02-06 11:00:00,6.2,10.0,200,False,Normal
2027-02-06 12:00:00,6.1,7.0,200,False,Normal
2027-02-06 13:00:00,4.2,5.0,200,False,Normal
2027-02-06 14:00:00,3.2,7.0,200,False,Normal
2027-02-06 15:00:00,4.7,9.0,200,False,Normal
2027-02-06 16:00:00,7.6,14.0,200,False,Normal
2027-02-06 17:00:00,13.5,16.0,200,False,Normal
2027-02-06 18:00:00,13.9,18.0,200,False,Normal
2027-02-06 19:00:00,17.2,16.0,200,False,Normal
2027-02-06 20:00:00,13.3,18.0,200,False,Normal
2027-02-06 21:00:00,14.3,19.0,200,False,Normal
2027-02-06 22:00:00,15.8,18.0,200,False,Normal
2027-02-06 23:00:00,14.5,20.0,200,False,Normal
2027-02-07 00:00:00,16.8,20.0,200,False,Normal
2027-02-07 01:00:00,15.7,22.0,200,False,Normal
2027-02-07 02:00:00,17.3,21.0,200,False,Normal
2027-02-07 03:00:00,16.2,20.0,200,False,Normal
2027-02-07 04:00:00,15.2,18.0,200,False,Normal
2027-02-07 05:00:00,14.4,15.0,200,False,Normal
2027-02-07 06:00:00,12.6,12.0,200,False,Normal
2027-02-07 07:00:00,11.9,11.0,200,False,Normal
2027-02-07 08:00:00,12.3,9.0,200,False,Normal
2027-02-07 09:00:00,8.6,9.0,200,False,Normal
2027-02-07 10:00:00,7.4,10.0,200,False,Normal
2027-02-07 11:00:00,8.7,14.0,200,False,Normal
2027-02-07 12:00:00,12.5,15.0,200,False,Normal
2027-02-07 13:00:00,14.4,13.0,200,False,Normal
2027-02-07 14:00:00,11.8,12.0,200,False,Normal
2027-02-07 15:00:00,9.3,13.0,200,False,Normal
2027-02-07 16:00:00,9.2,10.0,200,False,Normal
2027-02-07 17:00:00,7.4,9.0,200,False,Normal
2027-02-07 18:00:00,7.2,14.0,200,False,Normal
2027-02-07 19:00:00,12.5,16.0,200,False,Normal
2027-02-07 20:00:00,13.4,17.0,200,False,Normal
2027-02-07 21:00:00,13.5,21.0,200,False,Normal
2027-02-07 22:00:00,16.8,20.0,200,False,Normal
2027-02-07 23:00:00,15.3,18.0,200,False,Normal
2027-02-08 00:00:00,12.7,13.0,200,False,Normal
2027-02-08 01:00:00,9.2,7.0,200,False,Normal
2027-02-08 02:00:00,4.2,5.0,200,False,Normal
2027-02-08 03:00:00,2.2,7.0,200,False,Normal
2027-02-08 04:00:00,6.0,7.0,200,False,Normal
2027-02-08 05:00:00,6.7,6.0,200,False,Normal
2027-02-08 06:00:00,10.1,10.0,200,False,Normal
2027-02-08 07:00:00,11.0,16.0,200,False,Normal
2027-02-08 08:00:00,17.8,15.0,200,False,Normal
2027-02-08 09:00:00,12.2,14.0,200,False,Normal
2027-02-08 10:00:00,8.5,14.0,200,False,Normal
2027-02-08 11:00:00,6.3,13.0,200,False,Normal
2027-02-08 12:00:00,7.6,14.0,200,False,Normal
2027-02-08 13:00:00,10.1,12.0,200,False,Normal
2027-02-08 14:00:00,9.4,9.0,200,False,Normal
2027-02-08 15:00:00,6.0,10.0,200,False,Normal
2027-02-08 16:00:00,8.7,14.0,200,False,Normal
2027-02-08 17:00:00,11.5,17.0,200,False,Normal
2027-02-08 18:00:00,14.8,18.0,200,False,Normal
2027-02-08 19:00:00,16.4,21.0,200,False,Normal
2027-02-08 20:00:00,18.0,21.0,200,False,Normal
2027-02-08 21:00:00,16.7,20.0,200,False,Normal
2027-02-08 22:00:00,15.9,16.0,200,False,Normal
2027-02-08 23:00:00,12.6,12.0,200,False,Normal
2027-02-09 00:00:00,8.8,11.0,200,False,Normal
2027-02-09 01:00:00,7.5,13.0,200,False,Normal
2027-02-09 02:00:00,9.8,15.0,200,False,Normal
2027-02-09 03:00:00,12.7,14.0,200,False,Normal
2027-02-09 04:00:00,11.9,12.0,200,False,Normal
2027-02-09 05:00:00,9.6,8.0,200,False,Normal
2027-02-09 06:00:00,7.4,9.0,200,False,Normal
2027-02-09 07:00:00,9.6,12.0,200,False,Normal
2027-02-09 08:00:00,12.0,12.0,200,False,Normal
2027-02-09 09:00:00,9.6,16.0,200,False,Normal
2027-02-09 10:00:00,12.8,15.0,200,False,Normal
2027-02-09 11:00:00,10.2,18.0,200,False,Normal
2027-02-09 12:00:00,16.7,18.0,200,False,Normal
2027-02-09 13:00:00,15.7,12.0,200,False,Normal
2027-02-09 14:00:00,8.2,9.0,200,False,Normal
2027-02-09 15:00:00,7.4,6.0,200,False,Normal
2027-02-09 16:00:00,4.8,6.0,200,False,Normal
2027-02-09 17:00:00,4.5,5.0,200,False,Normal
2027-02-09 18:00:00,3.9,9.0,200,False,Normal
2027-02-09 19:00:00,8.3,8.0,200,False,Normal
2027-02-09 20:00:00,6.8,7.0,200,False,Normal
2027-02-09 21:00:00,6.1,9.0,200,False,Normal
2027-02-09 22:00:00,8.3,8.0,200,False,Normal
2027-02-09 23:00:00,7.5,7.0,200,False,Normal
2027-02-10 00:00:00,6.7,11.0,200,False,Normal
2027-02-10 01:00:00,10.6,14.0,200,False,Normal
2027-02-10 02:00:00,13.1,16.0,200,False,Normal
2027-02-10 03:00:00,13.0,15.0,200,False,Normal
2027-02-10 04:00:00,10.2,12.0,200,False,Normal
2027-02-10 05:00:00,8.4,11.0,200,False,Normal
2027-02-10 06:00:00,11.1,20.0,200,False,Normal
2027-02-10 07:00:00,24.0,26.0,200,False,Normal
2027-02-10 08:00:00,31.6,40.0,200,False,Normal
2027-02-10 09:00:00,44.8,54.0,200,False,Normal
2027-02-10 10:00:00,54.4,65.0,200,False,Normal
2027-02-10 11:00:00,81.5,82.0,200,False,Normal
2027-02-10 12:00:00,83.9,85.0,200,False,Normal
2027-02-10 13:00:00,78.4,74.0,200,False,Normal
2027-02-10 14:00:00,58.2,63.0,200,False,Normal
2027-02-10 15:00:00,53.4,60.0,200,False,Normal
2027-02-10 16:00:00,50.6,62.0,200,False,Normal
2027-02-10 17:00:00,49.8,64.0,200,False,Normal
2027-02-10 18:00:00,62.8,82.0,200,False,Normal
2027-02-10 19:00:00,81.4,101.0,200,False,Normal
2027-02-10 20:00:00,115.4,127.0,200,False,Normal
2027-02-10 21:00:00,108.2,119.0,200,False,Normal
2027-02-10 22:00:00,103.7,125.0,200,False,Normal
2027-02-10 23:00:00,102.5,120.0,200,False,Normal
2027-02-11 00:00:00,90.9,113.0,200,False,Normal
2027-02-11 01:00:00,80.3,104.0,200,False,Normal
2027-02-11 02:00:00,68.7,96.0,200,False,Normal
2027-02-11 03:00:00,44.2,74.0,200,False,Normal
2027-02-11 04:00:00,36.4,76.0,200,False,Normal
2027-02-11 05:00:00,39.4,74.0,200,False,Normal
2027-02-11 06:00:00,33.5,47.0,200,False,Normal
2027-02-11 07:00:00,30.1,41.0,200,False,Normal
2027-02-11 08:00:00,36.5,45.0,200,False,Normal
2027-02-11 09:00:00,44.5,51.0,200,False,Normal
2027-02-11 10:00:00,48.4,60.0,200,False,Normal
2027-02-11 11:00:00,65.2,61.0,200,False,Normal
2027-02-11 12:00:00,68.2,67.0,200,False,Normal
2027-02-11 13:00:00,50.9,51.0,200,False,Normal
2027-02-11 14:00:00,43.0,53.0,200,False,Normal
2027-02-11 15:00:00,48.2,59.0,200,False,Normal
2027-02-11 16:00:00,53.9,67.0,200,False,Normal
2027-02-11 17:00:00,74.1,84.0,200,False,Normal
2027-02-11 18:00:00,87.0,101.0,200,False,Normal
2027-02-11 19:00:00,87.3,107.0,200,False,Normal
2027-02-11 20:00:00,115.4,140.0,200,False,Normal
2027-02-11 21:00:00,133.1,161.0,200,False,Normal
2027-02-11 22:00:00,141.6,170.0,200,False,Normal
2027-02-11 23:00:00,127.4,157.0,200,False,Normal
2027-02-12 00:00:00,110.5,134.0,200,False,Normal
2027-02-12 01:00:00,98.5,125.0,200,False,Normal
2027-02-12 02:00:00,88.5,108.0,200,False,Normal
2027-02-12 03:00:00,71.0,92.0,200,False,Normal
2027-02-12 04:00:00,55.6,76.0,200,False,Normal
2027-02-12 05:00:00,40.7,74.0,200,False,Normal
2027-02-12 06:00:00,33.8,51.0,200,False,Normal
2027-02-12 07:00:00,32.4,45.0,200,False,Normal
2027-02-12 08:00:00,38.6,50.0,200,False,Normal
2027-02-12 09:00:00,47.4,56.0,200,False,Normal
2027-02-12 10:00:00,51.9,60.0,200,False,Normal
2027-02-12 11:00:00,68.0,81.0,200,False,Normal
2027-02-12 12:00:00,77.0,84.0,200,False,Normal
2027-02-12 13:00:00,54.3,61.0,200,False,Normal
2027-02-12 14:00:00,47.0,57.0,200,False,Normal
2027-02-12 15:00:00,49.7,61.0,200,False,Normal
2027-02-12 16:00:00,53.5,67.0,200,False,Normal
2027-02-12 17:00:00,55.6,67.0,200,False,Normal
2027-02-12 18:00:00,73.6,80.0,200,False,Normal
2027-02-12 19:00:00,68.1,66.0,200,False,Normal
2027-02-12 20:00:00,66.6,61.0,200,False,Normal
2027-02-12 21:00:00,59.4,69.0,200,False,Normal
2027-02-12 22:00:00,57.8,73.0,200,False,Normal
2027-02-12 23:00:00,41.5,55.0,200,False,Normal
2027-02-13 00:00:00,26.2,37.0,200,False,Normal
2027-02-13 01:00:00,20.0,29.0,200,False,Normal
2027-02-13 02:00:00,18.2,24.0,200,False,Normal
2027-02-13 03:00:00,17.2,21.0,200,False,Normal
2027-02-13 04:00:00,15.1,19.0,200,False,Normal
2027-02-13 05:00:00,14.2,18.0,200,False,Normal
2027-02-13 06:00:00,18.6,19.0,200,False,Normal
2027-02-13 07:00:00,20.4,21.0,200,False,Normal
2027-02-13 08:00:00,22.9,26.0,200,False,Normal
2027-02-13 09:00:00,27.7,31.0,200,False,Normal
2027-02-13 10:00:00,30.1,37.0,200,False,Normal
2027-02-13 11:00:00,31.3,34.0,200,False,Normal
2027-02-13 12:00:00,24.6,34.0,200,False,Normal
2027-02-13 13:00:00,28.0,37.0,200,False,Normal
2027-02-13 14:00:00,35.4,45.0,200,False,Normal
2027-02-13 15:00:00,48.9,50.0,200,False,Normal
2027-02-13 16:00:00,48.7,53.0,200,False,Normal
2027-02-13 17:00:00,49.9,57.0,200,False,Normal
2027-02-13 18:00:00,44.7,51.0,200,False,Normal
2027-02-13 19:00:00,37.9,49.0,200,False,Normal
2027-02-13 20:00:00,41.3,43.0,200,False,Normal
2027-02-13 21:00:00,37.0,42.0,200,False,Normal
2027-02-13 22:00:00,27.6,42.0,200,False,Normal
2027-02-13 23:00:00,24.3,38.0,200,False,Normal
2027-02-14 00:00:00,19.8,35.0,200,False,Normal
2027-02-14 01:00:00,18.4,31.0,200,False,Normal
2027-02-14 02:00:00,17.9,27.0,200,False,Normal
2027-02-14 03:00:00,18.8,21.0,200,False,Normal
2027-02-14 04:00:00,15.0,18.0,200,False,Normal
2027-02-14 05:00:00,12.8,14.0,200,False,Normal
2027-02-14 06:00:00,12.0,12.0,200,False,Normal
2027-02-14 07:00:00,11.0,8.0,200,False,Normal
2027-02-14 08:00:00,8.9,15.0,200,False,Normal
2027-02-14 09:00:00,18.1,21.0,200,False,Normal
2027-02-14 10:00:00,22.2,25.0,200,False,Normal
2027-02-14 11:00:00,20.6,24.0,200,False,Normal
2027-02-14 12:00:00,16.8,21.0,200,False,Normal
2027-02-14 13:00:00,15.5,21.0,200,False,Normal
2027-02-14 14:00:00,18.8,21.0,200,False,Normal
2027-02-14 15:00:00,18.4,27.0,200,False,Normal
2027-02-14 16:00:00,25.5,30.0,200,False,Normal
2027-02-14 17:00:00,25.5,30.0,200,False,Normal
2027-02-14 18:00:00,24.4,30.0,200,False,Normal
2027-02-14 19:00:00,24.6,32.0,200,False,Normal
2027-02-14 20:00:00,23.3,25.0,200,False,Normal
2027-02-14 21:00:00,17.5,21.0,200,False,Normal
2027-02-14 22:00:00,14.5,17.0,200,False,Normal
2027-02-14 23:00:00,12.6,14.0,200,False,Normal
2027-02-15 00:00:00,10.9,13.0,200,False,Post-Holiday Recovery
2027-02-15 01:00:00,11.5,17.0,200,False,Post-Holiday Recovery
2027-02-15 02:00:00,15.2,21.0,200,False,Post-Holiday Recovery
2027-02-15 03:00:00,17.1,23.0,200,False,Post-Holiday Recovery
2027-02-15 04:00:00,18.8,21.0,200,False,Post-Holiday Recovery
2027-02-15 05:00:00,17.5,18.0,200,False,Post-Holiday Recovery
2027-02-15 06:00:00,19.7,28.0,200,False,Post-Holiday Recovery
2027-02-15 07:00:00,29.3,36.0,200,False,Post-Holiday Recovery
2027-02-15 08:00:00,40.5,59.0,200,False,Post-Holiday Recovery
2027-02-15 09:00:00,59.4,77.0,200,False,Post-Holiday Recovery
2027-02-15 10:00:00,83.5,108.0,200,False,Post-Holiday Recovery
2027-02-15 11:00:00,135.5,146.0,200,False,Post-Holiday Recovery
2027-02-15 12:00:00,164.7,166.0,200,False,Post-Holiday Recovery
2027-02-15 13:00:00,163.8,160.0,200,False,Post-Holiday Recovery
2027-02-15 14:00:00,143.6,143.0,200,False,Post-Holiday Recovery
2027-02-15 15:00:00,122.6,127.0,200,False,Post-Holiday Recovery
2027-02-15 16:00:00,121.0,139.0,200,False,Post-Holiday Recovery
2027-02-15 17:00:00,169.9,183.0,200,False,Post-Holiday Recovery
2027-02-15 18:00:00,177.5,192.0,200,False,Post-Holiday Recovery
2027-02-15 19:00:00,216.4,224.0,200,True,Post-Holiday Recovery
2027-02-15 20:00:00,247.9,244.0,200,True,Post-Holiday Recovery
2027-02-15 21:00:00,253.4,247.0,200,True,Post-Holiday Recovery
2027-02-15 22:00:00,260.5,250.0,200,True,Post-Holiday Recovery
2027-02-15 23:00:00,256.4,235.0,200,True,Post-Holiday Recovery
2027-02-16 00:00:00,223.2,199.0,200,True,Post-Holiday Recovery
2027-02-16 01:00:00,200.1,188.0,200,True,Post-Holiday Recovery
2027-02-16 02:00:00,191.6,174.0,200,False,Post-Holiday Recovery
2027-02-16 03:00:00,165.0,149.0,200,False,Post-Holiday Recovery
2027-02-16 04:00:00,156.6,150.0,200,False,Post-Holiday Recovery
2027-02-16 05:00:00,160.8,158.0,200,False,Post-Holiday Recovery
2027-02-16 06:00:00,148.5,160.0,200,False,Post-Holiday Recovery
2027-02-16 07:00:00,169.6,171.0,200,False,Post-Holiday Recovery
2027-02-16 08:00:00,155.8,165.0,200,False,Post-Holiday Recovery
2027-02-16 09:00:00,171.0,194.0,200,False,Post-Holiday Recovery
2027-02-16 10:00:00,169.0,204.0,200,False,Post-Holiday Recovery
2027-02-16 11:00:00,228.8,256.0,200,True,Post-Holiday Recovery
2027-02-16 12:00:00,270.5,279.0,200,True,Post-Holiday Recovery
2027-02-16 13:00:00,273.0,272.0,200,True,Post-Holiday Recovery
2027-02-16 14:00:00,239.8,242.0,200,True,Post-Holiday Recovery
2027-02-16 15:00:00,239.9,243.0,200,True,Post-Holiday Recovery
2027-02-16 16:00:00,248.5,256.0,200,True,Post-Holiday Recovery
2027-02-16 17:00:00,300.3,304.0,200,True,Post-Holiday Recovery
2027-02-16 18:00:00,327.9,334.0,200,True,Post-Holiday Recovery
2027-02-16 19:00:00,355.4,357.0,200,True,Post-Holiday Recovery
2027-02-16 20:00:00,403.5,400.0,200,True,Post-Holiday Recovery
2027-02-16 21:00:00,430.0,418.0,200,True,Post-Holiday Recovery
2027-02-16 22:00:00,433.5,418.0,200,True,Post-Holiday Recovery
2027-02-16 23:00:00,410.0,393.0,200,True,Post-Holiday Recovery
2027-02-17 00:00:00,393.8,374.0,200,True,Post-Holiday Recovery
2027-02-17 01:00:00,372.8,359.0,200,True,Post-Holiday Recovery
2027-02-17 02:00:00,344.4,332.0,200,True,Post-Holiday Recovery
2027-02-17 03:00:00,335.4,325.0,200,True,Post-Holiday Recovery
2027-02-17 04:00:00,331.0,312.0,200,True,Post-Holiday Recovery
2027-02-17 05:00:00,318.7,303.0,200,True,Post-Holiday Recovery
2027-02-17 06:00:00,291.3,288.0,200,True,Post-Holiday Recovery
2027-02-17 07:00:00,288.8,288.0,200,True,Post-Holiday Recovery
2027-02-17 08:00:00,252.7,258.0,200,True,Post-Holiday Recovery
2027-02-17 09:00:00,257.2,272.0,200,True,Post-Holiday Recovery
2027-02-17 10:00:00,281.2,304.0,200,True,Post-Holiday Recovery
2027-02-17 11:00:00,341.9,366.0,200,True,Post-Holiday Recovery
2027-02-17 12:00:00,374.1,382.0,200,True,Post-Holiday Recovery
2027-02-17 13:00:00,383.7,378.0,200,True,Post-Holiday Recovery
2027-02-17 14:00:00,360.7,358.0,200,True,Post-Holiday Recovery
2027-02-17 15:00:00,352.8,355.0,200,True,Post-Holiday Recovery
2027-02-17 16:00:00,363.0,371.0,200,True,Post-Holiday Recovery
2027-02-17 17:00:00,390.1,385.0,200,True,Post-Holiday Recovery
2027-02-17 18:00:00,403.6,393.0,200,True,Post-Holiday Recovery
2027-02-17 19:00:00,442.6,421.0,200,True,Post-Holiday Recovery
2027-02-17 20:00:00,461.3,431.0,200,True,Post-Holiday Recovery
2027-02-17 21:00:00,448.6,428.0,200,True,Post-Holiday Recovery
2027-02-17 22:00:00,429.5,419.0,200,True,Post-Holiday Recovery
2027-02-17 23:00:00,428.6,414.0,200,True,Post-Holiday Recovery
2027-02-18 00:00:00,419.7,406.0,200,True,Normal
2027-02-18 01:00:00,394.0,381.0,200,True,Normal
2027-02-18 02:00:00,383.9,362.0,200,True,Normal
2027-02-18 03:00:00,364.9,342.0,200,True,Normal
2027-02-18 04:00:00,345.7,323.0,200,True,Normal
2027-02-18 05:00:00,328.9,301.0,200,True,Normal
2027-02-18 06:00:00,304.2,275.0,200,True,Normal
2027-02-18 07:00:00,284.2,252.0,200,True,Normal
2027-02-18 08:00:00,226.3,201.0,200,True,Normal
2027-02-18 09:00:00,156.3,147.0,200,False,Normal
2027-02-18 10:00:00,152.8,137.0,200,False,Normal
2027-02-18 11:00:00,164.2,140.0,200,False,Normal
2027-02-18 12:00:00,168.4,146.0,200,False,Normal
2027-02-18 13:00:00,143.5,130.0,200,False,Normal
2027-02-18 14:00:00,128.4,116.0,200,False,Normal
2027-02-18 15:00:00,128.6,108.0,200,False,Normal
2027-02-18 16:00:00,134.0,91.0,200,False,Normal
2027-02-18 17:00:00,139.8,94.0,200,False,Normal
2027-02-18 18:00:00,135.5,91.0,200,False,Normal
2027-02-18 19:00:00,145.7,98.0,200,False,Normal
2027-02-18 20:00:00,164.1,114.0,200,False,Normal
2027-02-18 21:00:00,168.5,115.0,200,False,Normal
2027-02-18 22:00:00,146.3,95.0,200,False,Normal
2027-02-18 23:00:00,120.3,79.0,200,False,Normal
2027-02-19 00:00:00,116.3,75.0,200,False,Normal
2027-02-19 01:00:00,108.7,66.0,200,False,Normal
2027-02-19 02:00:00,81.2,45.0,200,False,Normal
2027-02-19 03:00:00,73.4,38.0,200,False,Normal
2027-02-19 04:00:00,51.0,27.0,200,False,Normal
2027-02-19 05:00:00,44.4,24.0,200,False,Normal
2027-02-19 06:00:00,40.5,30.0,200,False,Normal
2027-02-19 07:00:00,54.0,36.0,200,False,Normal
2027-02-19 08:00:00,124.8,48.0,200,False,Normal
2027-02-19 09:00:00,140.9,59.0,200,False,Normal
2027-02-19 10:00:00,148.8,63.0,200,False,Normal
2027-02-19 11:00:00,163.4,78.0,200,False,Normal
2027-02-19 12:00:00,162.6,83.0,200,False,Normal
2027-02-19 13:00:00,141.8,61.0,200,False,Normal
2027-02-19 14:00:00,128.1,55.0,200,False,Normal
2027-02-19 15:00:00,117.2,59.0,200,False,Normal
2027-02-19 16:00:00,112.0,64.0,200,False,Normal
2027-02-19 17:00:00,114.4,68.0,200,False,Normal
2027-02-19 18:00:00,113.7,72.0,200,False,Normal
2027-02-19 19:00:00,99.5,68.0,200,False,Normal
2027-02-19 20:00:00,131.1,100.0,200,False,Normal
2027-02-19 21:00:00,136.9,98.0,200,False,Normal
2027-02-19 22:00:00,138.0,105.0,200,False,Normal
2027-02-19 23:00:00,139.1,101.0,200,False,Normal
2027-02-20 00:00:00,115.9,79.0,200,False,Normal
2027-02-20 01:00:00,105.5,65.0,200,False,Normal
2027-02-20 02:00:00,74.3,32.0,200,False,Normal
2027-02-20 03:00:00,46.3,16.0,200,False,Normal
2027-02-20 04:00:00,41.9,9.0,200,False,Normal
2027-02-20 05:00:00,31.7,7.0,200,False,Normal
2027-02-20 06:00:00,32.5,12.0,200,False,Normal
2027-02-20 07:00:00,62.1,18.0,200,False,Normal
2027-02-20 08:00:00,102.1,29.0,200,False,Normal
2027-02-20 09:00:00,121.6,36.0,200,False,Normal
2027-02-20 10:00:00,114.7,44.0,200,False,Normal
2027-02-20 11:00:00,118.1,52.0,200,False,Normal
2027-02-20 12:00:00,117.7,51.0,200,False,Normal
2027-02-20 13:00:00,117.0,45.0,200,False,Normal
2027-02-20 14:00:00,138.4,47.0,200,False,Normal
2027-02-20 15:00:00,143.0,49.0,200,False,Normal
2027-02-20 16:00:00,141.6,53.0,200,False,Normal
2027-02-20 17:00:00,143.5,56.0,200,False,Normal
2027-02-20 18:00:00,138.5,49.0,200,False,Normal
2027-02-20 19:00:00,132.4,44.0,200,False,Normal
2027-02-20 20:00:00,141.8,50.0,200,False,Normal
2027-02-20 21:00:00,108.3,34.0,200,False,Normal
2027-02-20 22:00:00,82.2,25.0,200,False,Normal
2027-02-20 23:00:00,53.1,20.0,200,False,Normal
2027-02-21 00:00:00,44.6,15.0,200,False,Normal
2027-02-21 01:00:00,47.5,12.0,200,False,Normal
2027-02-21 02:00:00,49.9,7.0,200,False,Normal
2027-02-21 03:00:00,42.9,5.0,200,False,Normal
2027-02-21 04:00:00,39.0,5.0,200,False,Normal
2027-02-21 05:00:00,41.0,4.0,200,False,Normal
2027-02-21 06:00:00,50.4,11.0,200,False,Normal
2027-02-21 07:00:00,77.8,13.0,200,False,Normal
2027-02-21 08:00:00,105.8,15.0,200,False,Normal
2027-02-21 09:00:00,127.6,19.0,200,False,Normal
2027-02-21 10:00:00,152.6,23.0,200,False,Normal
2027-02-21 11:00:00,155.2,19.0,200,False,Normal
2027-02-21 12:00:00,144.6,17.0,200,False,Normal
2027-02-21 13:00:00,148.3,18.0,200,False,Normal
2027-02-21 14:00:00,155.6,22.0,200,False,Normal
2027-02-21 15:00:00,154.0,28.0,200,False,Normal
2027-02-21 16:00:00,154.3,34.0,200,False,Normal
2027-02-21 17:00:00,151.9,31.0,200,False,Normal
2027-02-21 18:00:00,146.2,28.0,200,False,Normal
2027-02-21 19:00:00,140.9,27.0,200,False,Normal
2027-02-21 20:00:00,132.3,24.0,200,False,Normal
2027-02-21 21:00:00,122.4,18.0,200,False,Normal
2027-02-21 22:00:00,101.9,14.0,200,False,Normal
2027-02-21 23:00:00,82.3,11.0,200,False,Normal
2027-02-22 00:00:00,63.3,9.0,200,False,Normal
2027-02-22 01:00:00,62.9,8.0,200,False,Normal
2027-02-22 02:00:00,64.1,6.0,200,False,Normal
2027-02-22 03:00:00,55.0,8.0,200,False,Normal
2027-02-22 04:00:00,55.7,8.0,200,False,Normal
2027-02-22 05:00:00,43.3,11.0,200,False,Normal
2027-02-22 06:00:00,47.0,19.0,200,False,Normal
2027-02-22 07:00:00,90.6,26.0,200,False,Normal
2027-02-22 08:00:00,147.9,36.0,200,False,Normal
2027-02-22 09:00:00,178.8,45.0,200,False,Normal
2027-02-22 10:00:00,180.3,53.0,200,False,Normal
2027-02-22 11:00:00,193.3,63.0,200,False,Normal
2027-02-22 12:00:00,189.7,56.0,200,False,Normal
2027-02-22 13:00:00,167.5,50.0,200,False,Normal
2027-02-22 14:00:00,144.8,54.0,200,False,Normal
2027-02-22 15:00:00,153.5,63.0,200,False,Normal
2027-02-22 16:00:00,164.8,68.0,200,False,Normal
2027-02-22 17:00:00,185.0,88.0,200,False,Normal
2027-02-22 18:00:00,172.1,68.0,200,False,Normal
2027-02-22 19:00:00,172.9,73.0,200,False,Normal
2027-02-22 20:00:00,188.4,94.0,200,False,Normal
2027-02-22 21:00:00,195.8,111.0,200,False,Normal
2027-02-22 22:00:00,189.4,107.0,200,False,Normal
2027-02-22 23:00:00,178.7,93.0,200,False,Normal
2027-02-23 00:00:00,160.2,70.0,200,False,Normal
2027-02-23 01:00:00,146.8,48.0,200,False,Normal
2027-02-23 02:00:00,122.4,24.0,200,False,Normal
2027-02-23 03:00:00,95.2,14.0,200,False,Normal
2027-02-23 04:00:00,58.6,10.0,200,False,Normal
2027-02-23 05:00:00,28.2,14.0,200,False,Normal
2027-02-23 06:00:00,28.8,25.0,200,False,Normal
2027-02-23 07:00:00,83.8,31.0,200,False,Normal
2027-02-23 08:00:00,145.1,42.0,200,False,Normal
2027-02-23 09:00:00,142.2,58.0,200,False,Normal
2027-02-23 10:00:00,146.6,66.0,200,False,Normal
2027-02-23 11:00:00,178.4,82.0,200,False,Normal
2027-02-23 12:00:00,175.2,83.0,200,False,Normal
2027-02-23 13:00:00,149.0,61.0,200,False,Normal
2027-02-23 14:00:00,137.8,62.0,200,False,Normal
2027-02-23 15:00:00,158.1,66.0,200,False,Normal
2027-02-23 16:00:00,180.6,70.0,200,False,Normal
2027-02-23 17:00:00,187.7,65.0,200,False,Normal
2027-02-23 18:00:00,182.6,59.0,200,False,Normal
2027-02-23 19:00:00,188.5,66.0,200,False,Normal
2027-02-23 20:00:00,214.2,88.0,200,True,Normal
2027-02-23 21:00:00,215.2,95.0,200,True,Normal
2027-02-23 22:00:00,195.4,80.0,200,False,Normal
2027-02-23 23:00:00,173.6,64.0,200,False,Normal
2027-02-24 00:00:00,167.9,49.0,200,False,Normal
2027-02-24 01:00:00,147.4,26.0,200,False,Normal
2027-02-24 02:00:00,109.5,18.0,200,False,Normal
2027-02-24 03:00:00,92.0,11.0,200,False,Normal
2027-02-24 04:00:00,66.5,11.0,200,False,Normal
2027-02-24 05:00:00,52.1,14.0,200,False,Normal
2027-02-24 06:00:00,52.8,22.0,200,False,Normal
2027-02-24 07:00:00,99.2,32.0,200,False,Normal
2027-02-24 08:00:00,166.7,45.0,200,False,Normal
2027-02-24 09:00:00,169.7,60.0,200,False,Normal
2027-02-24 10:00:00,179.1,69.0,200,False,Normal
2027-02-24 11:00:00,199.3,84.0,200,False,Normal
2027-02-24 12:00:00,198.3,83.0,200,False,Normal
2027-02-24 13:00:00,201.3,68.0,200,True,Normal
2027-02-24 14:00:00,240.0,60.0,200,True,Normal
2027-02-24 15:00:00,235.7,59.0,200,True,Normal
2027-02-24 16:00:00,223.8,63.0,200,True,Normal
2027-02-24 17:00:00,224.1,64.0,200,True,Normal
2027-02-24 18:00:00,239.6,82.0,200,True,Normal
2027-02-24 19:00:00,224.5,74.0,200,True,Normal
2027-02-24 20:00:00,254.7,110.0,200,True,Normal
2027-02-24 21:00:00,260.3,113.0,200,True,Normal
2027-02-24 22:00:00,266.5,118.0,200,True,Normal
2027-02-24 23:00:00,248.6,104.0,200,True,Normal
2027-02-25 00:00:00,231.6,83.0,200,True,Normal
2027-02-25 01:00:00,220.5,75.0,200,True,Normal
2027-02-25 02:00:00,195.1,44.0,200,False,Normal
2027-02-25 03:00:00,176.8,24.0,200,False,Normal
2027-02-25 04:00:00,156.6,14.0,200,False,Normal
2027-02-25 05:00:00,119.2,12.0,200,False,Normal
2027-02-25 06:00:00,106.5,18.0,200,False,Normal
2027-02-25 07:00:00,146.3,26.0,200,False,Normal
2027-02-25 08:00:00,199.5,37.0,200,False,Normal
2027-02-25 09:00:00,215.8,48.0,200,True,Normal
2027-02-25 10:00:00,214.7,57.0,200,True,Normal
2027-02-25 11:00:00,230.0,78.0,200,True,Normal
2027-02-25 12:00:00,236.0,94.0,200,True,Normal
2027-02-25 13:00:00,213.1,73.0,200,True,Normal
2027-02-25 14:00:00,219.4,70.0,200,True,Normal
2027-02-25 15:00:00,241.8,73.0,200,True,Normal
2027-02-25 16:00:00,247.7,77.0,200,True,Normal
2027-02-25 17:00:00,257.5,84.0,200,True,Normal
2027-02-25 18:00:00,275.8,96.0,200,True,Normal
2027-02-25 19:00:00,282.5,111.0,200,True,Normal
2027-02-25 20:00:00,313.9,127.0,200,True,Normal
2027-02-25 21:00:00,316.7,142.0,200,True,Normal
2027-02-25 22:00:00,322.5,146.0,200,True,Normal
2027-02-25 23:00:00,322.2,142.0,200,True,Normal
2027-02-26 00:00:00,314.5,136.0,200,True,Normal
2027-02-26 01:00:00,306.0,122.0,200,True,Normal
2027-02-26 02:00:00,275.7,81.0,200,True,Normal
2027-02-26 03:00:00,249.1,59.0,200,True,Normal
2027-02-26 04:00:00,227.4,35.0,200,True,Normal
2027-02-26 05:00:00,203.7,21.0,200,True,Normal
2027-02-26 06:00:00,186.2,19.0,200,False,Normal
2027-02-26 07:00:00,156.3,23.0,200,False,Normal
2027-02-26 08:00:00,198.6,37.0,200,False,Normal
2027-02-26 09:00:00,206.1,52.0,200,True,Normal
2027-02-26 10:00:00,202.4,65.0,200,True,Normal
2027-02-26 11:00:00,229.6,94.0,200,True,Normal
2027-02-26 12:00:00,242.5,108.0,200,True,Normal
2027-02-26 13:00:00,242.9,107.0,200,True,Normal
2027-02-26 14:00:00,210.7,81.0,200,True,Normal
2027-02-26 15:00:00,215.5,72.0,200,True,Normal
2027-02-26 16:00:00,220.5,74.0,200,True,Normal
2027-02-26 17:00:00,233.3,81.0,200,True,Normal
2027-02-26 18:00:00,251.1,106.0,200,True,Normal
2027-02-26 19:00:00,245.7,94.0,200,True,Normal
2027-02-26 20:00:00,262.2,109.0,200,True,Normal
2027-02-26 21:00:00,277.2,118.0,200,True,Normal
2027-02-26 22:00:00,275.9,124.0,200,True,Normal
2027-02-26 23:00:00,276.4,120.0,200,True,Normal
2027-02-27 00:00:00,253.4,106.0,200,True,Normal
2027-02-27 01:00:00,237.6,81.0,200,True,Normal
2027-02-27 02:00:00,208.2,45.0,200,True,Normal
2027-02-27 03:00:00,169.4,27.0,200,False,Normal
2027-02-27 04:00:00,138.5,20.0,200,False,Normal
2027-02-27 05:00:00,111.6,17.0,200,False,Normal
2027-02-27 06:00:00,106.3,23.0,200,False,Normal
2027-02-27 07:00:00,149.3,24.0,200,False,Normal
2027-02-27 08:00:00,190.2,33.0,200,False,Normal
2027-02-27 09:00:00,210.2,44.0,200,True,Normal
2027-02-27 10:00:00,236.2,52.0,200,True,Normal
2027-02-27 11:00:00,244.8,52.0,200,True,Normal
2027-02-27 12:00:00,232.7,49.0,200,True,Normal
2027-02-27 13:00:00,236.9,40.0,200,True,Normal
2027-02-27 14:00:00,256.4,41.0,200,True,Normal
2027-02-27 15:00:00,273.3,39.0,200,True,Normal
2027-02-27 16:00:00,255.9,44.0,200,True,Normal
2027-02-27 17:00:00,252.6,45.0,200,True,Normal
2027-02-27 18:00:00,257.0,44.0,200,True,Normal
2027-02-27 19:00:00,236.9,38.0,200,True,Normal
2027-02-27 20:00:00,215.1,29.0,200,True,Normal
2027-02-27 21:00:00,187.9,23.0,200,False,Normal
2027-02-27 22:00:00,173.8,20.0,200,False,Normal
2027-02-27 23:00:00,145.2,17.0,200,False,Normal
2027-02-28 00:00:00,115.7,13.0,200,False,Normal
2027-02-28 01:00:00,116.6,12.0,200,False,Normal
2027-02-28 02:00:00,112.2,9.0,200,False,Normal
2027-02-28 03:00:00,104.2,10.0,200,False,Normal
2027-02-28 04:00:00,100.8,10.0,200,False,Normal
2027-02-28 05:00:00,98.6,11.0,200,False,Normal
2027-02-28 06:00:00,104.5,16.0,200,False,Normal
2027-02-28 07:00:00,134.6,22.0,200,False,Normal
2027-02-28 08:00:00,173.3,24.0,200,False,Normal
2027-02-28 09:00:00,194.2,31.0,200,False,Normal
2027-02-28 10:00:00,211.0,36.0,200,True,Normal
2027-02-28 11:00:00,222.8,33.0,200,True,Normal
2027-02-28 12:00:00,221.8,26.0,200,True,Normal
2027-02-28 13:00:00,233.8,20.0,200,True,Normal
2027-02-28 14:00:00,226.9,21.0,200,True,Normal
2027-02-28 15:00:00,223.6,30.0,200,True,Normal
2027-02-28 16:00:00,226.4,33.0,200,True,Normal
2027-02-28 17:00:00,220.9,34.0,200,True,Normal
2027-02-28 18:00:00,221.2,31.0,200,True,Normal
2027-02-28 19:00:00,212.9,28.0,200,True,Normal
2027-02-28 20:00:00,198.2,22.0,200,False,Normal
2027-02-28 21:00:00,182.6,21.0,200,False,Normal
2027-02-28 22:00:00,172.4,18.0,200,False,Normal
2027-02-28 23:00:00,158.8,15.0,200,False,Normal
2027-03-01 00:00:00,130.5,15.0,200,False,Normal
2027-03-01 01:00:00,120.8,11.0,200,False,Normal
2027-03-01 02:00:00,118.2,9.0,200,False,Normal
2027-03-01 03:00:00,107.8,11.0,200,False,Normal
2027-03-01 04:00:00,106.4,15.0,200,False,Normal
2027-03-01 05:00:00,109.7,18.0,200,False,Normal
2027-03-01 06:00:00,121.6,19.0,200,False,Normal
2027-03-01 07:00:00,151.5,25.0,200,False,Normal
2027-03-01 08:00:00,204.4,36.0,200,True,Normal
2027-03-01 09:00:00,239.3,46.0,200,True,Normal
2027-03-01 10:00:00,237.2,55.0,200,True,Normal
2027-03-01 11:00:00,250.2,80.0,200,True,Normal
2027-03-01 12:00:00,264.3,85.0,200,True,Normal
2027-03-01 13:00:00,229.7,60.0,200,True,Normal
2027-03-01 14:00:00,237.1,53.0,200,True,Normal
2027-03-01 15:00:00,239.7,55.0,200,True,Normal
2027-03-01 16:00:00,240.4,61.0,200,True,Normal
2027-03-01 17:00:00,242.6,61.0,200,True,Normal
2027-03-01 18:00:00,249.2,69.0,200,True,Normal
2027-03-01 19:00:00,222.9,62.0,200,True,Normal
2027-03-01 20:00:00,247.7,87.0,200,True,Normal
2027-03-01 21:00:00,260.0,101.0,200,True,Normal
2027-03-01 22:00:00,266.5,108.0,200,True,Normal
2027-03-01 23:00:00,252.9,89.0,200,True,Normal
2027-03-02 00:00:00,245.6,77.0,200,True,Normal
2027-03-02 01:00:00,214.1,51.0,200,True,Normal
2027-03-02 02:00:00,200.5,42.0,200,True,Normal
2027-03-02 03:00:00,192.2,28.0,200,False,Normal
2027-03-02 04:00:00,179.0,21.0,200,False,Normal
2027-03-02 05:00:00,150.9,18.0,200,False,Normal
2027-03-02 06:00:00,138.2,20.0,200,False,Normal
2027-03-02 07:00:00,140.0,28.0,200,False,Normal
2027-03-02 08:00:00,200.8,37.0,200,True,Normal
2027-03-02 09:00:00,220.4,45.0,200,True,Normal
2027-03-02 10:00:00,216.5,51.0,200,True,Normal
2027-03-02 11:00:00,208.6,52.0,200,True,Normal
2027-03-02 12:00:00,195.2,50.0,200,False,Normal
2027-03-02 13:00:00,215.4,51.0,200,True,Normal
2027-03-02 14:00:00,246.8,54.0,200,True,Normal
2027-03-02 15:00:00,262.6,57.0,200,True,Normal
2027-03-02 16:00:00,263.5,59.0,200,True,Normal
2027-03-02 17:00:00,271.5,67.0,200,True,Normal
2027-03-02 18:00:00,259.1,59.0,200,True,Normal
2027-03-02 19:00:00,232.9,54.0,200,True,Normal
2027-03-02 20:00:00,248.9,70.0,200,True,Normal
2027-03-02 21:00:00,236.8,60.0,200,True,Normal
2027-03-02 22:00:00,234.7,54.0,200,True,Normal
2027-03-02 23:00:00,223.7,41.0,200,True,Normal
2027-03-03 00:00:00,205.5,22.0,200,True,Normal
2027-03-03 01:00:00,180.6,13.0,200,False,Normal
2027-03-03 02:00:00,153.1,10.0,200,False,Normal
2027-03-03 03:00:00,133.5,11.0,200,False,Normal
2027-03-03 04:00:00,118.6,13.0,200,False,Normal
2027-03-03 05:00:00,106.1,14.0,200,False,Normal
2027-03-03 06:00:00,100.6,21.0,200,False,Normal
2027-03-03 07:00:00,143.8,27.0,200,False,Normal
2027-03-03 08:00:00,199.7,37.0,200,False,Normal
2027-03-03 09:00:00,202.4,50.0,200,True,Normal
2027-03-03 10:00:00,205.2,60.0,200,True,Normal
2027-03-03 11:00:00,225.5,83.0,200,True,Normal
2027-03-03 12:00:00,235.8,90.0,200,True,Normal
2027-03-03 13:00:00,201.5,63.0,200,True,Normal
2027-03-03 14:00:00,218.1,56.0,200,True,Normal
2027-03-03 15:00:00,216.7,60.0,200,True,Normal
2027-03-03 16:00:00,217.1,68.0,200,True,Normal
2027-03-03 17:00:00,214.2,66.0,200,True,Normal
2027-03-03 18:00:00,217.9,61.0,200,True,Normal
2027-03-03 19:00:00,224.5,55.0,200,True,Normal
2027-03-03 20:00:00,236.1,67.0,200,True,Normal
2027-03-03 21:00:00,236.7,75.0,200,True,Normal
2027-03-03 22:00:00,220.0,62.0,200,True,Normal
2027-03-03 23:00:00,216.5,56.0,200,True,Normal
2027-03-04 00:00:00,191.4,33.0,200,False,Normal
2027-03-04 01:00:00,171.8,21.0,200,False,Normal
2027-03-04 02:00:00,150.8,11.0,200,False,Normal
2027-03-04 03:00:00,122.3,5.0,200,False,Normal
2027-03-04 04:00:00,97.6,4.0,200,False,Normal
2027-03-04 05:00:00,75.3,9.0,200,False,Normal
2027-03-04 06:00:00,72.1,17.0,200,False,Normal
2027-03-04 07:00:00,110.5,27.0,200,False,Normal
2027-03-04 08:00:00,167.0,45.0,200,False,Normal
2027-03-04 09:00:00,177.6,56.0,200,False,Normal
2027-03-04 10:00:00,190.0,64.0,200,False,Normal
2027-03-04 11:00:00,210.1,88.0,200,True,Normal
2027-03-04 12:00:00,207.7,74.0,200,True,Normal
2027-03-04 13:00:00,197.3,58.0,200,False,Normal
2027-03-04 14:00:00,220.8,56.0,200,True,Normal
2027-03-04 15:00:00,226.4,60.0,200,True,Normal
2027-03-04 16:00:00,235.2,61.0,200,True,Normal
2027-03-04 17:00:00,242.2,74.0,200,True,Normal
2027-03-04 18:00:00,222.3,66.0,200,True,Normal
2027-03-04 19:00:00,215.7,61.0,200,True,Normal
2027-03-04 20:00:00,236.6,80.0,200,True,Normal
2027-03-04 21:00:00,225.3,67.0,200,True,Normal
2027-03-04 22:00:00,205.2,51.0,200,True,Normal
2027-03-04 23:00:00,199.6,38.0,200,False,Normal
2027-03-05 00:00:00,181.7,27.0,200,False,Normal
2027-03-05 01:00:00,165.6,16.0,200,False,Normal
2027-03-05 02:00:00,141.4,9.0,200,False,Normal
2027-03-05 03:00:00,113.3,8.0,200,False,Normal
2027-03-05 04:00:00,89.3,11.0,200,False,Normal
2027-03-05 05:00:00,78.2,15.0,200,False,Normal
2027-03-05 06:00:00,89.4,23.0,200,False,Normal
2027-03-05 07:00:00,132.9,32.0,200,False,Normal
2027-03-05 08:00:00,198.4,41.0,200,False,Normal
2027-03-05 09:00:00,199.9,54.0,200,False,Normal
2027-03-05 10:00:00,207.9,64.0,200,True,Normal
2027-03-05 11:00:00,230.9,83.0,200,True,Normal
2027-03-05 12:00:00,236.8,87.0,200,True,Normal
2027-03-05 13:00:00,214.7,70.0,200,True,Normal
2027-03-05 14:00:00,215.8,63.0,200,True,Normal
2027-03-05 15:00:00,215.8,66.0,200,True,Normal
2027-03-05 16:00:00,225.5,69.0,200,True,Normal
2027-03-05 17:00:00,230.5,69.0,200,True,Normal
2027-03-05 18:00:00,244.6,81.0,200,True,Normal
2027-03-05 19:00:00,228.9,64.0,200,True,Normal
2027-03-05 20:00:00,242.4,86.0,200,True,Normal
2027-03-05 21:00:00,248.4,91.0,200,True,Normal
2027-03-05 22:00:00,243.8,81.0,200,True,Normal
2027-03-05 23:00:00,226.8,78.0,200,True,Normal
2027-03-06 00:00:00,189.6,48.0,200,False,Normal
2027-03-06 01:00:00,154.4,32.0,200,False,Normal
2027-03-06 02:00:00,127.1,23.0,200,False,Normal
2027-03-06 03:00:00,104.3,20.0,200,False,Normal
2027-03-06 04:00:00,113.2,19.0,200,False,Normal
2027-03-06 05:00:00,112.7,17.0,200,False,Normal
2027-03-06 06:00:00,118.7,18.0,200,False,Normal
2027-03-06 07:00:00,149.8,18.0,200,False,Normal
2027-03-06 08:00:00,182.7,22.0,200,False,Normal
2027-03-06 09:00:00,189.6,33.0,200,False,Normal
2027-03-06 10:00:00,201.4,43.0,200,True,Normal
2027-03-06 11:00:00,204.9,44.0,200,True,Normal
2027-03-06 12:00:00,202.6,32.0,200,True,Normal
2027-03-06 13:00:00,201.0,30.0,200,True,Normal
2027-03-06 14:00:00,214.3,33.0,200,True,Normal
2027-03-06 15:00:00,217.5,36.0,200,True,Normal
2027-03-06 16:00:00,203.7,42.0,200,True,Normal
2027-03-06 17:00:00,184.6,46.0,200,False,Normal
2027-03-06 18:00:00,179.9,46.0,200,False,Normal
2027-03-06 19:00:00,171.5,49.0,200,False,Normal
2027-03-06 20:00:00,175.3,43.0,200,False,Normal
2027-03-06 21:00:00,168.2,33.0,200,False,Normal
2027-03-06 22:00:00,162.3,27.0,200,False,Normal
2027-03-06 23:00:00,151.8,21.0,200,False,Normal
2027-03-07 00:00:00,137.6,16.0,200,False,Normal
2027-03-07 01:00:00,118.5,10.0,200,False,Normal
2027-03-07 02:00:00,86.7,11.0,200,False,Normal
2027-03-07 03:00:00,88.8,11.0,200,False,Normal
2027-03-07 04:00:00,86.8,13.0,200,False,Normal
2027-03-07 05:00:00,88.2,18.0,200,False,Normal
2027-03-07 06:00:00,106.2,16.0,200,False,Normal
2027-03-07 07:00:00,128.3,18.0,200,False,Normal
2027-03-07 08:00:00,157.2,19.0,200,False,Normal
2027-03-07 09:00:00,183.5,19.0,200,False,Normal
2027-03-07 10:00:00,184.8,29.0,200,False,Normal
2027-03-07 11:00:00,189.4,27.0,200,False,Normal
2027-03-07 12:00:00,197.1,23.0,200,False,Normal
2027-03-07 13:00:00,208.8,23.0,200,True,Normal
2027-03-07 14:00:00,229.4,22.0,200,True,Normal
2027-03-07 15:00:00,228.8,20.0,200,True,Normal
2027-03-07 16:00:00,210.3,25.0,200,True,Normal
2027-03-07 17:00:00,208.6,24.0,200,True,Normal
2027-03-07 18:00:00,199.1,25.0,200,False,Normal
2027-03-07 19:00:00,198.7,23.0,200,False,Normal
2027-03-07 20:00:00,186.8,21.0,200,False,Normal
2027-03-07 21:00:00,174.8,19.0,200,False,Normal
2027-03-07 22:00:00,147.5,19.0,200,False,Normal
2027-03-07 23:00:00,137.6,18.0,200,False,Normal
2027-03-08 00:00:00,128.0,21.0,200,False,Normal
2027-03-08 01:00:00,124.1,20.0,200,False,Normal
2027-03-08 02:00:00,116.5,18.0,200,False,Normal
2027-03-08 03:00:00,110.3,16.0,200,False,Normal
2027-03-08 04:00:00,110.1,14.0,200,False,Normal
2027-03-08 05:00:00,99.4,13.0,200,False,Normal
2027-03-08 06:00:00,97.9,20.0,200,False,Normal
2027-03-08 07:00:00,137.4,25.0,200,False,Normal
2027-03-08 08:00:00,188.4,39.0,200,False,Normal
2027-03-08 09:00:00,195.3,52.0,200,False,Normal
2027-03-08 10:00:00,212.6,63.0,200,True,Normal
2027-03-08 11:00:00,236.0,89.0,200,True,Normal
2027-03-08 12:00:00,249.3,100.0,200,True,Normal
2027-03-08 13:00:00,232.3,83.0,200,True,Normal
2027-03-08 14:00:00,213.8,72.0,200,True,Normal
2027-03-08 15:00:00,232.4,69.0,200,True,Normal
2027-03-08 16:00:00,232.1,71.0,200,True,Normal
2027-03-08 17:00:00,240.2,71.0,200,True,Normal
2027-03-08 18:00:00,252.8,80.0,200,True,Normal
2027-03-08 19:00:00,242.7,67.0,200,True,Normal
2027-03-08 20:00:00,244.7,61.0,200,True,Normal
2027-03-08 21:00:00,241.1,57.0,200,True,Normal
2027-03-08 22:00:00,213.6,33.0,200,True,Normal
2027-03-08 23:00:00,194.3,24.0,200,False,Normal
2027-03-09 00:00:00,165.6,22.0,200,False,Normal
2027-03-09 01:00:00,157.2,23.0,200,False,Normal
2027-03-09 02:00:00,155.7,22.0,200,False,Normal
2027-03-09 03:00:00,147.8,18.0,200,False,Normal
2027-03-09 04:00:00,133.0,22.0,200,False,Normal
2027-03-09 05:00:00,117.3,20.0,200,False,Normal
2027-03-09 06:00:00,104.5,23.0,200,False,Normal
2027-03-09 07:00:00,143.1,27.0,200,False,Normal
2027-03-09 08:00:00,199.1,40.0,200,False,Normal
2027-03-09 09:00:00,214.3,55.0,200,True,Normal
2027-03-09 10:00:00,233.2,63.0,200,True,Normal
2027-03-09 11:00:00,251.9,82.0,200,True,Normal
2027-03-09 12:00:00,244.6,65.0,200,True,Normal
2027-03-09 13:00:00,236.2,55.0,200,True,Normal
2027-03-09 14:00:00,268.8,50.0,200,True,Normal
2027-03-09 15:00:00,262.7,51.0,200,True,Normal
2027-03-09 16:00:00,252.0,55.0,200,True,Normal
2027-03-09 17:00:00,254.9,57.0,200,True,Normal
2027-03-09 18:00:00,235.5,54.0,200,True,Normal
2027-03-09 19:00:00,221.3,51.0,200,True,Normal
2027-03-09 20:00:00,235.1,66.0,200,True,Normal
2027-03-09 21:00:00,237.8,74.0,200,True,Normal
2027-03-09 22:00:00,237.8,78.0,200,True,Normal
2027-03-09 23:00:00,237.1,85.0,200,True,Normal
2027-03-10 00:00:00,240.0,85.0,200,True,Normal
2027-03-10 01:00:00,236.6,91.0,200,True,Normal
2027-03-10 02:00:00,242.3,90.0,200,True,Normal
2027-03-10 03:00:00,239.9,92.0,200,True,Normal
2027-03-10 04:00:00,241.2,90.0,200,True,Normal
2027-03-10 05:00:00,238.4,84.0,200,True,Normal
2027-03-10 06:00:00,229.9,73.0,200,True,Normal
2027-03-10 07:00:00,197.6,53.0,200,False,Normal
2027-03-10 08:00:00,195.7,53.0,200,False,AMR Breakdown
2027-03-10 09:00:00,248.1,59.0,200,True,AMR Breakdown
2027-03-10 10:00:00,306.2,69.0,200,True,AMR Breakdown
2027-03-10 11:00:00,354.8,76.0,200,True,AMR Breakdown
2027-03-10 12:00:00,376.8,81.0,200,True,AMR Breakdown
2027-03-10 13:00:00,402.7,82.0,200,True,AMR Breakdown
2027-03-10 14:00:00,433.2,108.0,200,True,AMR Breakdown
2027-03-10 15:00:00,470.2,134.0,200,True,AMR Breakdown
2027-03-10 16:00:00,500.0,169.0,200,True,AMR Breakdown
2027-03-10 17:00:00,500.0,182.0,200,True,AMR Breakdown
2027-03-10 18:00:00,500.0,180.0,200,True,AMR Breakdown
2027-03-10 19:00:00,488.2,165.0,200,True,AMR Breakdown
2027-03-10 20:00:00,460.2,137.0,200,True,AMR Breakdown
2027-03-10 21:00:00,432.2,109.0,200,True,AMR Breakdown
2027-03-10 22:00:00,404.2,86.0,200,True,AMR Breakdown
2027-03-10 23:00:00,376.2,58.0,200,True,AMR Breakdown
2027-03-11 00:00:00,348.2,31.0,200,True,AMR Breakdown
2027-03-11 01:00:00,320.2,15.0,200,True,AMR Breakdown
2027-03-11 02:00:00,295.8,8.0,200,True,AMR Breakdown
2027-03-11 03:00:00,268.5,9.0,200,True,AMR Breakdown
2027-03-11 04:00:00,251.6,11.0,200,True,AMR Breakdown
2027-03-11 05:00:00,240.7,14.0,200,True,AMR Breakdown
2027-03-11 06:00:00,242.5,23.0,200,True,AMR Breakdown
2027-03-11 07:00:00,260.3,30.0,200,True,AMR Breakdown
2027-03-11 08:00:00,296.0,44.0,200,True,AMR Breakdown
2027-03-11 09:00:00,347.3,56.0,200,True,AMR Breakdown
2027-03-11 10:00:00,405.6,100.0,200,True,AMR Breakdown
2027-03-11 11:00:00,437.4,113.0,200,True,AMR Breakdown
2027-03-11 12:00:00,439.2,110.0,200,True,AMR Breakdown
2027-03-11 13:00:00,427.3,100.0,200,True,AMR Breakdown
2027-03-11 14:00:00,410.6,104.0,200,True,AMR Breakdown
2027-03-11 15:00:00,425.5,118.0,200,True,AMR Breakdown
2027-03-11 16:00:00,447.7,135.0,200,True,AMR Breakdown
2027-03-11 17:00:00,470.4,143.0,200,True,AMR Breakdown
2027-03-11 18:00:00,474.9,143.0,200,True,AMR Breakdown
2027-03-11 19:00:00,467.1,131.0,200,True,AMR Breakdown
2027-03-11 20:00:00,442.2,108.0,200,True,AMR Breakdown
2027-03-11 21:00:00,414.2,80.0,200,True,Normal
2027-03-11 22:00:00,384.2,51.0,200,True,Normal
2027-03-11 23:00:00,354.2,23.0,200,True,Normal
2027-03-12 00:00:00,324.2,13.0,200,True,Normal
2027-03-12 01:00:00,295.6,13.0,200,True,Normal
2027-03-12 02:00:00,265.7,14.0,200,True,Normal
2027-03-12 03:00:00,254.8,16.0,200,True,Normal
2027-03-12 04:00:00,245.4,21.0,200,True,Normal
2027-03-12 05:00:00,229.9,27.0,200,True,Normal
2027-03-12 06:00:00,220.5,33.0,200,True,Normal
2027-03-12 07:00:00,230.5,40.0,200,True,Normal
2027-03-12 08:00:00,244.4,49.0,200,True,Normal
2027-03-12 09:00:00,250.7,52.0,200,True,Normal
2027-03-12 10:00:00,236.1,60.0,200,True,Normal
2027-03-12 11:00:00,256.6,72.0,200,True,Normal
2027-03-12 12:00:00,252.7,75.0,200,True,Normal
2027-03-12 13:00:00,218.8,58.0,200,True,Normal
2027-03-12 14:00:00,230.8,53.0,200,True,Normal
2027-03-12 15:00:00,231.7,56.0,200,True,Normal
2027-03-12 16:00:00,242.1,57.0,200,True,Normal
2027-03-12 17:00:00,233.0,54.0,200,True,Normal
2027-03-12 18:00:00,230.5,54.0,200,True,Normal
2027-03-12 19:00:00,231.8,52.0,200,True,Normal
2027-03-12 20:00:00,248.2,66.0,200,True,Normal
2027-03-12 21:00:00,234.0,60.0,200,True,Normal
2027-03-12 22:00:00,218.4,52.0,200,True,Normal
2027-03-12 23:00:00,220.0,57.0,200,True,Normal
2027-03-13 00:00:00,190.0,42.0,200,False,Normal
2027-03-13 01:00:00,175.5,31.0,200,False,Normal
2027-03-13 02:00:00,168.4,24.0,200,False,Normal
2027-03-13 03:00:00,133.1,16.0,200,False,Normal
2027-03-13 04:00:00,135.1,12.0,200,False,Normal
2027-03-13 05:00:00,122.7,12.0,200,False,Normal
2027-03-13 06:00:00,126.1,19.0,200,False,Normal
2027-03-13 07:00:00,166.8,25.0,200,False,Normal
2027-03-13 08:00:00,215.2,32.0,200,True,Normal
2027-03-13 09:00:00,226.0,43.0,200,True,Normal
2027-03-13 10:00:00,235.3,49.0,200,True,Normal
2027-03-13 11:00:00,222.5,46.0,200,True,Normal
2027-03-13 12:00:00,218.3,36.0,200,True,Normal
2027-03-13 13:00:00,215.0,34.0,200,True,Normal
2027-03-13 14:00:00,217.2,39.0,200,True,Normal
2027-03-13 15:00:00,222.2,43.0,200,True,Normal
2027-03-13 16:00:00,218.4,47.0,200,True,Normal
2027-03-13 17:00:00,217.9,44.0,200,True,Normal
2027-03-13 18:00:00,203.3,45.0,200,True,Normal
2027-03-13 19:00:00,203.3,46.0,200,True,Normal
2027-03-13 20:00:00,218.8,57.0,200,True,Normal
2027-03-13 21:00:00,204.8,47.0,200,True,Normal
2027-03-13 22:00:00,202.6,40.0,200,True,Normal
2027-03-13 23:00:00,175.6,27.0,200,False,Normal
2027-03-14 00:00:00,159.5,23.0,200,False,Normal
2027-03-14 01:00:00,148.2,19.0,200,False,Normal
2027-03-14 02:00:00,136.7,15.0,200,False,Normal
2027-03-14 03:00:00,118.4,15.0,200,False,Normal
2027-03-14 04:00:00,103.2,14.0,200,False,Normal
2027-03-14 05:00:00,104.8,11.0,200,False,Normal
2027-03-14 06:00:00,106.5,14.0,200,False,Normal
2027-03-14 07:00:00,133.4,13.0,200,False,Normal
2027-03-14 08:00:00,156.1,15.0,200,False,Normal
2027-03-14 09:00:00,177.0,23.0,200,False,Normal
2027-03-14 10:00:00,190.0,27.0,200,False,Normal
2027-03-14 11:00:00,185.6,27.0,200,False,Normal
2027-03-14 12:00:00,187.4,22.0,200,False,Normal
2027-03-14 13:00:00,196.4,23.0,200,False,Normal
2027-03-14 14:00:00,208.0,26.0,200,True,Normal
2027-03-14 15:00:00,221.2,27.0,200,True,Normal
2027-03-14 16:00:00,216.6,28.0,200,True,Normal
2027-03-14 17:00:00,212.2,23.0,200,True,Normal
2027-03-14 18:00:00,198.1,24.0,200,False,Normal
2027-03-14 19:00:00,197.9,26.0,200,False,Normal
2027-03-14 20:00:00,193.2,22.0,200,False,Normal
2027-03-14 21:00:00,165.5,21.0,200,False,Normal
2027-03-14 22:00:00,143.4,16.0,200,False,Normal
2027-03-14 23:00:00,128.0,12.0,200,False,Normal
2027-03-15 00:00:00,120.3,10.0,200,False,Normal
2027-03-15 01:00:00,107.7,10.0,200,False,Normal
2027-03-15 02:00:00,92.3,11.0,200,False,Normal
2027-03-15 03:00:00,90.4,13.0,200,False,Normal
2027-03-15 04:00:00,79.7,15.0,200,False,Normal
2027-03-15 05:00:00,69.1,18.0,200,False,Normal
2027-03-15 06:00:00,71.5,26.0,200,False,Normal
2027-03-15 07:00:00,116.8,34.0,200,False,Normal
2027-03-15 08:00:00,188.1,44.0,200,False,Normal
2027-03-15 09:00:00,247.2,48.0,200,True,Normal
2027-03-15 10:00:00,249.5,51.0,200,True,Normal
2027-03-15 11:00:00,243.7,49.0,200,True,Normal
2027-03-15 12:00:00,240.4,59.0,200,True,Normal
2027-03-15 13:00:00,243.2,57.0,200,True,Normal
2027-03-15 14:00:00,253.2,56.0,200,True,Normal
2027-03-15 15:00:00,257.7,58.0,200,True,Normal
2027-03-15 16:00:00,254.3,59.0,200,True,Normal
2027-03-15 17:00:00,260.4,65.0,200,True,Normal
2027-03-15 18:00:00,231.2,61.0,200,True,Normal
2027-03-15 19:00:00,227.2,59.0,200,True,Normal
2027-03-15 20:00:00,251.6,84.0,200,True,Normal
2027-03-15 21:00:00,249.0,81.0,200,True,Normal
2027-03-15 22:00:00,252.4,82.0,200,True,Normal
2027-03-15 23:00:00,233.5,59.0,200,True,Normal
2027-03-16 00:00:00,221.4,49.0,200,True,Normal
2027-03-16 01:00:00,206.6,36.0,200,True,Normal
2027-03-16 02:00:00,192.3,23.0,200,False,Normal
2027-03-16 03:00:00,176.0,17.0,200,False,Normal
2027-03-16 04:00:00,160.6,11.0,200,False,Normal
2027-03-16 05:00:00,135.2,12.0,200,False,Normal
2027-03-16 06:00:00,103.9,17.0,200,False,Normal
2027-03-16 07:00:00,139.4,29.0,200,False,Normal
2027-03-16 08:00:00,204.4,41.0,200,True,Normal
2027-03-16 09:00:00,220.9,51.0,200,True,Normal
2027-03-16 10:00:00,218.9,59.0,200,True,Normal
2027-03-16 11:00:00,221.1,67.0,200,True,Normal
2027-03-16 12:00:00,230.8,83.0,200,True,Normal
2027-03-16 13:00:00,235.4,86.0,200,True,Normal
2027-03-16 14:00:00,252.4,68.0,200,True,Normal
2027-03-16 15:00:00,252.6,64.0,200,True,Normal
2027-03-16 16:00:00,240.8,66.0,200,True,Normal
2027-03-16 17:00:00,231.7,63.0,200,True,Normal
2027-03-16 18:00:00,222.3,61.0,200,True,Normal
2027-03-16 19:00:00,233.5,69.0,200,True,Normal
2027-03-16 20:00:00,257.8,89.0,200,True,Normal
2027-03-16 21:00:00,265.1,97.0,200,True,Normal
2027-03-16 22:00:00,265.6,98.0,200,True,Normal
2027-03-16 23:00:00,247.9,77.0,200,True,Normal
2027-03-17 00:00:00,237.4,63.0,200,True,Normal
2027-03-17 01:00:00,205.1,35.0,200,True,Normal
2027-03-17 02:00:00,187.3,21.0,200,False,Normal
2027-03-17 03:00:00,167.3,13.0,200,False,Normal
2027-03-17 04:00:00,144.5,11.0,200,False,Normal
2027-03-17 05:00:00,111.8,12.0,200,False,Normal
2027-03-17 06:00:00,118.5,12.0,200,False,Normal
2027-03-17 07:00:00,138.3,16.0,200,False,Normal
2027-03-17 08:00:00,170.8,28.0,200,False,Normal
2027-03-17 09:00:00,200.4,42.0,200,True,Normal
2027-03-17 10:00:00,221.7,53.0,200,True,Normal
2027-03-17 11:00:00,233.5,64.0,200,True,Normal
2027-03-17 12:00:00,233.5,51.0,200,True,Normal
2027-03-17 13:00:00,209.8,45.0,200,True,Normal
2027-03-17 14:00:00,226.0,49.0,200,True,Normal
2027-03-17 15:00:00,239.1,53.0,200,True,Normal
2027-03-17 16:00:00,226.3,56.0,200,True,Normal
2027-03-17 17:00:00,228.1,64.0,200,True,Normal
2027-03-17 18:00:00,216.9,59.0,200,True,Normal
2027-03-17 19:00:00,219.3,75.0,200,True,Normal
2027-03-17 20:00:00,256.7,98.0,200,True,Normal
2027-03-17 21:00:00,266.0,106.0,200,True,Normal
2027-03-17 22:00:00,250.3,84.0,200,True,Normal
2027-03-17 23:00:00,222.9,50.0,200,True,Normal
2027-03-18 00:00:00,199.2,34.0,200,False,Normal
2027-03-18 01:00:00,164.8,24.0,200,False,Normal
2027-03-18 02:00:00,154.6,20.0,200,False,Normal
2027-03-18 03:00:00,128.6,16.0,200,False,Normal
2027-03-18 04:00:00,112.9,17.0,200,False,Normal
2027-03-18 05:00:00,103.8,14.0,200,False,Normal
2027-03-18 06:00:00,91.8,22.0,200,False,Normal
2027-03-18 07:00:00,136.5,32.0,200,False,Normal
2027-03-18 08:00:00,205.6,45.0,200,True,Normal
2027-03-18 09:00:00,223.7,55.0,200,True,Normal
2027-03-18 10:00:00,221.2,70.0,200,True,Normal
2027-03-18 11:00:00,244.9,78.0,200,True,Normal
2027-03-18 12:00:00,252.8,80.0,200,True,Normal
2027-03-18 13:00:00,246.6,63.0,200,True,Normal
2027-03-18 14:00:00,240.3,55.0,200,True,Normal
2027-03-18 15:00:00,240.8,57.0,200,True,Normal
2027-03-18 16:00:00,240.5,63.0,200,True,Normal
2027-03-18 17:00:00,243.9,61.0,200,True,Normal
2027-03-18 18:00:00,243.7,56.0,200,True,Normal
2027-03-18 19:00:00,249.7,50.0,200,True,Normal
2027-03-18 20:00:00,263.3,57.0,200,True,Normal
2027-03-18 21:00:00,257.9,55.0,200,True,Normal
2027-03-18 22:00:00,248.2,58.0,200,True,Normal
2027-03-18 23:00:00,245.9,48.0,200,True,Normal
2027-03-19 00:00:00,217.1,28.0,200,True,Normal
2027-03-19 01:00:00,181.1,20.0,200,False,Normal
2027-03-19 02:00:00,151.6,16.0,200,False,Normal
2027-03-19 03:00:00,136.4,18.0,200,False,Normal
2027-03-19 04:00:00,113.9,18.0,200,False,Normal
2027-03-19 05:00:00,90.9,23.0,200,False,Normal
2027-03-19 06:00:00,104.2,30.0,200,False,Normal
2027-03-19 07:00:00,155.9,35.0,200,False,Normal
2027-03-19 08:00:00,223.2,43.0,200,True,Normal
2027-03-19 09:00:00,235.4,50.0,200,True,Normal
2027-03-19 10:00:00,237.6,58.0,200,True,Normal
2027-03-19 11:00:00,249.9,73.0,200,True,Normal
2027-03-19 12:00:00,248.7,76.0,200,True,Normal
2027-03-19 13:00:00,211.5,61.0,200,True,Normal
2027-03-19 14:00:00,227.6,57.0,200,True,Normal
2027-03-19 15:00:00,241.3,59.0,200,True,Normal
2027-03-19 16:00:00,245.1,61.0,200,True,Normal
2027-03-19 17:00:00,240.1,56.0,200,True,Normal
2027-03-19 18:00:00,219.1,56.0,200,True,Normal
2027-03-19 19:00:00,215.1,53.0,200,True,Normal
2027-03-19 20:00:00,230.4,76.0,200,True,Normal
2027-03-19 21:00:00,240.5,82.0,200,True,Normal
2027-03-19 22:00:00,225.4,69.0,200,True,Normal
2027-03-19 23:00:00,223.3,58.0,200,True,Normal
2027-03-20 00:00:00,177.4,35.0,200,False,Normal
2027-03-20 01:00:00,147.5,23.0,200,False,Normal
2027-03-20 02:00:00,117.2,19.0,200,False,Normal
2027-03-20 03:00:00,105.8,20.0,200,False,Normal
2027-03-20 04:00:00,82.9,25.0,200,False,Normal
2027-03-20 05:00:00,89.8,26.0,200,False,Normal
2027-03-20 06:00:00,113.9,25.0,200,False,Normal
2027-03-20 07:00:00,148.2,30.0,200,False,Normal
2027-03-20 08:00:00,203.0,37.0,200,True,Normal
2027-03-20 09:00:00,223.9,44.0,200,True,Normal
2027-03-20 10:00:00,230.7,48.0,200,True,Normal
2027-03-20 11:00:00,219.5,41.0,200,True,Normal
2027-03-20 12:00:00,208.4,36.0,200,True,Normal
2027-03-20 13:00:00,216.7,35.0,200,True,Normal
2027-03-20 14:00:00,234.9,41.0,200,True,Normal
2027-03-20 15:00:00,248.7,43.0,200,True,Normal
2027-03-20 16:00:00,243.2,45.0,200,True,Normal
2027-03-20 17:00:00,234.7,44.0,200,True,Normal
2027-03-20 18:00:00,225.8,42.0,200,True,Normal
2027-03-20 19:00:00,220.3,41.0,200,True,Normal
2027-03-20 20:00:00,206.3,36.0,200,True,Normal
2027-03-20 21:00:00,192.2,30.0,200,False,Normal
2027-03-20 22:00:00,171.5,27.0,200,False,Normal
2027-03-20 23:00:00,150.6,23.0,200,False,Normal
2027-03-21 00:00:00,141.8,18.0,200,False,Normal
2027-03-21 01:00:00,122.1,11.0,200,False,Normal
2027-03-21 02:00:00,115.6,7.0,200,False,Normal
2027-03-21 03:00:00,112.7,6.0,200,False,Normal
2027-03-21 04:00:00,107.4,3.0,200,False,Normal
2027-03-21 05:00:00,104.2,2.0,200,False,Normal
2027-03-21 06:00:00,101.6,2.0,200,False,Normal
2027-03-21 07:00:00,109.7,6.0,200,False,Normal
2027-03-21 08:00:00,128.5,18.0,200,False,Normal
2027-03-21 09:00:00,163.4,27.0,200,False,Normal
2027-03-21 10:00:00,191.6,29.0,200,False,Normal
2027-03-21 11:00:00,192.5,24.0,200,False,Normal
2027-03-21 12:00:00,187.2,22.0,200,False,Normal
2027-03-21 13:00:00,199.5,23.0,200,False,Normal
2027-03-21 14:00:00,217.2,25.0,200,True,Normal
2027-03-21 15:00:00,217.5,31.0,200,True,Normal
2027-03-21 16:00:00,225.4,32.0,200,True,Normal
2027-03-21 17:00:00,218.5,30.0,200,True,Normal
2027-03-21 18:00:00,212.3,29.0,200,True,Normal
2027-03-21 19:00:00,202.7,28.0,200,True,Normal
2027-03-21 20:00:00,197.7,20.0,200,False,Normal
2027-03-21 21:00:00,178.5,19.0,200,False,Normal
2027-03-21 22:00:00,167.2,18.0,200,False,Normal
2027-03-21 23:00:00,155.8,17.0,200,False,Normal
2027-03-22 00:00:00,145.2,21.0,200,False,Normal
2027-03-22 01:00:00,143.0,21.0,200,False,Normal
2027-03-22 02:00:00,119.5,18.0,200,False,Normal
2027-03-22 03:00:00,104.0,18.0,200,False,Normal
2027-03-22 04:00:00,95.2,18.0,200,False,Normal
2027-03-22 05:00:00,95.7,18.0,200,False,Normal
2027-03-22 06:00:00,109.5,24.0,200,False,Normal
2027-03-22 07:00:00,155.9,27.0,200,False,Normal
2027-03-22 08:00:00,207.1,37.0,200,True,Normal
2027-03-22 09:00:00,242.5,47.0,200,True,Normal
2027-03-22 10:00:00,240.3,55.0,200,True,Normal
2027-03-22 11:00:00,236.2,52.0,200,True,Normal
2027-03-22 12:00:00,220.6,46.0,200,True,Normal
2027-03-22 13:00:00,221.1,41.0,200,True,Normal
2027-03-22 14:00:00,227.8,43.0,200,True,Normal
2027-03-22 15:00:00,222.5,51.0,200,True,Normal
2027-03-22 16:00:00,220.3,59.0,200,True,Normal
2027-03-22 17:00:00,221.6,60.0,200,True,Normal
2027-03-22 18:00:00,216.2,61.0,200,True,Normal
2027-03-22 19:00:00,227.5,74.0,200,True,Normal
2027-03-22 20:00:00,255.4,113.0,200,True,Normal
2027-03-22 21:00:00,282.6,133.0,200,True,Normal
2027-03-22 22:00:00,293.2,142.0,200,True,Normal
2027-03-22 23:00:00,294.1,142.0,200,True,Normal
2027-03-23 00:00:00,290.5,133.0,200,True,Normal
2027-03-23 01:00:00,277.8,114.0,200,True,Normal
2027-03-23 02:00:00,256.4,91.0,200,True,Normal
2027-03-23 03:00:00,233.4,73.0,200,True,Normal
2027-03-23 04:00:00,216.3,51.0,200,True,Normal
2027-03-23 05:00:00,183.1,29.0,200,False,Normal
2027-03-23 06:00:00,150.7,25.0,200,False,Normal
2027-03-23 07:00:00,148.4,32.0,200,False,Normal
2027-03-23 08:00:00,214.0,44.0,200,True,Normal
2027-03-23 09:00:00,220.4,54.0,200,True,Normal
2027-03-23 10:00:00,212.6,65.0,200,True,Normal
2027-03-23 11:00:00,225.1,77.0,200,True,Normal
2027-03-23 12:00:00,238.7,86.0,200,True,Normal
2027-03-23 13:00:00,220.9,65.0,200,True,Normal
2027-03-23 14:00:00,234.5,62.0,200,True,Normal
2027-03-23 15:00:00,249.9,59.0,200,True,Normal
2027-03-23 16:00:00,241.8,59.0,200,True,Normal
2027-03-23 17:00:00,231.1,58.0,200,True,Normal
2027-03-23 18:00:00,207.1,56.0,200,True,Normal
2027-03-23 19:00:00,208.9,62.0,200,True,Normal
2027-03-23 20:00:00,227.9,93.0,200,True,Normal
2027-03-23 21:00:00,247.7,106.0,200,True,Normal
2027-03-23 22:00:00,236.6,97.0,200,True,Normal
2027-03-23 23:00:00,223.7,90.0,200,True,Normal
2027-03-24 00:00:00,228.8,81.0,200,True,Normal
2027-03-24 01:00:00,215.4,65.0,200,True,Normal
2027-03-24 02:00:00,179.9,32.0,200,False,Normal
2027-03-24 03:00:00,154.6,15.0,200,False,Normal
2027-03-24 04:00:00,127.1,11.0,200,False,Normal
2027-03-24 05:00:00,107.9,11.0,200,False,Normal
2027-03-24 06:00:00,103.9,20.0,200,False,Normal
2027-03-24 07:00:00,145.8,27.0,200,False,Normal
2027-03-24 08:00:00,204.4,41.0,200,True,Normal
2027-03-24 09:00:00,222.8,50.0,200,True,Normal
2027-03-24 10:00:00,228.2,55.0,200,True,Normal
2027-03-24 11:00:00,233.3,59.0,200,True,Normal
2027-03-24 12:00:00,208.3,44.0,200,True,Normal
2027-03-24 13:00:00,174.2,41.0,200,False,Normal
2027-03-24 14:00:00,178.9,49.0,200,False,Normal
2027-03-24 15:00:00,189.1,62.0,200,False,Normal
2027-03-24 16:00:00,194.5,67.0,200,False,Normal
2027-03-24 17:00:00,201.7,70.0,200,True,Normal
2027-03-24 18:00:00,202.4,72.0,200,True,Normal
2027-03-24 19:00:00,217.8,92.0,200,True,Normal
2027-03-24 20:00:00,253.6,123.0,200,True,Normal
2027-03-24 21:00:00,272.8,145.0,200,True,Normal
2027-03-24 22:00:00,269.9,142.0,200,True,Normal
2027-03-24 23:00:00,275.4,144.0,200,True,Normal
2027-03-25 00:00:00,273.4,131.0,200,True,Normal
2027-03-25 01:00:00,257.2,107.0,200,True,Normal
2027-03-25 02:00:00,214.7,65.0,200,True,Normal
2027-03-25 03:00:00,187.6,38.0,200,False,Normal
2027-03-25 04:00:00,159.5,18.0,200,False,Normal
2027-03-25 05:00:00,131.5,9.0,200,False,Normal
2027-03-25 06:00:00,102.5,15.0,200,False,Normal
2027-03-25 07:00:00,138.0,21.0,200,False,Normal
2027-03-25 08:00:00,184.4,33.0,200,False,Normal
2027-03-25 09:00:00,184.0,46.0,200,False,Normal
2027-03-25 10:00:00,191.7,59.0,200,False,Normal
2027-03-25 11:00:00,199.4,64.0,200,False,Normal
2027-03-25 12:00:00,203.5,79.0,200,True,Normal
2027-03-25 13:00:00,194.5,63.0,200,False,Normal
2027-03-25 14:00:00,224.7,57.0,200,True,Normal
2027-03-25 15:00:00,233.6,57.0,200,True,Normal
2027-03-25 16:00:00,236.0,58.0,200,True,Normal
2027-03-25 17:00:00,222.2,58.0,200,True,Normal
2027-03-25 18:00:00,226.5,63.0,200,True,Normal
2027-03-25 19:00:00,210.6,60.0,200,True,Normal
2027-03-25 20:00:00,234.7,89.0,200,True,Normal
2027-03-25 21:00:00,251.3,96.0,200,True,Normal
2027-03-25 22:00:00,235.7,68.0,200,True,Normal
2027-03-25 23:00:00,216.9,49.0,200,True,Normal
2027-03-26 00:00:00,193.4,27.0,200,False,Normal
2027-03-26 01:00:00,154.3,16.0,200,False,Normal
2027-03-26 02:00:00,130.6,11.0,200,False,Normal
2027-03-26 03:00:00,110.2,8.0,200,False,Normal
2027-03-26 04:00:00,104.6,6.0,200,False,Normal
2027-03-26 05:00:00,100.4,8.0,200,False,Normal
2027-03-26 06:00:00,106.5,11.0,200,False,Normal
2027-03-26 07:00:00,130.2,19.0,200,False,Normal
2027-03-26 08:00:00,175.6,34.0,200,False,Normal
2027-03-26 09:00:00,200.6,44.0,200,True,Normal
2027-03-26 10:00:00,199.5,54.0,200,False,Normal
2027-03-26 11:00:00,195.7,53.0,200,False,Normal
2027-03-26 12:00:00,182.4,48.0,200,False,Normal
2027-03-26 13:00:00,192.7,45.0,200,False,Normal
2027-03-26 14:00:00,218.8,49.0,200,True,Normal
2027-03-26 15:00:00,229.6,53.0,200,True,Normal
2027-03-26 16:00:00,218.0,59.0,200,True,Normal
2027-03-26 17:00:00,229.0,74.0,200,True,Normal
2027-03-26 18:00:00,210.7,67.0,200,True,Normal
2027-03-26 19:00:00,204.9,63.0,200,True,Normal
2027-03-26 20:00:00,232.7,85.0,200,True,Normal
2027-03-26 21:00:00,226.5,84.0,200,True,Normal
2027-03-26 22:00:00,233.6,89.0,200,True,Normal
2027-03-26 23:00:00,233.0,89.0,200,True,Normal
2027-03-27 00:00:00,229.8,81.0,200,True,Normal
2027-03-27 01:00:00,200.9,53.0,200,True,Normal
2027-03-27 02:00:00,183.7,42.0,200,False,Normal
2027-03-27 03:00:00,156.9,26.0,200,False,Normal
2027-03-27 04:00:00,140.9,18.0,200,False,Normal
2027-03-27 05:00:00,109.0,15.0,200,False,Normal
2027-03-27 06:00:00,95.1,18.0,200,False,Normal
2027-03-27 07:00:00,128.7,21.0,200,False,Normal
2027-03-27 08:00:00,170.4,30.0,200,False,Normal
2027-03-27 09:00:00,181.9,41.0,200,False,Normal
2027-03-27 10:00:00,192.7,54.0,200,False,Normal
2027-03-27 11:00:00,189.0,54.0,200,False,Normal
2027-03-27 12:00:00,195.6,58.0,200,False,Normal
2027-03-27 13:00:00,202.1,47.0,200,True,Normal
2027-03-27 14:00:00,215.0,47.0,200,True,Normal
2027-03-27 15:00:00,225.2,49.0,200,True,Normal
2027-03-27 16:00:00,230.5,52.0,200,True,Normal
2027-03-27 17:00:00,228.7,49.0,200,True,Normal
2027-03-27 18:00:00,237.6,52.0,200,True,Normal
2027-03-27 19:00:00,221.5,47.0,200,True,Normal
2027-03-27 20:00:00,219.3,48.0,200,True,Normal
2027-03-27 21:00:00,224.5,52.0,200,True,Normal
2027-03-27 22:00:00,192.9,36.0,200,False,Normal
2027-03-27 23:00:00,154.7,25.0,200,False,Normal
2027-03-28 00:00:00,140.3,22.0,200,False,Normal
2027-03-28 01:00:00,131.8,18.0,200,False,Normal
2027-03-28 02:00:00,117.7,14.0,200,False,Normal
2027-03-28 03:00:00,99.7,14.0,200,False,Normal
2027-03-28 04:00:00,96.1,12.0,200,False,Normal
2027-03-28 05:00:00,102.9,10.0,200,False,Normal
2027-03-28 06:00:00,106.3,14.0,200,False,Normal
2027-03-28 07:00:00,132.0,14.0,200,False,Normal
2027-03-28 08:00:00,155.1,16.0,200,False,Normal
2027-03-28 09:00:00,179.5,21.0,200,False,Normal
2027-03-28 10:00:00,201.2,25.0,200,True,Normal
2027-03-28 11:00:00,205.3,23.0,200,True,Normal
2027-03-28 12:00:00,208.8,21.0,200,True,Normal
2027-03-28 13:00:00,215.8,18.0,200,True,Normal
2027-03-28 14:00:00,226.7,19.0,200,True,Normal
2027-03-28 15:00:00,219.2,20.0,200,True,Normal
2027-03-28 16:00:00,196.9,24.0,200,False,Normal
2027-03-28 17:00:00,188.3,27.0,200,False,Normal
2027-03-28 18:00:00,182.3,29.0,200,False,Normal
2027-03-28 19:00:00,181.3,30.0,200,False,Normal
2027-03-28 20:00:00,177.7,29.0,200,False,Normal
2027-03-28 21:00:00,156.5,25.0,200,False,Normal
2027-03-28 22:00:00,149.3,22.0,200,False,Normal
2027-03-28 23:00:00,139.0,16.0,200,False,Normal
2027-03-29 00:00:00,121.7,14.0,200,False,Normal
2027-03-29 01:00:00,120.8,14.0,200,False,Normal
2027-03-29 02:00:00,127.3,11.0,200,False,Normal
2027-03-29 03:00:00,127.7,12.0,200,False,Normal
2027-03-29 04:00:00,130.9,9.0,200,False,Normal
2027-03-29 05:00:00,131.5,5.0,200,False,Normal
2027-03-29 06:00:00,122.0,14.0,200,False,Normal
2027-03-29 07:00:00,156.5,18.0,200,False,Normal
2027-03-29 08:00:00,191.7,31.0,200,False,Normal
2027-03-29 09:00:00,218.0,42.0,200,True,Normal
2027-03-29 10:00:00,216.5,53.0,200,True,Normal
2027-03-29 11:00:00,231.0,62.0,200,True,Normal
2027-03-29 12:00:00,216.2,49.0,200,True,Normal
2027-03-29 13:00:00,214.8,40.0,200,True,Normal
2027-03-29 14:00:00,233.1,43.0,200,True,Normal
2027-03-29 15:00:00,246.5,50.0,200,True,Normal
2027-03-29 16:00:00,248.4,55.0,200,True,Normal
2027-03-29 17:00:00,242.1,51.0,200,True,Normal
2027-03-29 18:00:00,235.8,50.0,200,True,Normal
2027-03-29 19:00:00,235.0,47.0,200,True,Normal
2027-03-29 20:00:00,247.8,63.0,200,True,Normal
2027-03-29 21:00:00,250.5,75.0,200,True,Normal
2027-03-29 22:00:00,235.7,65.0,200,True,Normal
2027-03-29 23:00:00,232.7,62.0,200,True,Normal
2027-03-30 00:00:00,225.6,53.0,200,True,Normal
2027-03-30 01:00:00,212.1,39.0,200,True,Normal
2027-03-30 02:00:00,193.7,26.0,200,False,Normal
2027-03-30 03:00:00,181.8,18.0,200,False,Normal
2027-03-30 04:00:00,163.9,13.0,200,False,Normal
2027-03-30 05:00:00,144.0,14.0,200,False,Normal
2027-03-30 06:00:00,114.1,15.0,200,False,Normal
2027-03-30 07:00:00,136.4,25.0,200,False,Normal
2027-03-30 08:00:00,199.2,44.0,200,False,Normal
2027-03-30 09:00:00,213.8,57.0,200,True,Normal
2027-03-30 10:00:00,232.1,66.0,200,True,Normal
2027-03-30 11:00:00,242.8,72.0,200,True,Normal
2027-03-30 12:00:00,249.5,76.0,200,True,Normal
2027-03-30 13:00:00,243.8,68.0,200,True,Normal
2027-03-30 14:00:00,249.1,63.0,200,True,Normal
2027-03-30 15:00:00,261.7,63.0,200,True,Normal
2027-03-30 16:00:00,250.9,63.0,200,True,Normal
2027-03-30 17:00:00,246.6,71.0,200,True,Normal
2027-03-30 18:00:00,252.8,70.0,200,True,Normal
2027-03-30 19:00:00,247.2,68.0,200,True,Normal
2027-03-30 20:00:00,275.4,102.0,200,True,Normal
2027-03-30 21:00:00,281.3,97.0,200,True,Normal
2027-03-30 22:00:00,280.2,95.0,200,True,Normal
2027-03-30 23:00:00,273.3,82.0,200,True,Normal
2027-03-31 00:00:00,255.6,65.0,200,True,Normal
2027-03-31 01:00:00,235.0,46.0,200,True,Normal
2027-03-31 02:00:00,215.2,26.0,200,True,Normal
2027-03-31 03:00:00,195.1,18.0,200,False,Normal
2027-03-31 04:00:00,178.1,14.0,200,False,Normal
2027-03-31 05:00:00,161.1,16.0,200,False,Normal
2027-03-31 06:00:00,134.7,22.0,200,False,Normal
2027-03-31 07:00:00,149.9,27.0,200,False,Normal
2027-03-31 08:00:00,204.8,40.0,200,True,Normal
2027-03-31 09:00:00,214.6,53.0,200,True,Normal
2027-03-31 10:00:00,226.5,61.0,200,True,Normal
2027-03-31 11:00:00,242.5,77.0,200,True,Normal
2027-03-31 12:00:00,229.8,62.0,200,True,Normal
2027-03-31 13:00:00,203.6,52.0,200,True,Normal
2027-03-31 14:00:00,225.1,54.0,200,True,Normal
2027-03-31 15:00:00,229.8,59.0,200,True,Normal
2027-03-31 16:00:00,227.1,64.0,200,True,Normal
2027-03-31 17:00:00,244.6,81.0,200,True,Normal
2027-03-31 18:00:00,257.1,89.0,200,True,Normal
2027-03-31 19:00:00,251.2,85.0,200,True,Normal
2027-03-31 20:00:00,277.1,121.0,200,True,Normal
2027-03-31 21:00:00,297.3,138.0,200,True,Normal
2027-03-31 22:00:00,305.6,144.0,200,True,Normal
2027-03-31 23:00:00,305.4,129.0,200,True,Normal
