timestamp,actual_workload_outbound,pred_workload_outbound,labor_outbound,amr_active,capacity_outbound,scenario
2027-01-01 00:00:00,26,38.7,3,3,45.0,Normal
2027-01-01 01:00:00,20,20.4,2,3,30.0,Normal
2027-01-01 02:00:00,25,18.0,2,3,30.0,Normal
2027-01-01 03:00:00,17,20.0,2,3,30.0,Normal
2027-01-01 04:00:00,15,14.5,2,3,30.0,Normal
2027-01-01 05:00:00,11,15.6,2,3,30.0,Normal
2027-01-01 06:00:00,16,11.5,3,4,45.0,Normal
2027-01-01 07:00:00,15,14.2,3,4,45.0,Normal
2027-01-01 08:00:00,6,8.8,3,4,45.0,Normal
2027-01-01 09:00:00,11,0.0,3,4,45.0,Normal
2027-01-01 10:00:00,19,12.5,3,4,45.0,Normal
2027-01-01 11:00:00,14,14.7,3,4,45.0,Normal
2027-01-01 12:00:00,4,10.2,3,4,45.0,Normal
2027-01-01 13:00:00,3,5.7,3,4,45.0,Normal
2027-01-01 14:00:00,5,7.1,3,4,45.0,Normal
2027-01-01 15:00:00,10,8.6,3,4,45.0,Normal
2027-01-01 16:00:00,16,12.1,3,4,45.0,Normal
2027-01-01 17:00:00,19,14.5,3,4,45.0,Normal
2027-01-01 18:00:00,22,22.2,3,4,45.0,Normal
2027-01-01 19:00:00,29,23.1,3,4,45.0,Normal
2027-01-01 20:00:00,26,27.9,2,3,30.0,Normal
2027-01-01 21:00:00,21,26.3,2,3,30.0,Normal
2027-01-01 22:00:00,26,23.4,2,3,30.0,Normal
2027-01-01 23:00:00,25,26.2,2,3,30.0,Normal
2027-01-02 00:00:00,33,24.6,4,4,60.0,Normal
2027-01-02 01:00:00,20,31.0,3,3,45.0,Normal
2027-01-02 02:00:00,19,20.2,2,4,30.0,Normal
2027-01-02 03:00:00,12,19.0,2,5,30.0,Normal
2027-01-02 04:00:00,35,13.6,3,4,45.0,Normal
2027-01-02 05:00:00,39,37.5,4,5,60.0,Normal
2027-01-02 06:00:00,53,51.6,4,4,60.0,Normal
2027-01-02 07:00:00,57,56.5,5,4,75.0,Normal
2027-01-02 08:00:00,72,85.2,7,7,105.0,Normal
2027-01-02 09:00:00,86,82.4,6,6,90.0,Normal
2027-01-02 10:00:00,102,99.9,7,6,105.0,Normal
2027-01-02 11:00:00,71,74.5,4,4,60.0,Normal
2027-01-02 12:00:00,54,54.3,3,4,45.0,Normal
2027-01-02 13:00:00,51,60.8,4,4,60.0,Normal
2027-01-02 14:00:00,75,71.9,5,6,75.0,Normal
2027-01-02 15:00:00,86,87.4,5,5,75.0,Normal
2027-01-02 16:00:00,100,96.6,6,6,90.0,Normal
2027-01-02 17:00:00,89,87.5,3,4,45.0,Normal
2027-01-02 18:00:00,82,83.3,4,4,60.0,Normal
2027-01-02 19:00:00,83,80.5,4,4,60.0,Normal
2027-01-02 20:00:00,57,58.9,3,5,45.0,Normal
2027-01-02 21:00:00,34,42.7,4,4,60.0,Normal
2027-01-02 22:00:00,31,27.7,3,4,45.0,Normal
2027-01-02 23:00:00,29,25.3,3,4,45.0,Normal
2027-01-03 00:00:00,27,20.9,2,4,30.0,Normal
2027-01-03 01:00:00,20,22.8,2,3,30.0,Normal
2027-01-03 02:00:00,14,16.2,2,3,30.0,Normal
2027-01-03 03:00:00,11,14.3,2,3,30.0,Normal
2027-01-03 04:00:00,16,14.4,2,3,30.0,Normal
2027-01-03 05:00:00,22,19.2,2,4,30.0,Normal
2027-01-03 06:00:00,23,31.5,3,4,45.0,Normal
2027-01-03 07:00:00,30,31.7,3,4,45.0,Normal
2027-01-03 08:00:00,44,43.0,3,4,45.0,Normal
2027-01-03 09:00:00,51,51.9,3,4,45.0,Normal
2027-01-03 10:00:00,58,56.4,3,5,45.0,Normal
2027-01-03 11:00:00,38,41.3,3,4,45.0,Normal
2027-01-03 12:00:00,30,27.5,3,4,45.0,Normal
2027-01-03 13:00:00,34,36.2,3,4,45.0,Normal
2027-01-03 14:00:00,43,46.8,3,4,45.0,Normal
2027-01-03 15:00:00,50,54.1,5,4,75.0,Normal
2027-01-03 16:00:00,62,55.3,4,4,60.0,Normal
2027-01-03 17:00:00,56,52.9,3,4,45.0,Normal
2027-01-03 18:00:00,43,46.3,3,4,45.0,Normal
2027-01-03 19:00:00,37,39.8,4,4,60.0,Normal
2027-01-03 20:00:00,23,22.8,2,3,30.0,Normal
2027-01-03 21:00:00,14,14.2,2,3,30.0,Normal
2027-01-03 22:00:00,0,9.8,2,4,30.0,Normal
2027-01-03 23:00:00,0,0.0,2,3,30.0,Normal
2027-01-04 00:00:00,13,2.8,2,4,30.0,Normal
2027-01-04 01:00:00,26,14.5,2,3,30.0,Normal
2027-01-04 02:00:00,24,24.3,2,3,30.0,Normal
2027-01-04 03:00:00,19,21.4,2,3,30.0,Normal
2027-01-04 04:00:00,31,27.1,3,3,45.0,Normal
2027-01-04 05:00:00,31,32.9,2,3,30.0,Normal
2027-01-04 06:00:00,46,44.0,4,5,60.0,Normal
2027-01-04 07:00:00,57,60.3,4,6,60.0,Normal
2027-01-04 08:00:00,89,81.7,8,8,120.0,Normal
2027-01-04 09:00:00,106,104.9,8,8,120.0,Normal
2027-01-04 10:00:00,119,119.5,8,8,120.0,Normal
2027-01-04 11:00:00,80,84.7,3,5,45.0,Normal
2027-01-04 12:00:00,50,59.4,4,4,60.0,Normal
2027-01-04 13:00:00,69,61.5,6,6,90.0,Normal
2027-01-04 14:00:00,98,92.3,8,8,120.0,Normal
2027-01-04 15:00:00,112,115.2,8,8,120.0,Normal
2027-01-04 16:00:00,121,124.0,8,8,120.0,Normal
2027-01-04 17:00:00,110,107.1,6,6,90.0,Normal
2027-01-04 18:00:00,97,98.3,5,5,75.0,Normal
2027-01-04 19:00:00,87,88.3,6,6,90.0,Normal
2027-01-04 20:00:00,61,61.9,2,3,30.0,Normal
2027-01-04 21:00:00,48,43.9,3,3,45.0,Normal
2027-01-04 22:00:00,39,40.3,2,3,30.0,Normal
2027-01-04 23:00:00,39,32.0,2,3,30.0,Normal
2027-01-05 00:00:00,24,34.5,2,3,30.0,Normal
2027-01-05 01:00:00,20,23.4,3,3,45.0,Normal
2027-01-05 02:00:00,26,19.6,3,4,45.0,Normal
2027-01-05 03:00:00,26,26.0,2,4,30.0,Normal
2027-01-05 04:00:00,31,32.7,2,3,30.0,Normal
2027-01-05 05:00:00,33,34.9,2,3,30.0,Normal
2027-01-05 06:00:00,42,47.3,6,5,90.0,Normal
2027-01-05 07:00:00,58,56.1,4,5,60.0,Normal
2027-01-05 08:00:00,116,90.1,7,7,105.0,Volume Spike (+60%)
2027-01-05 09:00:00,151,141.1,8,8,120.0,Volume Spike (+60%)
2027-01-05 10:00:00,179,177.9,7,8,105.0,Volume Spike (+60%)
2027-01-05 11:00:00,122,139.5,3,4,45.0,Volume Spike (+60%)
2027-01-05 12:00:00,93,98.0,4,5,60.0,Volume Spike (+60%)
2027-01-05 13:00:00,109,104.2,7,7,105.0,Volume Spike (+60%)
2027-01-05 14:00:00,151,149.2,8,8,120.0,Volume Spike (+60%)
2027-01-05 15:00:00,169,177.2,8,8,120.0,Volume Spike (+60%)
2027-01-05 16:00:00,194,179.7,9,7,135.0,Volume Spike (+60%)
2027-01-05 17:00:00,175,177.3,7,6,105.0,Volume Spike (+60%)
2027-01-05 18:00:00,156,155.6,7,6,105.0,Volume Spike (+60%)
2027-01-05 19:00:00,137,143.8,6,7,90.0,Volume Spike (+60%)
2027-01-05 20:00:00,95,101.4,2,3,30.0,Volume Spike (+60%)
2027-01-05 21:00:00,76,76.6,2,3,30.0,Volume Spike (+60%)
2027-01-05 22:00:00,62,61.0,2,3,30.0,Volume Spike (+60%)
2027-01-05 23:00:00,53,51.1,2,3,30.0,Volume Spike (+60%)
2027-01-06 00:00:00,42,51.1,3,3,45.0,Volume Spike (+60%)
2027-01-06 01:00:00,52,41.0,2,3,30.0,Volume Spike (+60%)
2027-01-06 02:00:00,46,54.3,2,3,30.0,Volume Spike (+60%)
2027-01-06 03:00:00,40,42.9,2,3,30.0,Volume Spike (+60%)
2027-01-06 04:00:00,46,44.7,3,3,45.0,Volume Spike (+60%)
2027-01-06 05:00:00,56,54.6,2,3,30.0,Volume Spike (+60%)
2027-01-06 06:00:00,77,72.2,4,7,60.0,Volume Spike (+60%)
2027-01-06 07:00:00,91,96.2,5,6,75.0,Volume Spike (+60%)
2027-01-06 08:00:00,160,125.8,8,7,120.0,Volume Spike (+60%)
2027-01-06 09:00:00,188,192.5,8,8,120.0,Volume Spike (+60%)
2027-01-06 10:00:00,199,198.8,7,8,105.0,Volume Spike (+60%)
2027-01-06 11:00:00,132,152.2,3,4,45.0,Volume Spike (+60%)
2027-01-06 12:00:00,103,104.2,4,4,60.0,Volume Spike (+60%)
2027-01-06 13:00:00,114,121.5,5,6,75.0,Volume Spike (+60%)
2027-01-06 14:00:00,148,149.9,8,8,120.0,Volume Spike (+60%)
2027-01-06 15:00:00,177,175.2,9,8,135.0,Volume Spike (+60%)
2027-01-06 16:00:00,193,180.7,9,8,135.0,Volume Spike (+60%)
2027-01-06 17:00:00,163,170.7,5,6,75.0,Volume Spike (+60%)
2027-01-06 18:00:00,157,159.6,5,5,75.0,Volume Spike (+60%)
2027-01-06 19:00:00,144,145.1,5,5,75.0,Volume Spike (+60%)
2027-01-06 20:00:00,105,105.1,2,3,30.0,Volume Spike (+60%)
2027-01-06 21:00:00,69,75.3,2,3,30.0,Volume Spike (+60%)
2027-01-06 22:00:00,65,55.8,2,3,30.0,Volume Spike (+60%)
2027-01-06 23:00:00,47,50.4,2,4,30.0,Volume Spike (+60%)
2027-01-07 00:00:00,42,40.9,2,3,30.0,Volume Spike (+60%)
2027-01-07 01:00:00,48,40.6,3,3,45.0,Volume Spike (+60%)
2027-01-07 02:00:00,41,47.3,2,3,30.0,Volume Spike (+60%)
2027-01-07 03:00:00,40,39.6,2,4,30.0,Volume Spike (+60%)
2027-01-07 04:00:00,48,42.8,3,4,45.0,Volume Spike (+60%)
2027-01-07 05:00:00,48,58.8,2,3,30.0,Volume Spike (+60%)
2027-01-07 06:00:00,74,66.4,4,5,60.0,Volume Spike (+60%)
2027-01-07 07:00:00,87,90.4,6,7,90.0,Volume Spike (+60%)
2027-01-07 08:00:00,130,127.6,9,8,135.0,Volume Spike (+60%)
2027-01-07 09:00:00,160,164.3,7,8,105.0,Volume Spike (+60%)
2027-01-07 10:00:00,181,179.6,7,8,105.0,Volume Spike (+60%)
2027-01-07 11:00:00,126,146.0,3,5,45.0,Volume Spike (+60%)
2027-01-07 12:00:00,90,95.4,3,4,45.0,Volume Spike (+60%)
2027-01-07 13:00:00,109,104.0,6,5,90.0,Volume Spike (+60%)
2027-01-07 14:00:00,162,151.9,8,8,120.0,Volume Spike (+60%)
2027-01-07 15:00:00,187,184.8,8,7,120.0,Volume Spike (+60%)
2027-01-07 16:00:00,195,187.4,8,7,120.0,Volume Spike (+60%)
2027-01-07 17:00:00,172,167.7,6,7,90.0,Volume Spike (+60%)
2027-01-07 18:00:00,159,159.1,6,6,90.0,Volume Spike (+60%)
2027-01-07 19:00:00,127,149.5,6,5,90.0,Normal
2027-01-07 20:00:00,87,94.5,2,3,30.0,Normal
2027-01-07 21:00:00,62,52.9,2,3,30.0,Normal
2027-01-07 22:00:00,41,42.2,3,3,45.0,Normal
2027-01-07 23:00:00,46,31.2,2,3,30.0,Normal
2027-01-08 00:00:00,39,39.7,2,3,30.0,Normal
2027-01-08 01:00:00,35,33.5,3,3,45.0,Normal
2027-01-08 02:00:00,23,31.1,2,3,30.0,Normal
2027-01-08 03:00:00,19,19.0,2,3,30.0,Normal
2027-01-08 04:00:00,34,24.7,3,3,45.0,Normal
2027-01-08 05:00:00,34,35.1,2,4,30.0,Normal
2027-01-08 06:00:00,51,45.3,6,7,90.0,Normal
2027-01-08 07:00:00,56,63.1,4,7,60.0,Normal
2027-01-08 08:00:00,87,89.0,8,8,120.0,Normal
2027-01-08 09:00:00,108,109.5,8,8,120.0,Normal
2027-01-08 10:00:00,127,122.7,7,8,105.0,Normal
2027-01-08 11:00:00,93,95.2,3,5,45.0,Normal
2027-01-08 12:00:00,57,65.4,4,4,60.0,Normal
2027-01-08 13:00:00,77,71.8,6,6,90.0,Normal
2027-01-08 14:00:00,109,107.2,8,8,120.0,Normal
2027-01-08 15:00:00,119,124.7,7,8,105.0,Normal
2027-01-08 16:00:00,125,118.4,8,8,120.0,Normal
2027-01-08 17:00:00,111,110.5,6,6,90.0,Normal
2027-01-08 18:00:00,94,100.4,6,7,90.0,Normal
2027-01-08 19:00:00,91,90.5,7,6,105.0,Normal
2027-01-08 20:00:00,65,64.5,2,3,30.0,Normal
2027-01-08 21:00:00,41,43.9,3,3,45.0,Normal
2027-01-08 22:00:00,41,33.2,3,4,45.0,Normal
2027-01-08 23:00:00,34,32.6,2,3,30.0,Normal
2027-01-09 00:00:00,22,26.3,3,4,45.0,Normal
2027-01-09 01:00:00,23,17.7,4,3,60.0,Normal
2027-01-09 02:00:00,17,20.5,3,4,45.0,Normal
2027-01-09 03:00:00,8,15.2,2,5,30.0,Normal
2027-01-09 04:00:00,14,12.6,4,3,60.0,Normal
2027-01-09 05:00:00,11,19.4,3,3,45.0,Normal
2027-01-09 06:00:00,28,15.4,3,4,45.0,Normal
2027-01-09 07:00:00,39,37.9,5,5,75.0,Normal
2027-01-09 08:00:00,64,64.2,5,6,75.0,Normal
2027-01-09 09:00:00,86,82.4,5,5,75.0,Normal
2027-01-09 10:00:00,93,95.3,6,6,90.0,Normal
2027-01-09 11:00:00,64,64.3,3,4,45.0,Normal
2027-01-09 12:00:00,44,44.3,4,4,60.0,Normal
2027-01-09 13:00:00,57,52.9,5,4,75.0,Normal
2027-01-09 14:00:00,79,78.7,7,7,105.0,Normal
2027-01-09 15:00:00,91,91.0,5,6,75.0,Normal
2027-01-09 16:00:00,99,98.7,5,6,75.0,Normal
2027-01-09 17:00:00,79,88.0,3,4,45.0,Normal
2027-01-09 18:00:00,76,70.1,4,5,60.0,Normal
2027-01-09 19:00:00,75,69.2,4,4,60.0,Normal
2027-01-09 20:00:00,52,52.5,3,4,45.0,Normal
2027-01-09 21:00:00,38,39.5,3,4,45.0,Normal
2027-01-09 22:00:00,23,29.8,3,4,45.0,Normal
2027-01-09 23:00:00,26,19.2,3,5,45.0,Normal
2027-01-10 00:00:00,11,18.5,2,3,30.0,Normal
2027-01-10 01:00:00,14,7.7,3,3,45.0,Normal
2027-01-10 02:00:00,18,13.1,3,4,45.0,Normal
2027-01-10 03:00:00,14,15.8,2,3,30.0,Normal
2027-01-10 04:00:00,12,17.4,2,3,30.0,Normal
2027-01-10 05:00:00,18,14.7,2,3,30.0,Normal
2027-01-10 06:00:00,20,23.8,3,4,45.0,Normal
2027-01-10 07:00:00,26,26.3,3,4,45.0,Normal
2027-01-10 08:00:00,42,38.9,5,4,75.0,Normal
2027-01-10 09:00:00,57,51.7,5,4,75.0,Normal
2027-01-10 10:00:00,67,63.4,5,4,75.0,Normal
2027-01-10 11:00:00,46,50.1,3,4,45.0,Normal
2027-01-10 12:00:00,37,35.6,3,4,45.0,Normal
2027-01-10 13:00:00,45,40.9,3,4,45.0,Normal
2027-01-10 14:00:00,56,57.6,5,4,75.0,Normal
2027-01-10 15:00:00,66,64.9,3,4,45.0,Normal
2027-01-10 16:00:00,70,73.2,4,4,60.0,Normal
2027-01-10 17:00:00,57,60.8,3,4,45.0,Normal
2027-01-10 18:00:00,55,54.4,3,4,45.0,Normal
2027-01-10 19:00:00,53,54.4,3,4,45.0,Normal
2027-01-10 20:00:00,42,37.9,3,3,45.0,Normal
2027-01-10 21:00:00,38,32.5,2,4,30.0,Normal
2027-01-10 22:00:00,30,31.3,2,3,30.0,Normal
2027-01-10 23:00:00,21,26.6,2,3,30.0,Normal
2027-01-11 00:00:00,25,22.3,2,3,30.0,Normal
2027-01-11 01:00:00,22,25.5,2,3,30.0,Normal
2027-01-11 02:00:00,25,22.8,3,3,45.0,Normal
2027-01-11 03:00:00,24,24.9,2,3,30.0,Normal
2027-01-11 04:00:00,42,33.7,2,4,30.0,Normal
2027-01-11 05:00:00,37,43.5,2,4,30.0,Normal
2027-01-11 06:00:00,49,50.0,6,5,90.0,Normal
2027-01-11 07:00:00,59,58.9,4,5,60.0,Normal
2027-01-11 08:00:00,83,88.3,7,7,105.0,Normal
2027-01-11 09:00:00,104,99.7,7,7,105.0,Normal
2027-01-11 10:00:00,120,119.2,8,8,120.0,Normal
2027-01-11 11:00:00,82,86.9,3,4,45.0,Normal
2027-01-11 12:00:00,57,58.9,3,4,45.0,Normal
2027-01-11 13:00:00,64,64.1,5,6,75.0,Normal
2027-01-11 14:00:00,97,91.5,8,8,120.0,Normal
2027-01-11 15:00:00,111,116.3,8,8,120.0,Normal
2027-01-11 16:00:00,114,119.8,8,8,120.0,Normal
2027-01-11 17:00:00,96,101.0,7,6,105.0,Normal
2027-01-11 18:00:00,86,86.0,6,6,90.0,Normal
2027-01-11 19:00:00,89,76.7,6,6,90.0,Normal
2027-01-11 20:00:00,61,64.4,2,3,30.0,Normal
2027-01-11 21:00:00,46,43.5,2,3,30.0,Normal
2027-01-11 22:00:00,40,36.6,2,4,30.0,Normal
2027-01-11 23:00:00,28,33.0,3,4,45.0,Normal
2027-01-12 00:00:00,22,24.0,2,3,30.0,Normal
2027-01-12 01:00:00,14,18.6,3,3,45.0,Normal
2027-01-12 02:00:00,20,14.8,3,4,45.0,Normal
2027-01-12 03:00:00,26,21.0,2,3,30.0,Normal
2027-01-12 04:00:00,31,32.7,3,3,45.0,Normal
2027-01-12 05:00:00,33,34.1,2,3,30.0,Normal
2027-01-12 06:00:00,48,45.9,4,6,60.0,Normal
2027-01-12 07:00:00,57,58.1,4,6,60.0,Normal
2027-01-12 08:00:00,83,88.3,8,8,120.0,Normal
2027-01-12 09:00:00,104,100.6,7,8,105.0,Normal
2027-01-12 10:00:00,119,118.6,9,7,135.0,Normal
2027-01-12 11:00:00,85,85.1,3,4,45.0,Normal
2027-01-12 12:00:00,63,68.7,3,5,45.0,Normal
2027-01-12 13:00:00,76,69.6,5,5,75.0,Normal
2027-01-12 14:00:00,106,99.7,8,8,120.0,Normal
2027-01-12 15:00:00,117,123.3,9,8,135.0,Normal
2027-01-12 16:00:00,129,125.7,8,8,120.0,Normal
2027-01-12 17:00:00,115,113.3,5,7,75.0,Normal
2027-01-12 18:00:00,103,104.8,6,5,90.0,Normal
2027-01-12 19:00:00,94,96.2,6,6,90.0,Normal
2027-01-12 20:00:00,67,71.6,2,3,30.0,Normal
2027-01-12 21:00:00,45,46.9,2,4,30.0,Normal
2027-01-12 22:00:00,41,40.9,2,4,30.0,Normal
2027-01-12 23:00:00,29,34.2,2,4,30.0,Normal
2027-01-13 00:00:00,28,22.3,3,3,45.0,Normal
2027-01-13 01:00:00,16,22.5,3,4,45.0,Normal
2027-01-13 02:00:00,15,14.5,3,4,45.0,Normal
2027-01-13 03:00:00,18,14.0,3,3,45.0,Normal
2027-01-13 04:00:00,18,22.1,2,3,30.0,Normal
2027-01-13 05:00:00,20,20.6,2,3,30.0,Normal
2027-01-13 06:00:00,41,26.3,5,5,75.0,Normal
2027-01-13 07:00:00,54,56.9,5,6,75.0,Normal
2027-01-13 08:00:00,82,84.5,9,8,135.0,Normal
2027-01-13 09:00:00,98,99.8,8,8,120.0,Normal
2027-01-13 10:00:00,130,118.7,8,7,120.0,Normal
2027-01-13 11:00:00,92,108.3,3,5,45.0,Normal
2027-01-13 12:00:00,67,69.9,3,5,45.0,Normal
2027-01-13 13:00:00,62,63.8,7,6,105.0,Normal
2027-01-13 14:00:00,91,83.9,8,8,120.0,Normal
2027-01-13 15:00:00,111,107.8,9,8,135.0,Normal
2027-01-13 16:00:00,122,121.0,7,8,105.0,Normal
2027-01-13 17:00:00,109,111.1,6,6,90.0,Normal
2027-01-13 18:00:00,97,99.1,5,6,75.0,Normal
2027-01-13 19:00:00,88,90.2,6,7,90.0,Normal
2027-01-13 20:00:00,65,63.8,3,4,45.0,Normal
2027-01-13 21:00:00,57,46.4,2,3,30.0,Normal
2027-01-13 22:00:00,37,46.8,2,3,30.0,Normal
2027-01-13 23:00:00,24,29.6,2,4,30.0,Normal
2027-01-14 00:00:00,29,18.9,2,3,30.0,Normal
2027-01-14 01:00:00,20,24.8,3,4,45.0,Normal
2027-01-14 02:00:00,19,18.2,2,3,30.0,Normal
2027-01-14 03:00:00,22,18.8,2,4,30.0,Normal
2027-01-14 04:00:00,41,29.0,2,3,30.0,Normal
2027-01-14 05:00:00,37,45.8,3,3,45.0,Normal
2027-01-14 06:00:00,56,57.4,4,7,60.0,Normal
2027-01-14 07:00:00,68,71.9,6,6,90.0,Normal
2027-01-14 08:00:00,88,92.3,9,7,135.0,Normal
2027-01-14 09:00:00,103,102.7,9,8,135.0,Normal
2027-01-14 10:00:00,122,111.6,8,8,120.0,Normal
2027-01-14 11:00:00,82,86.1,4,5,60.0,Normal
2027-01-14 12:00:00,70,64.6,4,4,60.0,Normal
2027-01-14 13:00:00,85,77.6,7,5,105.0,Normal
2027-01-14 14:00:00,100,107.4,8,8,120.0,Normal
2027-01-14 15:00:00,115,112.9,8,7,120.0,Normal
2027-01-14 16:00:00,117,118.6,7,7,105.0,Normal
2027-01-14 17:00:00,105,107.5,7,6,105.0,Normal
2027-01-14 18:00:00,93,97.8,7,7,105.0,Normal
2027-01-14 19:00:00,96,86.0,7,6,105.0,Normal
2027-01-14 20:00:00,72,73.5,3,3,45.0,Normal
2027-01-14 21:00:00,55,56.8,2,3,30.0,Normal
2027-01-14 22:00:00,57,45.9,2,3,30.0,Normal
2027-01-14 23:00:00,41,46.8,3,3,45.0,Normal
2027-01-15 00:00:00,30,36.9,3,3,45.0,Normal
2027-01-15 01:00:00,30,28.1,2,4,30.0,Normal
2027-01-15 02:00:00,22,29.0,2,3,30.0,Normal
2027-01-15 03:00:00,15,19.4,2,4,30.0,Normal
2027-01-15 04:00:00,25,21.1,2,3,30.0,Normal
2027-01-15 05:00:00,28,27.3,2,3,30.0,Normal
2027-01-15 06:00:00,40,40.6,5,7,75.0,Normal
2027-01-15 07:00:00,43,51.1,5,7,75.0,Normal
2027-01-15 08:00:00,86,69.9,9,8,135.0,Normal
2027-01-15 09:00:00,99,105.0,9,8,135.0,Normal
2027-01-15 10:00:00,118,115.9,7,8,105.0,Normal
2027-01-15 11:00:00,85,79.6,3,4,45.0,Normal
2027-01-15 12:00:00,58,62.7,3,4,45.0,Normal
2027-01-15 13:00:00,67,68.7,7,5,105.0,Normal
2027-01-15 14:00:00,94,94.7,8,8,120.0,Normal
2027-01-15 15:00:00,115,111.9,9,8,135.0,Normal
2027-01-15 16:00:00,127,123.6,8,7,120.0,Normal
2027-01-15 17:00:00,104,108.3,6,7,90.0,Normal
2027-01-15 18:00:00,93,94.7,6,7,90.0,Normal
2027-01-15 19:00:00,83,91.1,6,6,90.0,Normal
2027-01-15 20:00:00,56,55.0,3,4,45.0,Normal
2027-01-15 21:00:00,47,40.4,3,4,45.0,Normal
2027-01-15 22:00:00,42,35.6,2,3,30.0,Normal
2027-01-15 23:00:00,29,33.5,2,3,30.0,Normal
2027-01-16 00:00:00,28,23.0,2,4,30.0,Normal
2027-01-16 01:00:00,17,24.5,3,4,45.0,Normal
2027-01-16 02:00:00,21,15.6,3,4,45.0,Normal
2027-01-16 03:00:00,14,19.4,4,5,60.0,Normal
2027-01-16 04:00:00,21,19.8,3,4,45.0,Normal
2027-01-16 05:00:00,35,23.3,3,4,45.0,Normal
2027-01-16 06:00:00,37,47.3,3,5,45.0,Normal
2027-01-16 07:00:00,50,43.7,5,4,75.0,Normal
2027-01-16 08:00:00,64,72.2,6,6,90.0,Normal
2027-01-16 09:00:00,83,82.1,6,7,90.0,Normal
2027-01-16 10:00:00,92,93.6,7,5,105.0,Normal
2027-01-16 11:00:00,68,63.9,4,4,60.0,Normal
2027-01-16 12:00:00,47,48.8,3,4,45.0,Normal
2027-01-16 13:00:00,53,54.9,5,4,75.0,Normal
2027-01-16 14:00:00,80,75.7,6,7,90.0,Normal
2027-01-16 15:00:00,88,93.1,6,7,90.0,Normal
2027-01-16 16:00:00,89,92.1,6,6,90.0,Normal
2027-01-16 17:00:00,77,75.7,4,5,60.0,Normal
2027-01-16 18:00:00,75,68.7,5,5,75.0,Normal
2027-01-16 19:00:00,67,70.7,4,4,60.0,Normal
2027-01-16 20:00:00,49,45.5,3,4,45.0,Normal
2027-01-16 21:00:00,29,37.3,2,4,30.0,Normal
2027-01-16 22:00:00,27,21.0,4,5,60.0,Normal
2027-01-16 23:00:00,26,22.7,3,4,45.0,Normal
2027-01-17 00:00:00,12,18.3,2,3,30.0,Normal
2027-01-17 01:00:00,17,9.7,2,3,30.0,Normal
2027-01-17 02:00:00,9,14.6,2,4,30.0,Normal
2027-01-17 03:00:00,8,10.1,2,3,30.0,Normal
2027-01-17 04:00:00,12,9.1,2,3,30.0,Normal
2027-01-17 05:00:00,25,15.9,2,3,30.0,Normal
2027-01-17 06:00:00,36,32.4,3,4,45.0,Normal
2027-01-17 07:00:00,28,38.9,3,4,45.0,Normal
2027-01-17 08:00:00,45,43.2,5,4,75.0,Normal
2027-01-17 09:00:00,62,56.7,5,4,75.0,Normal
2027-01-17 10:00:00,60,65.2,3,4,45.0,Normal
2027-01-17 11:00:00,40,42.6,3,4,45.0,Normal
2027-01-17 12:00:00,25,27.8,3,4,45.0,Normal
2027-01-17 13:00:00,24,30.0,3,4,45.0,Normal
2027-01-17 14:00:00,34,33.0,4,4,60.0,Normal
2027-01-17 15:00:00,46,44.3,5,4,75.0,Normal
2027-01-17 16:00:00,54,54.3,5,4,75.0,Normal
2027-01-17 17:00:00,50,46.4,4,4,60.0,Normal
2027-01-17 18:00:00,53,45.7,3,4,45.0,Normal
2027-01-17 19:00:00,44,45.9,3,4,45.0,Normal
2027-01-17 20:00:00,26,30.6,2,4,30.0,Normal
2027-01-17 21:00:00,23,19.8,2,3,30.0,Normal
2027-01-17 22:00:00,22,19.7,2,3,30.0,Normal
2027-01-17 23:00:00,22,17.2,2,3,30.0,Normal
2027-01-18 00:00:00,18,23.5,3,3,45.0,Normal
2027-01-18 01:00:00,21,19.9,2,3,30.0,Normal
2027-01-18 02:00:00,26,22.0,3,3,45.0,Normal
2027-01-18 03:00:00,27,25.9,3,3,45.0,Normal
2027-01-18 04:00:00,33,34.5,2,4,30.0,Normal
2027-01-18 05:00:00,32,36.1,2,3,30.0,Normal
2027-01-18 06:00:00,40,45.8,6,6,90.0,Normal
2027-01-18 07:00:00,56,51.2,5,6,75.0,Normal
2027-01-18 08:00:00,71,83.2,9,8,135.0,Zone Imbalance (Dock Congestion)
2027-01-18 09:00:00,73,79.0,9,8,135.0,Zone Imbalance (Dock Congestion)
2027-01-18 10:00:00,78,75.9,8,8,120.0,Zone Imbalance (Dock Congestion)
2027-01-18 11:00:00,55,61.8,4,4,60.0,Zone Imbalance (Dock Congestion)
2027-01-18 12:00:00,35,36.2,4,4,60.0,Zone Imbalance (Dock Congestion)
2027-01-18 13:00:00,44,42.4,6,6,90.0,Zone Imbalance (Dock Congestion)
2027-01-18 14:00:00,70,56.3,8,8,120.0,Zone Imbalance (Dock Congestion)
2027-01-18 15:00:00,77,78.5,9,7,135.0,Zone Imbalance (Dock Congestion)
2027-01-18 16:00:00,75,79.9,8,7,120.0,Zone Imbalance (Dock Congestion)
2027-01-18 17:00:00,59,60.5,6,5,90.0,Zone Imbalance (Dock Congestion)
2027-01-18 18:00:00,49,50.9,6,6,90.0,Zone Imbalance (Dock Congestion)
2027-01-18 19:00:00,54,49.3,6,6,90.0,Zone Imbalance (Dock Congestion)
2027-01-18 20:00:00,37,39.1,2,3,30.0,Zone Imbalance (Dock Congestion)
2027-01-18 21:00:00,24,23.8,2,4,30.0,Zone Imbalance (Dock Congestion)
2027-01-18 22:00:00,15,16.3,3,4,45.0,Zone Imbalance (Dock Congestion)
2027-01-18 23:00:00,13,11.3,2,3,30.0,Zone Imbalance (Dock Congestion)
2027-01-19 00:00:00,9,10.0,2,3,30.0,Zone Imbalance (Dock Congestion)
2027-01-19 01:00:00,8,9.8,2,3,30.0,Zone Imbalance (Dock Congestion)
2027-01-19 02:00:00,0,3.7,3,4,45.0,Zone Imbalance (Dock Congestion)
2027-01-19 03:00:00,0,0.4,3,3,45.0,Zone Imbalance (Dock Congestion)
2027-01-19 04:00:00,11,3.6,3,3,45.0,Zone Imbalance (Dock Congestion)
2027-01-19 05:00:00,19,15.6,2,3,30.0,Zone Imbalance (Dock Congestion)
2027-01-19 06:00:00,26,27.5,5,7,75.0,Zone Imbalance (Dock Congestion)
2027-01-19 07:00:00,37,31.2,5,7,75.0,Zone Imbalance (Dock Congestion)
2027-01-19 08:00:00,59,59.2,9,8,135.0,Zone Imbalance (Dock Congestion)
2027-01-19 09:00:00,61,68.2,7,7,105.0,Zone Imbalance (Dock Congestion)
2027-01-19 10:00:00,68,66.4,8,8,120.0,Zone Imbalance (Dock Congestion)
2027-01-19 11:00:00,51,55.0,4,4,60.0,Zone Imbalance (Dock Congestion)
2027-01-19 12:00:00,51,41.9,3,4,45.0,Zone Imbalance (Dock Congestion)
2027-01-19 13:00:00,56,60.7,5,5,75.0,Zone Imbalance (Dock Congestion)
2027-01-19 14:00:00,76,68.1,9,8,135.0,Zone Imbalance (Dock Congestion)
2027-01-19 15:00:00,78,81.4,7,7,105.0,Zone Imbalance (Dock Congestion)
2027-01-19 16:00:00,83,82.8,9,8,135.0,Zone Imbalance (Dock Congestion)
2027-01-19 17:00:00,75,72.6,7,6,105.0,Zone Imbalance (Dock Congestion)
2027-01-19 18:00:00,61,63.6,6,7,90.0,Zone Imbalance (Dock Congestion)
2027-01-19 19:00:00,49,55.2,6,6,90.0,Zone Imbalance (Dock Congestion)
2027-01-19 20:00:00,39,36.5,2,3,30.0,Zone Imbalance (Dock Congestion)
2027-01-19 21:00:00,38,26.4,3,3,45.0,Zone Imbalance (Dock Congestion)
2027-01-19 22:00:00,25,29.2,2,4,30.0,Zone Imbalance (Dock Congestion)
2027-01-19 23:00:00,26,20.6,2,3,30.0,Zone Imbalance (Dock Congestion)
2027-01-20 00:00:00,14,21.9,3,3,45.0,Zone Imbalance (Dock Congestion)
2027-01-20 01:00:00,10,13.3,3,4,45.0,Zone Imbalance (Dock Congestion)
2027-01-20 02:00:00,11,9.6,2,3,30.0,Zone Imbalance (Dock Congestion)
2027-01-20 03:00:00,10,10.8,2,3,30.0,Zone Imbalance (Dock Congestion)
2027-01-20 04:00:00,22,13.5,2,3,30.0,Zone Imbalance (Dock Congestion)
2027-01-20 05:00:00,16,24.0,2,3,30.0,Zone Imbalance (Dock Congestion)
2027-01-20 06:00:00,25,24.0,5,5,75.0,Zone Imbalance (Dock Congestion)
2027-01-20 07:00:00,29,32.2,4,6,60.0,Zone Imbalance (Dock Congestion)
2027-01-20 08:00:00,54,42.1,8,8,120.0,Zone Imbalance (Dock Congestion)
2027-01-20 09:00:00,66,69.1,8,8,120.0,Zone Imbalance (Dock Congestion)
2027-01-20 10:00:00,77,74.5,8,8,120.0,Zone Imbalance (Dock Congestion)
2027-01-20 11:00:00,51,71.6,4,4,60.0,Zone Imbalance (Dock Congestion)
2027-01-20 12:00:00,44,38.6,3,4,45.0,Zone Imbalance (Dock Congestion)
2027-01-20 13:00:00,44,47.4,7,6,105.0,Zone Imbalance (Dock Congestion)
2027-01-20 14:00:00,53,55.4,8,8,120.0,Zone Imbalance (Dock Congestion)
2027-01-20 15:00:00,59,61.0,9,7,135.0,Zone Imbalance (Dock Congestion)
2027-01-20 16:00:00,69,63.4,8,8,120.0,Zone Imbalance (Dock Congestion)
2027-01-20 17:00:00,65,63.3,6,6,90.0,Zone Imbalance (Dock Congestion)
2027-01-20 18:00:00,53,53.8,7,7,105.0,Zone Imbalance (Dock Congestion)
2027-01-20 19:00:00,49,48.2,6,6,90.0,Normal
2027-01-20 20:00:00,37,35.6,2,3,30.0,Normal
2027-01-20 21:00:00,31,30.1,2,3,30.0,Normal
2027-01-20 22:00:00,32,21.2,2,3,30.0,Normal
2027-01-20 23:00:00,36,25.0,3,3,45.0,Normal
2027-01-21 00:00:00,34,32.2,2,3,30.0,Normal
2027-01-21 01:00:00,32,32.3,2,3,30.0,Normal
2027-01-21 02:00:00,28,31.3,2,3,30.0,Normal
2027-01-21 03:00:00,30,27.7,3,3,45.0,Normal
2027-01-21 04:00:00,37,36.9,2,3,30.0,Normal
2027-01-21 05:00:00,30,38.2,2,3,30.0,Normal
2027-01-21 06:00:00,46,46.3,5,5,75.0,Normal
2027-01-21 07:00:00,61,59.8,4,6,60.0,Normal
2027-01-21 08:00:00,92,85.6,9,8,135.0,Normal
2027-01-21 09:00:00,106,105.4,7,8,105.0,Normal
2027-01-21 10:00:00,116,118.0,8,8,120.0,Normal
2027-01-21 11:00:00,79,84.1,4,4,60.0,Normal
2027-01-21 12:00:00,63,62.0,3,4,45.0,Normal
2027-01-21 13:00:00,66,70.8,7,5,105.0,Normal
2027-01-21 14:00:00,91,90.5,8,8,120.0,Normal
2027-01-21 15:00:00,114,103.8,8,8,120.0,Normal
2027-01-21 16:00:00,116,125.6,8,7,120.0,Normal
2027-01-21 17:00:00,107,102.0,6,6,90.0,Normal
2027-01-21 18:00:00,98,99.4,5,7,75.0,Normal
2027-01-21 19:00:00,91,93.5,7,6,105.0,Normal
2027-01-21 20:00:00,62,62.2,2,3,30.0,Normal
2027-01-21 21:00:00,46,44.0,3,4,45.0,Normal
2027-01-21 22:00:00,36,40.4,2,4,30.0,Normal
2027-01-21 23:00:00,22,29.3,2,3,30.0,Normal
2027-01-22 00:00:00,25,19.6,2,3,30.0,Normal
2027-01-22 01:00:00,31,22.7,2,3,30.0,Normal
2027-01-22 02:00:00,25,29.1,2,3,30.0,Normal
2027-01-22 03:00:00,26,24.7,3,3,45.0,Normal
2027-01-22 04:00:00,30,31.7,2,3,30.0,Normal
2027-01-22 05:00:00,40,33.3,2,4,30.0,Normal
2027-01-22 06:00:00,49,51.4,4,7,60.0,Normal
2027-01-22 07:00:00,56,56.9,4,5,60.0,Normal
2027-01-22 08:00:00,90,90.1,9,8,135.0,Normal
2027-01-22 09:00:00,116,110.7,7,8,105.0,Normal
2027-01-22 10:00:00,121,131.8,9,7,135.0,Normal
2027-01-22 11:00:00,84,82.5,3,4,45.0,Normal
2027-01-22 12:00:00,70,61.1,4,5,60.0,Normal
2027-01-22 13:00:00,71,75.4,6,5,90.0,Normal
2027-01-22 14:00:00,101,99.1,8,8,120.0,Normal
2027-01-22 15:00:00,114,119.2,7,8,105.0,Normal
2027-01-22 16:00:00,121,124.0,8,8,120.0,Normal
2027-01-22 17:00:00,109,106.2,5,7,75.0,Normal
2027-01-22 18:00:00,105,101.4,6,7,90.0,Normal
2027-01-22 19:00:00,100,96.2,6,5,90.0,Normal
2027-01-22 20:00:00,67,70.1,2,4,30.0,Normal
2027-01-22 21:00:00,47,49.9,3,3,45.0,Normal
2027-01-22 22:00:00,39,38.4,2,3,30.0,Normal
2027-01-22 23:00:00,38,32.7,3,3,45.0,Normal
2027-01-23 00:00:00,34,34.1,3,4,45.0,Normal
2027-01-23 01:00:00,33,30.6,3,3,45.0,Normal
2027-01-23 02:00:00,23,32.7,3,3,45.0,Normal
2027-01-23 03:00:00,26,23.0,3,4,45.0,Normal
2027-01-23 04:00:00,29,29.8,2,4,30.0,Normal
2027-01-23 05:00:00,19,31.0,4,3,60.0,Normal
2027-01-23 06:00:00,34,27.6,4,4,60.0,Normal
2027-01-23 07:00:00,39,43.1,4,4,60.0,Normal
2027-01-23 08:00:00,71,62.6,6,5,90.0,Normal
2027-01-23 09:00:00,94,90.0,6,5,90.0,Normal
2027-01-23 10:00:00,102,104.8,6,5,90.0,Normal
2027-01-23 11:00:00,65,67.1,3,4,45.0,Normal
2027-01-23 12:00:00,43,49.1,3,4,45.0,Normal
2027-01-23 13:00:00,46,52.2,5,4,75.0,Normal
2027-01-23 14:00:00,69,66.5,6,6,90.0,Normal
2027-01-23 15:00:00,80,81.3,5,7,75.0,Normal
2027-01-23 16:00:00,89,86.3,6,6,90.0,Normal
2027-01-23 17:00:00,76,74.2,4,4,60.0,Normal
2027-01-23 18:00:00,73,68.6,4,4,60.0,Normal
2027-01-23 19:00:00,79,69.5,4,4,60.0,Normal
2027-01-23 20:00:00,51,56.4,4,4,60.0,Normal
2027-01-23 21:00:00,38,38.6,4,5,60.0,Normal
2027-01-23 22:00:00,32,31.1,3,4,45.0,Normal
2027-01-23 23:00:00,27,25.9,3,5,45.0,Normal
2027-01-24 00:00:00,20,21.7,2,3,30.0,Normal
2027-01-24 01:00:00,17,17.0,2,4,30.0,Normal
2027-01-24 02:00:00,11,14.6,2,4,30.0,Normal
2027-01-24 03:00:00,14,10.8,2,3,30.0,Normal
2027-01-24 04:00:00,17,17.3,2,3,30.0,Normal
2027-01-24 05:00:00,23,20.0,2,4,30.0,Normal
2027-01-24 06:00:00,31,33.8,3,4,45.0,Normal
2027-01-24 07:00:00,31,33.8,3,4,45.0,Normal
2027-01-24 08:00:00,46,45.0,5,5,75.0,Normal
2027-01-24 09:00:00,63,58.9,3,4,45.0,Normal
2027-01-24 10:00:00,63,65.4,4,4,60.0,Normal
2027-01-24 11:00:00,41,42.4,3,4,45.0,Normal
2027-01-24 12:00:00,28,28.2,3,4,45.0,Normal
2027-01-24 13:00:00,35,29.9,3,4,45.0,Normal
2027-01-24 14:00:00,47,46.3,4,4,60.0,Normal
2027-01-24 15:00:00,45,53.2,4,4,60.0,Normal
2027-01-24 16:00:00,49,51.9,4,4,60.0,Normal
2027-01-24 17:00:00,51,45.0,3,4,45.0,Normal
2027-01-24 18:00:00,50,45.7,3,4,45.0,Normal
2027-01-24 19:00:00,45,47.6,3,4,45.0,Normal
2027-01-24 20:00:00,35,31.2,2,3,30.0,Normal
2027-01-24 21:00:00,30,28.5,2,3,30.0,Normal
2027-01-24 22:00:00,28,26.4,2,3,30.0,Normal
2027-01-24 23:00:00,28,24.7,2,3,30.0,Normal
2027-01-25 00:00:00,24,29.2,2,4,30.0,Normal
2027-01-25 01:00:00,33,25.5,3,3,45.0,Normal
2027-01-25 02:00:00,16,33.4,2,3,30.0,Normal
2027-01-25 03:00:00,10,19.4,2,3,30.0,Normal
2027-01-25 04:00:00,22,15.8,3,3,45.0,Normal
2027-01-25 05:00:00,26,25.9,2,3,30.0,Normal
2027-01-25 06:00:00,54,37.1,5,6,75.0,Normal
2027-01-25 07:00:00,64,64.6,4,7,60.0,Normal
2027-01-25 08:00:00,96,89.7,8,8,120.0,Normal
2027-01-25 09:00:00,114,112.8,8,7,120.0,Normal
2027-01-25 10:00:00,123,126.9,7,8,105.0,Normal
2027-01-25 11:00:00,85,93.3,3,5,45.0,Normal
2027-01-25 12:00:00,74,65.9,3,4,45.0,Normal
2027-01-25 13:00:00,80,82.6,7,6,105.0,Normal
2027-01-25 14:00:00,106,108.1,7,8,105.0,Normal
2027-01-25 15:00:00,106,116.7,9,8,135.0,Normal
2027-01-25 16:00:00,117,109.6,7,8,105.0,Normal
2027-01-25 17:00:00,104,109.6,6,7,90.0,Normal
2027-01-25 18:00:00,94,95.7,7,6,105.0,Normal
2027-01-25 19:00:00,88,90.7,6,7,90.0,Normal
2027-01-25 20:00:00,67,62.7,2,4,30.0,Normal
2027-01-25 21:00:00,50,49.0,3,3,45.0,Normal
2027-01-25 22:00:00,44,40.3,3,3,45.0,Normal
2027-01-25 23:00:00,34,35.4,2,4,30.0,Normal
2027-01-26 00:00:00,32,29.8,2,3,30.0,Normal
2027-01-26 01:00:00,28,29.1,2,3,30.0,Normal
2027-01-26 02:00:00,26,28.2,2,4,30.0,Normal
2027-01-26 03:00:00,28,26.8,2,3,30.0,Normal
2027-01-26 04:00:00,31,32.8,3,3,45.0,Normal
2027-01-26 05:00:00,33,33.9,3,3,45.0,Normal
2027-01-26 06:00:00,51,46.6,4,5,60.0,Normal
2027-01-26 07:00:00,61,58.1,5,5,75.0,Normal
2027-01-26 08:00:00,89,91.4,8,8,120.0,Normal
2027-01-26 09:00:00,106,111.5,8,8,120.0,Normal
2027-01-26 10:00:00,118,112.1,8,8,120.0,Normal
2027-01-26 11:00:00,90,86.6,3,4,45.0,Normal
2027-01-26 12:00:00,71,72.1,3,5,45.0,Normal
2027-01-26 13:00:00,72,81.3,6,5,90.0,Normal
2027-01-26 14:00:00,96,96.5,8,7,120.0,Normal
2027-01-26 15:00:00,114,110.9,9,8,135.0,Normal
2027-01-26 16:00:00,130,122.5,8,8,120.0,Normal
2027-01-26 17:00:00,112,116.5,7,5,105.0,Normal
2027-01-26 18:00:00,97,106.6,5,5,75.0,Normal
2027-01-26 19:00:00,90,88.6,7,5,105.0,Normal
2027-01-26 20:00:00,62,62.8,2,3,30.0,Normal
2027-01-26 21:00:00,47,44.6,2,3,30.0,Normal
2027-01-26 22:00:00,38,36.5,2,4,30.0,Normal
2027-01-26 23:00:00,36,32.1,3,3,45.0,Normal
2027-01-27 00:00:00,30,30.4,2,4,30.0,Normal
2027-01-27 01:00:00,20,27.4,2,4,30.0,Normal
2027-01-27 02:00:00,19,18.5,3,4,45.0,Normal
2027-01-27 03:00:00,30,21.2,2,4,30.0,Normal
2027-01-27 04:00:00,33,36.0,2,4,30.0,Normal
2027-01-27 05:00:00,23,35.9,2,3,30.0,Normal
2027-01-27 06:00:00,38,32.9,5,7,75.0,Normal
2027-01-27 07:00:00,48,46.2,4,6,60.0,Normal
2027-01-27 08:00:00,73,71.2,8,7,120.0,Normal
2027-01-27 09:00:00,95,95.3,9,8,135.0,Normal
2027-01-27 10:00:00,120,114.7,7,8,105.0,Normal
2027-01-27 11:00:00,82,89.7,4,4,60.0,Normal
2027-01-27 12:00:00,62,58.0,4,4,60.0,Normal
2027-01-27 13:00:00,68,66.8,7,5,105.0,Normal
2027-01-27 14:00:00,93,94.7,7,8,105.0,Normal
2027-01-27 15:00:00,108,111.4,8,7,120.0,Normal
2027-01-27 16:00:00,125,117.6,9,7,135.0,Normal
2027-01-27 17:00:00,113,115.4,6,7,90.0,Normal
2027-01-27 18:00:00,95,102.7,6,6,90.0,Normal
2027-01-27 19:00:00,94,86.5,5,5,75.0,Normal
2027-01-27 20:00:00,71,67.2,2,3,30.0,Normal
2027-01-27 21:00:00,53,52.7,3,4,45.0,Normal
2027-01-27 22:00:00,48,41.9,2,3,30.0,Normal
2027-01-27 23:00:00,29,40.8,3,3,45.0,Normal
2027-01-28 00:00:00,24,24.4,2,3,30.0,Normal
2027-01-28 01:00:00,19,23.2,3,3,45.0,Normal
2027-01-28 02:00:00,19,18.0,3,3,45.0,Normal
2027-01-28 03:00:00,13,19.3,2,4,30.0,Normal
2027-01-28 04:00:00,23,17.5,3,4,45.0,Normal
2027-01-28 05:00:00,34,27.9,3,3,45.0,Normal
2027-01-28 06:00:00,52,46.9,4,6,60.0,Normal
2027-01-28 07:00:00,58,63.1,5,6,75.0,Normal
2027-01-28 08:00:00,89,91.4,7,8,105.0,Normal
2027-01-28 09:00:00,100,105.8,9,8,135.0,Normal
2027-01-28 10:00:00,124,114.3,8,8,120.0,Normal
2027-01-28 11:00:00,94,90.8,4,4,60.0,Normal
2027-01-28 12:00:00,66,69.1,4,4,60.0,Normal
2027-01-28 13:00:00,66,69.6,7,6,105.0,Normal
2027-01-28 14:00:00,95,95.8,9,8,135.0,Normal
2027-01-28 15:00:00,106,109.8,9,8,135.0,Normal
2027-01-28 16:00:00,118,115.9,9,8,135.0,Normal
2027-01-28 17:00:00,108,108.6,6,6,90.0,Normal
2027-01-28 18:00:00,107,96.2,7,5,105.0,Normal
2027-01-28 19:00:00,95,99.9,7,5,105.0,Normal
2027-01-28 20:00:00,65,66.6,3,3,45.0,Normal
2027-01-28 21:00:00,45,46.1,3,3,45.0,Normal
2027-01-28 22:00:00,34,35.7,2,4,30.0,Normal
2027-01-28 23:00:00,33,28.2,3,3,45.0,Normal
2027-01-29 00:00:00,27,27.9,2,3,30.0,Normal
2027-01-29 01:00:00,17,26.0,2,3,30.0,Normal
2027-01-29 02:00:00,22,14.9,2,3,30.0,Normal
2027-01-29 03:00:00,16,21.3,2,4,30.0,Normal
2027-01-29 04:00:00,31,22.0,2,3,30.0,Normal
2027-01-29 05:00:00,36,35.2,2,4,30.0,Normal
2027-01-29 06:00:00,47,49.6,5,6,75.0,Normal
2027-01-29 07:00:00,60,57.0,5,6,75.0,Normal
2027-01-29 08:00:00,88,91.6,7,8,105.0,Normal
2027-01-29 09:00:00,118,107.4,7,8,105.0,Normal
2027-01-29 10:00:00,122,131.5,8,7,120.0,Normal
2027-01-29 11:00:00,91,86.0,3,4,45.0,Normal
2027-01-29 12:00:00,73,68.9,3,4,45.0,Normal
2027-01-29 13:00:00,76,80.9,5,6,75.0,Normal
2027-01-29 14:00:00,99,102.8,7,8,105.0,Normal
2027-01-29 15:00:00,117,113.3,7,8,105.0,Normal
2027-01-29 16:00:00,122,125.6,8,8,120.0,Normal
2027-01-29 17:00:00,114,108.8,5,5,75.0,Normal
2027-01-29 18:00:00,98,104.3,6,6,90.0,Normal
2027-01-29 19:00:00,94,95.1,6,7,90.0,Normal
2027-01-29 20:00:00,64,65.1,2,3,30.0,Normal
2027-01-29 21:00:00,52,46.5,3,3,45.0,Normal
2027-01-29 22:00:00,45,41.6,2,3,30.0,Normal
2027-01-29 23:00:00,38,37.4,2,3,30.0,Normal
2027-01-30 00:00:00,30,34.0,2,4,30.0,Normal
2027-01-30 01:00:00,30,27.5,3,4,45.0,Normal
2027-01-30 02:00:00,27,29.4,3,4,45.0,Normal
2027-01-30 03:00:00,31,28.0,2,5,30.0,Normal
2027-01-30 04:00:00,36,35.1,2,4,30.0,Normal
2027-01-30 05:00:00,30,37.4,3,4,45.0,Normal
2027-01-30 06:00:00,25,40.9,3,5,45.0,Normal
2027-01-30 07:00:00,45,30.4,4,4,60.0,Normal
2027-01-30 08:00:00,72,73.0,5,5,75.0,Normal
2027-01-30 09:00:00,84,89.6,5,7,75.0,Normal
2027-01-30 10:00:00,98,94.2,6,5,90.0,Normal
2027-01-30 11:00:00,74,67.6,4,4,60.0,Normal
2027-01-30 12:00:00,58,56.5,3,4,45.0,Normal
2027-01-30 13:00:00,59,63.6,4,5,60.0,Normal
2027-01-30 14:00:00,81,75.8,5,5,75.0,Normal
2027-01-30 15:00:00,91,91.0,5,5,75.0,Normal
2027-01-30 16:00:00,84,99.2,5,5,75.0,Normal
2027-01-30 17:00:00,82,73.1,4,4,60.0,Normal
2027-01-30 18:00:00,73,73.2,3,5,45.0,Normal
2027-01-30 19:00:00,73,71.7,4,4,60.0,Normal
2027-01-30 20:00:00,55,51.1,4,5,60.0,Normal
2027-01-30 21:00:00,33,43.1,2,4,30.0,Normal
2027-01-30 22:00:00,32,26.5,2,5,30.0,Normal
2027-01-30 23:00:00,32,25.1,3,4,45.0,Normal
2027-01-31 00:00:00,29,24.1,2,3,30.0,Normal
2027-01-31 01:00:00,20,23.4,2,3,30.0,Normal
2027-01-31 02:00:00,10,17.3,3,4,45.0,Normal
2027-01-31 03:00:00,7,10.9,3,3,45.0,Normal
2027-01-31 04:00:00,11,9.4,2,3,30.0,Normal
2027-01-31 05:00:00,21,13.9,2,3,30.0,Normal
2027-01-31 06:00:00,29,28.2,3,4,45.0,Normal
2027-01-31 07:00:00,27,35.4,3,4,45.0,Normal
2027-01-31 08:00:00,45,42.5,3,4,45.0,Normal
2027-01-31 09:00:00,52,54.7,4,4,60.0,Normal
2027-01-31 10:00:00,60,58.2,4,4,60.0,Normal
2027-01-31 11:00:00,47,46.4,3,4,45.0,Normal
2027-01-31 12:00:00,33,32.2,3,4,45.0,Normal
2027-01-31 13:00:00,33,35.4,4,4,60.0,Normal
2027-01-31 14:00:00,46,46.5,5,4,75.0,Normal
2027-01-31 15:00:00,59,52.3,3,4,45.0,Normal
2027-01-31 16:00:00,60,61.3,3,4,45.0,Normal
2027-01-31 17:00:00,56,54.3,4,4,60.0,Normal
2027-01-31 18:00:00,50,51.0,3,4,45.0,Normal
2027-01-31 19:00:00,48,47.0,3,4,45.0,Normal
2027-01-31 20:00:00,25,34.5,2,4,30.0,Normal
2027-01-31 21:00:00,32,18.4,2,4,30.0,Normal
2027-01-31 22:00:00,23,26.4,2,3,30.0,Normal
2027-01-31 23:00:00,15,20.2,2,3,30.0,Normal
2027-02-01 00:00:00,21,17.0,2,4,30.0,Normal
2027-02-01 01:00:00,18,21.6,3,3,45.0,Normal
2027-02-01 02:00:00,15,17.9,2,4,30.0,Normal
2027-02-01 03:00:00,24,16.8,3,3,45.0,Normal
2027-02-01 04:00:00,32,30.0,2,3,30.0,Normal
2027-02-01 05:00:00,34,33.8,3,3,45.0,Normal
2027-02-01 06:00:00,60,51.5,5,5,75.0,Pre-Holiday Rush
2027-02-01 07:00:00,70,72.3,5,5,75.0,Pre-Holiday Rush
2027-02-01 08:00:00,102,94.5,7,7,105.0,Pre-Holiday Rush
2027-02-01 09:00:00,127,126.3,8,8,120.0,Pre-Holiday Rush
2027-02-01 10:00:00,136,147.0,9,8,135.0,Pre-Holiday Rush
2027-02-01 11:00:00,93,98.8,3,4,45.0,Pre-Holiday Rush
2027-02-01 12:00:00,70,73.8,3,4,45.0,Pre-Holiday Rush
2027-02-01 13:00:00,75,77.0,7,6,105.0,Pre-Holiday Rush
2027-02-01 14:00:00,118,109.9,7,8,105.0,Pre-Holiday Rush
2027-02-01 15:00:00,129,133.2,9,8,135.0,Pre-Holiday Rush
2027-02-01 16:00:00,147,145.1,8,8,120.0,Pre-Holiday Rush
2027-02-01 17:00:00,127,128.3,7,6,105.0,Pre-Holiday Rush
2027-02-01 18:00:00,109,112.6,6,6,90.0,Pre-Holiday Rush
2027-02-01 19:00:00,103,102.2,5,5,75.0,Pre-Holiday Rush
2027-02-01 20:00:00,72,71.5,3,4,45.0,Pre-Holiday Rush
2027-02-01 21:00:00,45,54.2,2,4,30.0,Pre-Holiday Rush
2027-02-01 22:00:00,43,35.5,3,3,45.0,Pre-Holiday Rush
2027-02-01 23:00:00,35,36.0,2,3,30.0,Pre-Holiday Rush
2027-02-02 00:00:00,26,30.7,2,3,30.0,Pre-Holiday Rush
2027-02-02 01:00:00,27,23.4,2,3,30.0,Pre-Holiday Rush
2027-02-02 02:00:00,29,28.6,3,3,45.0,Pre-Holiday Rush
2027-02-02 03:00:00,31,27.6,2,3,30.0,Pre-Holiday Rush
2027-02-02 04:00:00,29,35.8,2,3,30.0,Pre-Holiday Rush
2027-02-02 05:00:00,41,32.7,2,3,30.0,Pre-Holiday Rush
2027-02-02 06:00:00,57,59.0,5,6,75.0,Pre-Holiday Rush
2027-02-02 07:00:00,71,68.7,5,6,75.0,Pre-Holiday Rush
2027-02-02 08:00:00,104,104.1,9,8,135.0,Pre-Holiday Rush
2027-02-02 09:00:00,126,127.2,8,7,120.0,Pre-Holiday Rush
2027-02-02 10:00:00,137,142.3,7,8,105.0,Pre-Holiday Rush
2027-02-02 11:00:00,101,97.0,3,4,45.0,Pre-Holiday Rush
2027-02-02 12:00:00,76,72.2,4,5,60.0,Pre-Holiday Rush
2027-02-02 13:00:00,80,84.0,7,7,105.0,Pre-Holiday Rush
2027-02-02 14:00:00,112,115.1,8,8,120.0,Pre-Holiday Rush
2027-02-02 15:00:00,125,125.4,9,8,135.0,Pre-Holiday Rush
2027-02-02 16:00:00,136,135.7,8,8,120.0,Pre-Holiday Rush
2027-02-02 17:00:00,121,118.5,7,7,105.0,Pre-Holiday Rush
2027-02-02 18:00:00,115,112.5,7,7,105.0,Pre-Holiday Rush
2027-02-02 19:00:00,113,107.6,6,6,90.0,Pre-Holiday Rush
2027-02-02 20:00:00,79,84.3,2,3,30.0,Pre-Holiday Rush
2027-02-02 21:00:00,54,57.7,2,3,30.0,Pre-Holiday Rush
2027-02-02 22:00:00,39,42.1,2,4,30.0,Pre-Holiday Rush
2027-02-02 23:00:00,28,31.5,2,3,30.0,Pre-Holiday Rush
2027-02-03 00:00:00,31,25.0,2,4,30.0,Pre-Holiday Rush
2027-02-03 01:00:00,36,26.7,2,3,30.0,Pre-Holiday Rush
2027-02-03 02:00:00,34,35.3,2,3,30.0,Pre-Holiday Rush
2027-02-03 03:00:00,26,33.2,2,3,30.0,Pre-Holiday Rush
2027-02-03 04:00:00,34,30.4,2,3,30.0,Pre-Holiday Rush
2027-02-03 05:00:00,33,37.9,2,3,30.0,Pre-Holiday Rush
2027-02-03 06:00:00,46,45.2,6,5,90.0,Pre-Holiday Rush
2027-02-03 07:00:00,56,54.1,4,5,60.0,Pre-Holiday Rush
2027-02-03 08:00:00,98,92.3,8,8,120.0,Pre-Holiday Rush
2027-02-03 09:00:00,127,122.7,8,8,120.0,Pre-Holiday Rush
2027-02-03 10:00:00,136,147.6,8,8,120.0,Pre-Holiday Rush
2027-02-03 11:00:00,100,93.1,4,4,60.0,Pre-Holiday Rush
2027-02-03 12:00:00,75,74.6,3,4,45.0,Pre-Holiday Rush
2027-02-03 13:00:00,85,84.2,6,5,90.0,Pre-Holiday Rush
2027-02-03 14:00:00,112,116.0,8,7,120.0,Pre-Holiday Rush
2027-02-03 15:00:00,130,124.6,9,8,135.0,Pre-Holiday Rush
2027-02-03 16:00:00,148,145.4,8,8,120.0,Pre-Holiday Rush
2027-02-03 17:00:00,127,144.9,6,6,90.0,Pre-Holiday Rush
2027-02-03 18:00:00,133,121.4,5,6,75.0,Pre-Holiday Rush
2027-02-03 19:00:00,118,125.8,5,7,75.0,Pre-Holiday Rush
2027-02-03 20:00:00,86,86.2,2,4,30.0,Pre-Holiday Rush
2027-02-03 21:00:00,64,60.9,2,3,30.0,Pre-Holiday Rush
2027-02-03 22:00:00,47,47.2,2,3,30.0,Pre-Holiday Rush
2027-02-03 23:00:00,38,36.2,2,3,30.0,Pre-Holiday Rush
2027-02-04 00:00:00,41,34.0,2,4,30.0,Pre-Holiday Rush
2027-02-04 01:00:00,26,36.7,2,3,30.0,Pre-Holiday Rush
2027-02-04 02:00:00,37,27.4,2,3,30.0,Pre-Holiday Rush
2027-02-04 03:00:00,35,37.0,3,3,45.0,Pre-Holiday Rush
2027-02-04 04:00:00,46,41.9,2,4,30.0,Pre-Holiday Rush
2027-02-04 05:00:00,50,52.7,2,3,30.0,Pre-Holiday Rush
2027-02-04 06:00:00,78,67.2,6,7,90.0,Pre-Holiday Rush
2027-02-04 07:00:00,100,100.5,6,6,90.0,Pre-Holiday Rush
2027-02-04 08:00:00,155,146.4,9,8,135.0,Pre-Holiday Rush
2027-02-04 09:00:00,171,183.4,8,8,120.0,Pre-Holiday Rush
2027-02-04 10:00:00,197,188.6,9,8,135.0,Pre-Holiday Rush
2027-02-04 11:00:00,135,141.5,3,4,45.0,Pre-Holiday Rush
2027-02-04 12:00:00,90,96.8,4,5,60.0,Pre-Holiday Rush
2027-02-04 13:00:00,98,101.0,7,7,105.0,Pre-Holiday Rush
2027-02-04 14:00:00,154,142.5,8,8,120.0,Pre-Holiday Rush
2027-02-04 15:00:00,176,186.8,7,7,105.0,Pre-Holiday Rush
2027-02-04 16:00:00,194,190.9,7,7,105.0,Pre-Holiday Rush
2027-02-04 17:00:00,164,169.0,7,7,105.0,Pre-Holiday Rush
2027-02-04 18:00:00,159,159.1,5,7,75.0,Pre-Holiday Rush
2027-02-04 19:00:00,149,149.6,6,5,90.0,Pre-Holiday Rush
2027-02-04 20:00:00,113,101.4,2,3,30.0,Pre-Holiday Rush
2027-02-04 21:00:00,93,93.8,2,3,30.0,Pre-Holiday Rush
2027-02-04 22:00:00,70,73.7,2,3,30.0,Pre-Holiday Rush
2027-02-04 23:00:00,53,54.7,3,4,45.0,Normal
2027-02-05 00:00:00,34,46.9,2,3,30.0,Normal
2027-02-05 01:00:00,28,27.8,2,3,30.0,Normal
2027-02-05 02:00:00,32,23.6,3,3,45.0,Normal
2027-02-05 03:00:00,27,27.0,3,3,45.0,Normal
2027-02-05 04:00:00,29,30.6,3,3,45.0,Normal
2027-02-05 05:00:00,20,28.7,2,3,30.0,Normal
2027-02-05 06:00:00,18,23.2,3,4,45.0,Normal
2027-02-05 07:00:00,18,13.4,3,4,45.0,Normal
2027-02-05 08:00:00,12,10.7,3,4,45.0,Normal
2027-02-05 09:00:00,0,1.7,3,4,45.0,Normal
2027-02-05 10:00:00,1,0.7,3,4,45.0,Normal
2027-02-05 11:00:00,0,0.0,3,4,45.0,Normal
2027-02-05 12:00:00,10,4.9,3,4,45.0,Normal
2027-02-05 13:00:00,5,7.1,3,4,45.0,Normal
2027-02-05 14:00:00,16,13.8,3,4,45.0,Normal
2027-02-05 15:00:00,21,15.4,3,4,45.0,Normal
2027-02-05 16:00:00,15,21.4,3,4,45.0,Normal
2027-02-05 17:00:00,6,11.3,3,4,45.0,Normal
2027-02-05 18:00:00,12,7.8,3,4,45.0,Normal
2027-02-05 19:00:00,15,10.4,3,4,45.0,Normal
2027-02-05 20:00:00,12,15.2,3,3,45.0,Normal
2027-02-05 21:00:00,24,16.5,2,3,30.0,Normal
2027-02-05 22:00:00,25,25.1,2,3,30.0,Normal
2027-02-05 23:00:00,10,24.8,2,3,30.0,Normal
2027-02-06 00:00:00,18,11.6,2,3,30.0,Normal
2027-02-06 01:00:00,6,15.6,3,3,45.0,Normal
2027-02-06 02:00:00,11,7.3,2,3,30.0,Normal
2027-02-06 03:00:00,14,10.4,3,3,45.0,Normal
2027-02-06 04:00:00,14,15.7,2,3,30.0,Normal
2027-02-06 05:00:00,16,15.8,3,3,45.0,Normal
2027-02-06 06:00:00,14,17.1,3,4,45.0,Normal
2027-02-06 07:00:00,14,12.8,3,4,45.0,Normal
2027-02-06 08:00:00,8,12.4,3,4,45.0,Normal
2027-02-06 09:00:00,11,6.4,3,4,45.0,Normal
2027-02-06 10:00:00,12,8.8,3,4,45.0,Normal
2027-02-06 11:00:00,11,9.0,3,4,45.0,Normal
2027-02-06 12:00:00,8,11.3,3,4,45.0,Normal
2027-02-06 13:00:00,17,11.1,3,4,45.0,Normal
2027-02-06 14:00:00,17,16.2,3,4,45.0,Normal
2027-02-06 15:00:00,29,18.1,3,4,45.0,Normal
2027-02-06 16:00:00,32,38.0,3,4,45.0,Normal
2027-02-06 17:00:00,25,36.6,3,4,45.0,Normal
2027-02-06 18:00:00,25,20.1,3,4,45.0,Normal
2027-02-06 19:00:00,19,21.1,3,4,45.0,Normal
2027-02-06 20:00:00,15,17.1,2,3,30.0,Normal
2027-02-06 21:00:00,24,15.3,2,3,30.0,Normal
2027-02-06 22:00:00,21,22.9,2,3,30.0,Normal
2027-02-06 23:00:00,14,19.2,2,3,30.0,Normal
2027-02-07 00:00:00,19,13.5,3,3,45.0,Normal
2027-02-07 01:00:00,20,16.7,2,3,30.0,Normal
2027-02-07 02:00:00,21,16.3,2,3,30.0,Normal
2027-02-07 03:00:00,15,18.0,3,3,45.0,Normal
2027-02-07 04:00:00,14,18.4,2,3,30.0,Normal
2027-02-07 05:00:00,20,16.5,3,3,45.0,Normal
2027-02-07 06:00:00,12,23.4,3,4,45.0,Normal
2027-02-07 07:00:00,5,11.1,3,4,45.0,Normal
2027-02-07 08:00:00,4,7.8,3,4,45.0,Normal
2027-02-07 09:00:00,13,5.2,3,4,45.0,Normal
2027-02-07 10:00:00,11,10.1,3,4,45.0,Normal
2027-02-07 11:00:00,9,10.1,3,4,45.0,Normal
2027-02-07 12:00:00,16,9.3,3,4,45.0,Normal
2027-02-07 13:00:00,8,15.5,3,4,45.0,Normal
2027-02-07 14:00:00,18,13.3,3,4,45.0,Normal
2027-02-07 15:00:00,12,17.5,3,4,45.0,Normal
2027-02-07 16:00:00,21,14.5,3,4,45.0,Normal
2027-02-07 17:00:00,25,17.6,3,4,45.0,Normal
2027-02-07 18:00:00,19,26.3,3,4,45.0,Normal
2027-02-07 19:00:00,21,19.7,3,4,45.0,Normal
2027-02-07 20:00:00,16,16.0,2,3,30.0,Normal
2027-02-07 21:00:00,10,14.9,2,3,30.0,Normal
2027-02-07 22:00:00,19,11.2,2,3,30.0,Normal
2027-02-07 23:00:00,15,15.7,2,3,30.0,Normal
2027-02-08 00:00:00,3,16.0,3,3,45.0,Normal
2027-02-08 01:00:00,6,5.1,2,3,30.0,Normal
2027-02-08 02:00:00,8,7.3,3,3,45.0,Normal
2027-02-08 03:00:00,14,9.5,2,3,30.0,Normal
2027-02-08 04:00:00,11,16.6,3,3,45.0,Normal
2027-02-08 05:00:00,21,12.6,2,3,30.0,Normal
2027-02-08 06:00:00,18,19.0,3,4,45.0,Normal
2027-02-08 07:00:00,17,15.0,3,4,45.0,Normal
2027-02-08 08:00:00,19,16.3,3,4,45.0,Normal
2027-02-08 09:00:00,19,20.3,3,4,45.0,Normal
2027-02-08 10:00:00,13,18.6,3,4,45.0,Normal
2027-02-08 11:00:00,13,6.6,3,4,45.0,Normal
2027-02-08 12:00:00,18,13.2,3,4,45.0,Normal
2027-02-08 13:00:00,17,19.2,3,4,45.0,Normal
2027-02-08 14:00:00,12,18.6,3,4,45.0,Normal
2027-02-08 15:00:00,16,14.8,3,4,45.0,Normal
2027-02-08 16:00:00,16,16.1,3,4,45.0,Normal
2027-02-08 17:00:00,14,13.7,3,4,45.0,Normal
2027-02-08 18:00:00,15,14.5,3,4,45.0,Normal
2027-02-08 19:00:00,15,13.8,3,4,45.0,Normal
2027-02-08 20:00:00,14,13.8,2,3,30.0,Normal
2027-02-08 21:00:00,17,17.1,2,3,30.0,Normal
2027-02-08 22:00:00,18,17.7,2,3,30.0,Normal
2027-02-08 23:00:00,19,18.3,2,3,30.0,Normal
2027-02-09 00:00:00,20,17.9,2,3,30.0,Normal
2027-02-09 01:00:00,14,18.3,2,3,30.0,Normal
2027-02-09 02:00:00,9,15.8,3,3,45.0,Normal
2027-02-09 03:00:00,23,11.6,2,3,30.0,Normal
2027-02-09 04:00:00,19,23.8,3,3,45.0,Normal
2027-02-09 05:00:00,22,19.9,2,3,30.0,Normal
2027-02-09 06:00:00,16,22.9,3,4,45.0,Normal
2027-02-09 07:00:00,12,11.1,3,4,45.0,Normal
2027-02-09 08:00:00,8,10.5,3,4,45.0,Normal
2027-02-09 09:00:00,9,5.0,3,4,45.0,Normal
2027-02-09 10:00:00,3,7.5,3,4,45.0,Normal
2027-02-09 11:00:00,5,0.0,3,4,45.0,Normal
2027-02-09 12:00:00,3,5.7,3,4,45.0,Normal
2027-02-09 13:00:00,9,7.0,3,4,45.0,Normal
2027-02-09 14:00:00,14,11.9,3,4,45.0,Normal
2027-02-09 15:00:00,20,14.0,3,4,45.0,Normal
2027-02-09 16:00:00,12,18.6,3,4,45.0,Normal
2027-02-09 17:00:00,9,9.5,3,4,45.0,Normal
2027-02-09 18:00:00,7,8.7,3,4,45.0,Normal
2027-02-09 19:00:00,16,9.3,3,4,45.0,Normal
2027-02-09 20:00:00,16,13.7,2,3,30.0,Normal
2027-02-09 21:00:00,8,17.5,2,3,30.0,Normal
2027-02-09 22:00:00,12,10.1,2,3,30.0,Normal
2027-02-09 23:00:00,16,13.5,2,3,30.0,Normal
2027-02-10 00:00:00,18,15.7,2,4,30.0,Normal
2027-02-10 01:00:00,11,17.4,2,3,30.0,Normal
2027-02-10 02:00:00,18,13.1,2,3,30.0,Normal
2027-02-10 03:00:00,14,17.5,2,3,30.0,Normal
2027-02-10 04:00:00,24,17.0,2,3,30.0,Normal
2027-02-10 05:00:00,29,27.4,2,3,30.0,Normal
2027-02-10 06:00:00,35,36.3,5,7,75.0,Normal
2027-02-10 07:00:00,40,45.5,6,5,90.0,Normal
2027-02-10 08:00:00,64,61.1,7,8,105.0,Normal
2027-02-10 09:00:00,71,78.0,8,8,120.0,Normal
2027-02-10 10:00:00,76,76.0,7,8,105.0,Normal
2027-02-10 11:00:00,59,61.9,3,5,45.0,Normal
2027-02-10 12:00:00,45,46.6,3,4,45.0,Normal
2027-02-10 13:00:00,54,50.6,7,6,105.0,Normal
2027-02-10 14:00:00,73,70.1,9,8,135.0,Normal
2027-02-10 15:00:00,89,81.6,9,7,135.0,Normal
2027-02-10 16:00:00,97,97.2,8,8,120.0,Normal
2027-02-10 17:00:00,85,86.7,6,6,90.0,Normal
2027-02-10 18:00:00,68,73.9,6,6,90.0,Normal
2027-02-10 19:00:00,66,60.6,6,6,90.0,Normal
2027-02-10 20:00:00,54,50.3,2,3,30.0,Normal
2027-02-10 21:00:00,37,43.0,3,3,45.0,Normal
2027-02-10 22:00:00,35,30.7,2,3,30.0,Normal
2027-02-10 23:00:00,20,29.1,2,3,30.0,Normal
2027-02-11 00:00:00,19,18.9,2,3,30.0,Normal
2027-02-11 01:00:00,21,17.6,2,3,30.0,Normal
2027-02-11 02:00:00,26,19.9,2,4,30.0,Normal
2027-02-11 03:00:00,18,25.6,3,4,45.0,Normal
2027-02-11 04:00:00,16,21.2,2,3,30.0,Normal
2027-02-11 05:00:00,25,18.5,2,3,30.0,Normal
2027-02-11 06:00:00,42,31.2,4,6,60.0,Normal
2027-02-11 07:00:00,54,57.7,5,7,75.0,Normal
2027-02-11 08:00:00,72,78.2,7,7,105.0,Normal
2027-02-11 09:00:00,78,82.2,7,7,105.0,Normal
2027-02-11 10:00:00,81,80.8,9,7,135.0,Normal
2027-02-11 11:00:00,58,62.7,3,4,45.0,Normal
2027-02-11 12:00:00,52,49.3,3,4,45.0,Normal
2027-02-11 13:00:00,63,60.7,6,6,90.0,Normal
2027-02-11 14:00:00,80,77.6,9,7,135.0,Normal
2027-02-11 15:00:00,95,88.1,7,8,105.0,Normal
2027-02-11 16:00:00,100,102.2,7,7,105.0,Normal
2027-02-11 17:00:00,87,90.0,6,6,90.0,Normal
2027-02-11 18:00:00,80,77.7,7,5,105.0,Normal
2027-02-11 19:00:00,81,71.3,6,5,90.0,Normal
2027-02-11 20:00:00,68,68.6,3,3,45.0,Normal
2027-02-11 21:00:00,43,55.5,2,4,30.0,Normal
2027-02-11 22:00:00,29,36.4,2,4,30.0,Normal
2027-02-11 23:00:00,14,18.6,2,3,30.0,Normal
2027-02-12 00:00:00,22,12.9,2,3,30.0,Normal
2027-02-12 01:00:00,11,17.9,2,3,30.0,Normal
2027-02-12 02:00:00,21,12.7,3,3,45.0,Normal
2027-02-12 03:00:00,19,19.3,2,3,30.0,Normal
2027-02-12 04:00:00,20,24.2,3,3,45.0,Normal
2027-02-12 05:00:00,27,22.5,2,3,30.0,Normal
2027-02-12 06:00:00,43,37.9,5,6,75.0,Normal
2027-02-12 07:00:00,45,46.8,5,6,75.0,Normal
2027-02-12 08:00:00,63,66.7,8,8,120.0,Normal
2027-02-12 09:00:00,83,80.7,9,8,135.0,Normal
2027-02-12 10:00:00,96,91.5,8,7,120.0,Normal
2027-02-12 11:00:00,66,68.6,3,4,45.0,Normal
2027-02-12 12:00:00,53,50.8,3,5,45.0,Normal
2027-02-12 13:00:00,59,61.2,6,5,90.0,Normal
2027-02-12 14:00:00,67,79.4,7,8,105.0,Normal
2027-02-12 15:00:00,82,81.9,7,8,105.0,Normal
2027-02-12 16:00:00,84,85.4,9,8,135.0,Normal
2027-02-12 17:00:00,79,72.3,5,6,75.0,Normal
2027-02-12 18:00:00,64,73.3,6,6,90.0,Normal
2027-02-12 19:00:00,65,63.5,5,5,75.0,Normal
2027-02-12 20:00:00,41,41.9,2,3,30.0,Normal
2027-02-12 21:00:00,39,25.3,2,4,30.0,Normal
2027-02-12 22:00:00,42,29.8,2,3,30.0,Normal
2027-02-12 23:00:00,42,35.5,3,4,45.0,Normal
2027-02-13 00:00:00,27,37.9,4,4,60.0,Normal
2027-02-13 01:00:00,23,24.8,3,5,45.0,Normal
2027-02-13 02:00:00,21,21.4,4,4,60.0,Normal
2027-02-13 03:00:00,16,19.2,3,4,45.0,Normal
2027-02-13 04:00:00,20,18.8,4,3,60.0,Normal
2027-02-13 05:00:00,11,21.3,3,4,45.0,Normal
2027-02-13 06:00:00,22,16.6,4,5,60.0,Normal
2027-02-13 07:00:00,19,27.0,4,4,60.0,Normal
2027-02-13 08:00:00,40,34.8,6,5,90.0,Normal
2027-02-13 09:00:00,61,52.4,6,5,90.0,Normal
2027-02-13 10:00:00,64,68.3,7,6,105.0,Normal
2027-02-13 11:00:00,49,45.9,3,4,45.0,Normal
2027-02-13 12:00:00,35,38.5,3,4,45.0,Normal
2027-02-13 13:00:00,42,40.9,4,5,60.0,Normal
2027-02-13 14:00:00,66,56.7,6,7,90.0,Normal
2027-02-13 15:00:00,69,72.8,6,7,90.0,Normal
2027-02-13 16:00:00,70,70.9,5,6,75.0,Normal
2027-02-13 17:00:00,70,64.8,3,4,45.0,Normal
2027-02-13 18:00:00,69,65.4,4,4,60.0,Normal
2027-02-13 19:00:00,62,68.1,5,4,75.0,Normal
2027-02-13 20:00:00,47,46.8,3,4,45.0,Normal
2027-02-13 21:00:00,43,36.8,3,4,45.0,Normal
2027-02-13 22:00:00,34,36.7,3,4,45.0,Normal
2027-02-13 23:00:00,25,30.1,2,4,30.0,Normal
2027-02-14 00:00:00,10,20.1,2,3,30.0,Normal
2027-02-14 01:00:00,8,9.2,3,4,45.0,Normal
2027-02-14 02:00:00,1,5.1,3,3,45.0,Normal
2027-02-14 03:00:00,4,1.6,2,3,30.0,Normal
2027-02-14 04:00:00,8,6.2,2,4,30.0,Normal
2027-02-14 05:00:00,7,9.8,2,3,30.0,Normal
2027-02-14 06:00:00,11,12.2,3,4,45.0,Normal
2027-02-14 07:00:00,23,13.1,3,4,45.0,Normal
2027-02-14 08:00:00,33,34.6,4,4,60.0,Normal
2027-02-14 09:00:00,33,37.6,3,5,45.0,Normal
2027-02-14 10:00:00,41,35.2,3,5,45.0,Normal
2027-02-14 11:00:00,30,26.8,3,4,45.0,Normal
2027-02-14 12:00:00,18,23.2,3,4,45.0,Normal
2027-02-14 13:00:00,21,21.0,3,4,45.0,Normal
2027-02-14 14:00:00,35,28.3,4,5,60.0,Normal
2027-02-14 15:00:00,40,42.9,3,4,45.0,Normal
2027-02-14 16:00:00,46,44.0,3,4,45.0,Normal
2027-02-14 17:00:00,41,42.8,3,4,45.0,Normal
2027-02-14 18:00:00,40,39.4,3,4,45.0,Normal
2027-02-14 19:00:00,27,37.3,3,4,45.0,Normal
2027-02-14 20:00:00,25,18.7,2,3,30.0,Normal
2027-02-14 21:00:00,16,18.6,2,3,30.0,Normal
2027-02-14 22:00:00,12,13.9,2,4,30.0,Normal
2027-02-14 23:00:00,15,9.5,3,3,45.0,Normal
2027-02-15 00:00:00,17,16.1,2,3,30.0,Post-Holiday Recovery
2027-02-15 01:00:00,13,16.5,2,3,30.0,Post-Holiday Recovery
2027-02-15 02:00:00,15,14.3,2,3,30.0,Post-Holiday Recovery
2027-02-15 03:00:00,21,16.2,3,3,45.0,Post-Holiday Recovery
2027-02-15 04:00:00,24,25.0,3,3,45.0,Post-Holiday Recovery
2027-02-15 05:00:00,33,27.5,2,3,30.0,Post-Holiday Recovery
2027-02-15 06:00:00,55,46.2,6,6,90.0,Post-Holiday Recovery
2027-02-15 07:00:00,69,67.9,6,5,90.0,Post-Holiday Recovery
2027-02-15 08:00:00,94,93.4,8,7,120.0,Post-Holiday Recovery
2027-02-15 09:00:00,120,111.7,7,8,105.0,Post-Holiday Recovery
2027-02-15 10:00:00,131,137.0,9,8,135.0,Post-Holiday Recovery
2027-02-15 11:00:00,86,99.9,3,4,45.0,Post-Holiday Recovery
2027-02-15 12:00:00,64,67.4,3,4,45.0,Post-Holiday Recovery
2027-02-15 13:00:00,76,70.6,7,6,105.0,Post-Holiday Recovery
2027-02-15 14:00:00,107,105.7,9,8,135.0,Post-Holiday Recovery
2027-02-15 15:00:00,127,129.5,9,8,135.0,Post-Holiday Recovery
2027-02-15 16:00:00,146,143.7,9,8,135.0,Post-Holiday Recovery
2027-02-15 17:00:00,129,130.8,6,7,90.0,Post-Holiday Recovery
2027-02-15 18:00:00,119,118.3,6,6,90.0,Post-Holiday Recovery
2027-02-15 19:00:00,107,112.0,6,5,90.0,Post-Holiday Recovery
2027-02-15 20:00:00,71,79.5,2,3,30.0,Post-Holiday Recovery
2027-02-15 21:00:00,46,51.1,2,3,30.0,Post-Holiday Recovery
2027-02-15 22:00:00,40,36.2,2,3,30.0,Post-Holiday Recovery
2027-02-15 23:00:00,39,30.9,2,4,30.0,Post-Holiday Recovery
2027-02-16 00:00:00,33,33.8,2,4,30.0,Post-Holiday Recovery
2027-02-16 01:00:00,36,30.8,3,3,45.0,Post-Holiday Recovery
2027-02-16 02:00:00,40,36.6,3,4,45.0,Post-Holiday Recovery
2027-02-16 03:00:00,35,38.2,2,3,30.0,Post-Holiday Recovery
2027-02-16 04:00:00,42,40.9,2,3,30.0,Post-Holiday Recovery
2027-02-16 05:00:00,43,46.4,2,3,30.0,Post-Holiday Recovery
2027-02-16 06:00:00,60,57.3,5,6,75.0,Post-Holiday Recovery
2027-02-16 07:00:00,61,71.0,5,6,75.0,Post-Holiday Recovery
2027-02-16 08:00:00,108,96.0,8,8,120.0,Post-Holiday Recovery
2027-02-16 09:00:00,129,131.2,9,8,135.0,Post-Holiday Recovery
2027-02-16 10:00:00,143,141.9,8,8,120.0,Post-Holiday Recovery
2027-02-16 11:00:00,98,101.4,3,4,45.0,Post-Holiday Recovery
2027-02-16 12:00:00,69,72.1,4,4,60.0,Post-Holiday Recovery
2027-02-16 13:00:00,82,86.1,5,7,75.0,Post-Holiday Recovery
2027-02-16 14:00:00,126,113.3,8,7,120.0,Post-Holiday Recovery
2027-02-16 15:00:00,145,147.1,8,8,120.0,Post-Holiday Recovery
2027-02-16 16:00:00,159,143.5,8,8,120.0,Post-Holiday Recovery
2027-02-16 17:00:00,133,137.3,7,6,105.0,Post-Holiday Recovery
2027-02-16 18:00:00,118,125.6,6,6,90.0,Post-Holiday Recovery
2027-02-16 19:00:00,107,113.3,6,7,90.0,Post-Holiday Recovery
2027-02-16 20:00:00,77,79.8,2,3,30.0,Post-Holiday Recovery
2027-02-16 21:00:00,65,59.4,3,3,45.0,Post-Holiday Recovery
2027-02-16 22:00:00,49,51.9,2,3,30.0,Post-Holiday Recovery
2027-02-16 23:00:00,41,43.4,2,4,30.0,Post-Holiday Recovery
2027-02-17 00:00:00,28,35.1,2,3,30.0,Post-Holiday Recovery
2027-02-17 01:00:00,22,24.4,2,4,30.0,Post-Holiday Recovery
2027-02-17 02:00:00,23,21.9,2,3,30.0,Post-Holiday Recovery
2027-02-17 03:00:00,22,21.5,2,3,30.0,Post-Holiday Recovery
2027-02-17 04:00:00,28,24.7,2,3,30.0,Post-Holiday Recovery
2027-02-17 05:00:00,33,32.3,3,4,45.0,Post-Holiday Recovery
2027-02-17 06:00:00,58,49.3,4,5,60.0,Post-Holiday Recovery
2027-02-17 07:00:00,75,70.7,5,5,75.0,Post-Holiday Recovery
2027-02-17 08:00:00,115,108.9,7,8,105.0,Post-Holiday Recovery
2027-02-17 09:00:00,134,138.7,9,8,135.0,Post-Holiday Recovery
2027-02-17 10:00:00,145,149.7,8,8,120.0,Post-Holiday Recovery
2027-02-17 11:00:00,105,103.8,3,4,45.0,Post-Holiday Recovery
2027-02-17 12:00:00,66,76.1,3,4,45.0,Post-Holiday Recovery
2027-02-17 13:00:00,80,80.5,5,6,75.0,Post-Holiday Recovery
2027-02-17 14:00:00,114,117.0,9,8,135.0,Post-Holiday Recovery
2027-02-17 15:00:00,127,135.8,8,8,120.0,Post-Holiday Recovery
2027-02-17 16:00:00,143,141.2,7,7,105.0,Post-Holiday Recovery
2027-02-17 17:00:00,123,124.3,7,7,105.0,Post-Holiday Recovery
2027-02-17 18:00:00,107,109.4,6,5,90.0,Post-Holiday Recovery
2027-02-17 19:00:00,102,95.0,6,6,90.0,Post-Holiday Recovery
2027-02-17 20:00:00,81,71.5,3,3,45.0,Post-Holiday Recovery
2027-02-17 21:00:00,59,58.3,3,3,45.0,Post-Holiday Recovery
2027-02-17 22:00:00,40,44.4,2,4,30.0,Post-Holiday Recovery
2027-02-17 23:00:00,34,32.3,2,3,30.0,Post-Holiday Recovery
2027-02-18 00:00:00,25,28.9,2,3,30.0,Normal
2027-02-18 01:00:00,7,20.3,3,3,45.0,Normal
2027-02-18 02:00:00,10,5.0,2,3,30.0,Normal
2027-02-18 03:00:00,20,11.0,2,4,30.0,Normal
2027-02-18 04:00:00,25,22.5,2,3,30.0,Normal
2027-02-18 05:00:00,16,26.7,2,3,30.0,Normal
2027-02-18 06:00:00,26,20.7,5,6,75.0,Normal
2027-02-18 07:00:00,28,31.6,6,7,90.0,Normal
2027-02-18 08:00:00,56,43.6,8,8,120.0,Normal
2027-02-18 09:00:00,77,83.9,7,8,105.0,Normal
2027-02-18 10:00:00,95,93.5,9,8,135.0,Normal
2027-02-18 11:00:00,67,75.5,3,4,45.0,Normal
2027-02-18 12:00:00,52,46.1,3,4,45.0,Normal
2027-02-18 13:00:00,59,58.9,7,6,105.0,Normal
2027-02-18 14:00:00,66,79.2,8,8,120.0,Normal
2027-02-18 15:00:00,86,83.7,9,8,135.0,Normal
2027-02-18 16:00:00,93,92.6,8,8,120.0,Normal
2027-02-18 17:00:00,82,82.0,6,5,90.0,Normal
2027-02-18 18:00:00,63,70.5,7,5,105.0,Normal
2027-02-18 19:00:00,62,58.8,7,5,105.0,Normal
2027-02-18 20:00:00,47,47.2,2,3,30.0,Normal
2027-02-18 21:00:00,42,27.5,2,3,30.0,Normal
2027-02-18 22:00:00,35,29.5,3,3,45.0,Normal
2027-02-18 23:00:00,32,27.5,3,3,45.0,Normal
2027-02-19 00:00:00,27,27.1,2,3,30.0,Normal
2027-02-19 01:00:00,25,25.0,2,3,30.0,Normal
2027-02-19 02:00:00,23,22.9,2,3,30.0,Normal
2027-02-19 03:00:00,22,22.3,3,3,45.0,Normal
2027-02-19 04:00:00,24,24.5,2,3,30.0,Normal
2027-02-19 05:00:00,26,28.5,2,3,30.0,Normal
2027-02-19 06:00:00,43,37.7,4,6,60.0,Normal
2027-02-19 07:00:00,43,51.1,6,7,90.0,Normal
2027-02-19 08:00:00,66,66.1,8,8,120.0,Normal
2027-02-19 09:00:00,80,80.7,9,8,135.0,Normal
2027-02-19 10:00:00,91,90.1,8,8,120.0,Normal
2027-02-19 11:00:00,66,63.8,3,4,45.0,Normal
2027-02-19 12:00:00,53,46.6,4,5,60.0,Normal
2027-02-19 13:00:00,61,60.3,6,5,90.0,Normal
2027-02-19 14:00:00,78,76.6,7,8,105.0,Normal
2027-02-19 15:00:00,83,90.4,8,8,120.0,Normal
2027-02-19 16:00:00,99,92.7,8,8,120.0,Normal
2027-02-19 17:00:00,84,86.8,5,6,75.0,Normal
2027-02-19 18:00:00,74,77.6,5,6,75.0,Normal
2027-02-19 19:00:00,66,70.1,6,5,90.0,Normal
2027-02-19 20:00:00,33,44.2,2,4,30.0,Normal
2027-02-19 21:00:00,28,23.4,3,3,45.0,Normal
2027-02-19 22:00:00,24,20.1,2,3,30.0,Normal
2027-02-19 23:00:00,24,19.8,2,4,30.0,Normal
2027-02-20 00:00:00,13,19.7,2,5,30.0,Normal
2027-02-20 01:00:00,5,11.1,2,3,30.0,Normal
2027-02-20 02:00:00,8,4.3,3,3,45.0,Normal
2027-02-20 03:00:00,9,5.0,3,4,45.0,Normal
2027-02-20 04:00:00,15,12.7,4,4,60.0,Normal
2027-02-20 05:00:00,14,17.2,3,5,45.0,Normal
2027-02-20 06:00:00,29,22.3,3,5,45.0,Normal
2027-02-20 07:00:00,35,35.8,4,4,60.0,Normal
2027-02-20 08:00:00,55,51.4,7,6,105.0,Normal
2027-02-20 09:00:00,62,66.1,5,7,75.0,Normal
2027-02-20 10:00:00,73,64.2,6,6,90.0,Normal
2027-02-20 11:00:00,46,52.2,3,4,45.0,Normal
2027-02-20 12:00:00,34,35.0,3,4,45.0,Normal
2027-02-20 13:00:00,43,42.0,4,4,60.0,Normal
2027-02-20 14:00:00,53,62.5,5,7,75.0,Normal
2027-02-20 15:00:00,62,63.2,7,6,105.0,Normal
2027-02-20 16:00:00,71,66.1,6,7,90.0,Normal
2027-02-20 17:00:00,64,61.9,3,4,45.0,Normal
2027-02-20 18:00:00,57,58.9,5,4,75.0,Normal
2027-02-20 19:00:00,54,54.1,3,4,45.0,Normal
2027-02-20 20:00:00,38,37.3,3,5,45.0,Normal
2027-02-20 21:00:00,15,26.6,2,3,30.0,Normal
2027-02-20 22:00:00,13,9.4,3,5,45.0,Normal
2027-02-20 23:00:00,8,9.0,3,3,45.0,Normal
2027-02-21 00:00:00,6,3.7,2,3,30.0,Normal
2027-02-21 01:00:00,7,3.8,3,3,45.0,Normal
2027-02-21 02:00:00,9,4.5,2,3,30.0,Normal
2027-02-21 03:00:00,0,7.2,2,3,30.0,Normal
2027-02-21 04:00:00,0,1.9,3,3,45.0,Normal
2027-02-21 05:00:00,12,1.2,3,3,45.0,Normal
2027-02-21 06:00:00,19,16.7,3,4,45.0,Normal
2027-02-21 07:00:00,6,23.5,3,4,45.0,Normal
2027-02-21 08:00:00,18,12.1,5,4,75.0,Normal
2027-02-21 09:00:00,30,21.2,4,5,60.0,Normal
2027-02-21 10:00:00,39,36.0,4,4,60.0,Normal
2027-02-21 11:00:00,27,27.5,3,4,45.0,Normal
2027-02-21 12:00:00,18,20.6,3,4,45.0,Normal
2027-02-21 13:00:00,23,20.5,3,4,45.0,Normal
2027-02-21 14:00:00,34,33.4,3,4,45.0,Normal
2027-02-21 15:00:00,41,41.6,5,4,75.0,Normal
2027-02-21 16:00:00,46,45.2,3,4,45.0,Normal
2027-02-21 17:00:00,35,40.7,3,4,45.0,Normal
2027-02-21 18:00:00,33,32.5,4,4,60.0,Normal
2027-02-21 19:00:00,30,29.9,3,4,45.0,Normal
2027-02-21 20:00:00,17,20.6,3,3,45.0,Normal
2027-02-21 21:00:00,11,10.5,3,3,45.0,Normal
2027-02-21 22:00:00,2,8.3,2,3,30.0,Normal
2027-02-21 23:00:00,0,0.5,2,3,30.0,Normal
2027-02-22 00:00:00,2,3.4,2,3,30.0,Normal
2027-02-22 01:00:00,12,4.1,2,4,30.0,Normal
2027-02-22 02:00:00,12,12.4,2,3,30.0,Normal
2027-02-22 03:00:00,16,11.2,3,3,45.0,Normal
2027-02-22 04:00:00,23,20.2,2,3,30.0,Normal
2027-02-22 05:00:00,22,25.1,2,3,30.0,Normal
2027-02-22 06:00:00,33,28.4,5,5,75.0,Normal
2027-02-22 07:00:00,36,46.6,4,6,60.0,Normal
2027-02-22 08:00:00,51,56.4,9,8,135.0,Normal
2027-02-22 09:00:00,80,65.6,9,8,135.0,Normal
2027-02-22 10:00:00,92,91.2,8,7,120.0,Normal
2027-02-22 11:00:00,67,75.3,3,4,45.0,Normal
2027-02-22 12:00:00,51,49.9,3,4,45.0,Normal
2027-02-22 13:00:00,52,58.6,5,6,75.0,Normal
2027-02-22 14:00:00,75,69.1,8,8,120.0,Normal
2027-02-22 15:00:00,85,81.7,8,8,120.0,Normal
2027-02-22 16:00:00,93,93.3,8,8,120.0,Normal
2027-02-22 17:00:00,77,80.1,6,7,90.0,Normal
2027-02-22 18:00:00,71,64.6,5,7,75.0,Normal
2027-02-22 19:00:00,66,64.8,7,6,105.0,Normal
2027-02-22 20:00:00,48,46.9,2,3,30.0,Normal
2027-02-22 21:00:00,31,35.8,2,3,30.0,Normal
2027-02-22 22:00:00,19,22.3,2,3,30.0,Normal
2027-02-22 23:00:00,19,16.5,2,3,30.0,Normal
2027-02-23 00:00:00,21,17.9,2,4,30.0,Normal
2027-02-23 01:00:00,15,18.6,2,4,30.0,Normal
2027-02-23 02:00:00,20,14.8,2,3,30.0,Normal
2027-02-23 03:00:00,26,20.2,2,4,30.0,Normal
2027-02-23 04:00:00,25,29.9,2,4,30.0,Normal
2027-02-23 05:00:00,27,28.4,2,4,30.0,Normal
2027-02-23 06:00:00,40,39.0,5,7,75.0,Normal
2027-02-23 07:00:00,51,53.3,5,6,75.0,Normal
2027-02-23 08:00:00,79,72.7,8,8,120.0,Normal
2027-02-23 09:00:00,80,89.9,8,8,120.0,Normal
2027-02-23 10:00:00,88,86.7,9,8,135.0,Normal
2027-02-23 11:00:00,71,67.4,3,5,45.0,Normal
2027-02-23 12:00:00,49,54.7,3,4,45.0,Normal
2027-02-23 13:00:00,52,57.9,5,6,75.0,Normal
2027-02-23 14:00:00,61,66.9,8,8,120.0,Normal
2027-02-23 15:00:00,73,70.9,8,8,120.0,Normal
2027-02-23 16:00:00,85,79.7,8,8,120.0,Normal
2027-02-23 17:00:00,86,75.0,7,6,105.0,Normal
2027-02-23 18:00:00,76,77.0,6,6,90.0,Normal
2027-02-23 19:00:00,71,67.0,5,6,75.0,Normal
2027-02-23 20:00:00,43,49.3,2,3,30.0,Normal
2027-02-23 21:00:00,31,35.1,2,3,30.0,Normal
2027-02-23 22:00:00,23,22.4,2,3,30.0,Normal
2027-02-23 23:00:00,12,17.0,2,3,30.0,Normal
2027-02-24 00:00:00,6,9.8,2,3,30.0,Normal
2027-02-24 01:00:00,24,5.7,3,3,45.0,Normal
2027-02-24 02:00:00,22,22.7,2,4,30.0,Normal
2027-02-24 03:00:00,28,20.4,2,4,30.0,Normal
2027-02-24 04:00:00,19,30.0,2,3,30.0,Normal
2027-02-24 05:00:00,32,25.0,2,3,30.0,Normal
2027-02-24 06:00:00,43,45.1,5,5,75.0,Normal
2027-02-24 07:00:00,48,54.8,5,6,75.0,Normal
2027-02-24 08:00:00,71,71.1,8,8,120.0,Normal
2027-02-24 09:00:00,81,81.3,8,8,120.0,Normal
2027-02-24 10:00:00,94,87.7,8,7,120.0,Normal
2027-02-24 11:00:00,63,73.8,3,4,45.0,Normal
2027-02-24 12:00:00,33,44.7,3,4,45.0,Normal
2027-02-24 13:00:00,59,42.3,7,5,105.0,Normal
2027-02-24 14:00:00,75,75.7,8,8,120.0,Normal
2027-02-24 15:00:00,95,83.0,9,8,135.0,Normal
2027-02-24 16:00:00,106,100.4,8,8,120.0,Normal
2027-02-24 17:00:00,92,97.7,6,6,90.0,Normal
2027-02-24 18:00:00,79,84.1,6,6,90.0,Normal
2027-02-24 19:00:00,73,72.8,5,6,75.0,Normal
2027-02-24 20:00:00,51,50.9,2,4,30.0,Normal
2027-02-24 21:00:00,34,41.6,3,3,45.0,Normal
2027-02-24 22:00:00,23,25.8,2,3,30.0,Normal
2027-02-24 23:00:00,22,18.9,2,3,30.0,Normal
2027-02-25 00:00:00,20,17.9,2,3,30.0,Normal
2027-02-25 01:00:00,19,18.2,3,3,45.0,Normal
2027-02-25 02:00:00,19,19.8,2,3,30.0,Normal
2027-02-25 03:00:00,12,18.6,3,4,45.0,Normal
2027-02-25 04:00:00,21,15.0,2,3,30.0,Normal
2027-02-25 05:00:00,16,24.0,3,3,45.0,Normal
2027-02-25 06:00:00,30,24.1,5,6,75.0,Normal
2027-02-25 07:00:00,46,37.7,5,6,75.0,Normal
2027-02-25 08:00:00,70,69.0,7,8,105.0,Normal
2027-02-25 09:00:00,90,85.0,9,8,135.0,Normal
2027-02-25 10:00:00,100,101.4,7,8,105.0,Normal
2027-02-25 11:00:00,61,68.1,4,4,60.0,Normal
2027-02-25 12:00:00,42,44.5,3,5,45.0,Normal
2027-02-25 13:00:00,49,52.3,7,5,105.0,Normal
2027-02-25 14:00:00,75,68.1,8,7,120.0,Normal
2027-02-25 15:00:00,88,90.2,9,8,135.0,Normal
2027-02-25 16:00:00,97,95.4,7,8,105.0,Normal
2027-02-25 17:00:00,79,84.1,6,5,90.0,Normal
2027-02-25 18:00:00,73,73.4,7,6,105.0,Normal
2027-02-25 19:00:00,65,68.3,6,5,90.0,Normal
2027-02-25 20:00:00,41,42.2,2,3,30.0,Normal
2027-02-25 21:00:00,34,28.2,2,3,30.0,Normal
2027-02-25 22:00:00,29,27.0,2,3,30.0,Normal
2027-02-25 23:00:00,21,22.6,2,3,30.0,Normal
2027-02-26 00:00:00,16,18.1,2,3,30.0,Normal
2027-02-26 01:00:00,14,14.8,2,3,30.0,Normal
2027-02-26 02:00:00,14,14.9,2,4,30.0,Normal
2027-02-26 03:00:00,11,14.1,3,4,45.0,Normal
2027-02-26 04:00:00,27,16.0,2,3,30.0,Normal
2027-02-26 05:00:00,35,28.9,2,3,30.0,Normal
2027-02-26 06:00:00,38,47.6,6,6,90.0,Normal
2027-02-26 07:00:00,43,44.1,5,6,75.0,Normal
2027-02-26 08:00:00,73,67.0,8,8,120.0,Normal
2027-02-26 09:00:00,91,88.8,9,8,135.0,Normal
2027-02-26 10:00:00,95,98.1,9,7,135.0,Normal
2027-02-26 11:00:00,68,66.0,3,4,45.0,Normal
2027-02-26 12:00:00,48,49.9,3,5,45.0,Normal
2027-02-26 13:00:00,55,57.1,5,6,75.0,Normal
2027-02-26 14:00:00,69,76.2,9,7,135.0,Normal
2027-02-26 15:00:00,89,81.1,7,8,105.0,Normal
2027-02-26 16:00:00,104,98.0,9,7,135.0,Normal
2027-02-26 17:00:00,83,90.1,6,5,90.0,Normal
2027-02-26 18:00:00,73,77.1,6,6,90.0,Normal
2027-02-26 19:00:00,72,67.4,6,7,90.0,Normal
2027-02-26 20:00:00,53,51.2,2,3,30.0,Normal
2027-02-26 21:00:00,44,39.4,3,3,45.0,Normal
2027-02-26 22:00:00,35,35.1,2,3,30.0,Normal
2027-02-26 23:00:00,37,30.0,2,3,30.0,Normal
2027-02-27 00:00:00,25,32.3,4,5,60.0,Normal
2027-02-27 01:00:00,19,22.3,3,4,45.0,Normal
2027-02-27 02:00:00,11,18.3,2,4,30.0,Normal
2027-02-27 03:00:00,13,11.4,3,3,45.0,Normal
2027-02-27 04:00:00,18,15.7,2,4,30.0,Normal
2027-02-27 05:00:00,20,21.4,4,4,60.0,Normal
2027-02-27 06:00:00,25,28.3,5,4,75.0,Normal
2027-02-27 07:00:00,34,32.1,4,4,60.0,Normal
2027-02-27 08:00:00,46,53.7,6,6,90.0,Normal
2027-02-27 09:00:00,61,56.8,6,5,90.0,Normal
2027-02-27 10:00:00,66,65.2,6,7,90.0,Normal
2027-02-27 11:00:00,41,42.9,3,4,45.0,Normal
2027-02-27 12:00:00,23,29.8,4,5,60.0,Normal
2027-02-27 13:00:00,30,25.9,4,4,60.0,Normal
2027-02-27 14:00:00,59,42.8,6,7,90.0,Normal
2027-02-27 15:00:00,70,71.6,6,6,90.0,Normal
2027-02-27 16:00:00,70,75.5,5,7,75.0,Normal
2027-02-27 17:00:00,55,61.0,4,4,60.0,Normal
2027-02-27 18:00:00,40,48.8,4,4,60.0,Normal
2027-02-27 19:00:00,36,39.4,3,4,45.0,Normal
2027-02-27 20:00:00,23,21.1,4,4,60.0,Normal
2027-02-27 21:00:00,19,14.4,3,5,45.0,Normal
2027-02-27 22:00:00,11,13.4,3,4,45.0,Normal
2027-02-27 23:00:00,10,7.6,4,4,60.0,Normal
2027-02-28 00:00:00,19,6.1,2,3,30.0,Normal
2027-02-28 01:00:00,21,13.5,3,3,45.0,Normal
2027-02-28 02:00:00,13,17.0,2,3,30.0,Normal
2027-02-28 03:00:00,12,13.4,2,3,30.0,Normal
2027-02-28 04:00:00,13,15.1,2,3,30.0,Normal
2027-02-28 05:00:00,14,14.3,2,3,30.0,Normal
2027-02-28 06:00:00,21,19.1,3,4,45.0,Normal
2027-02-28 07:00:00,26,23.9,3,4,45.0,Normal
2027-02-28 08:00:00,33,38.4,4,4,60.0,Normal
2027-02-28 09:00:00,37,38.4,4,4,60.0,Normal
2027-02-28 10:00:00,45,38.6,5,4,75.0,Normal
2027-02-28 11:00:00,25,31.8,3,4,45.0,Normal
2027-02-28 12:00:00,25,16.2,3,4,45.0,Normal
2027-02-28 13:00:00,21,27.6,3,4,45.0,Normal
2027-02-28 14:00:00,37,30.1,4,4,60.0,Normal
2027-02-28 15:00:00,45,44.2,4,4,60.0,Normal
2027-02-28 16:00:00,42,47.6,4,4,60.0,Normal
2027-02-28 17:00:00,46,36.2,4,4,60.0,Normal
2027-02-28 18:00:00,43,41.8,4,4,60.0,Normal
2027-02-28 19:00:00,29,39.9,3,4,45.0,Normal
2027-02-28 20:00:00,27,20.8,3,3,45.0,Normal
2027-02-28 21:00:00,20,22.9,2,3,30.0,Normal
2027-02-28 22:00:00,10,16.2,2,3,30.0,Normal
2027-02-28 23:00:00,7,10.0,3,4,45.0,Normal
2027-03-01 00:00:00,5,8.6,2,3,30.0,Normal
2027-03-01 01:00:00,17,7.3,2,3,30.0,Normal
2027-03-01 02:00:00,18,16.4,2,3,30.0,Normal
2027-03-01 03:00:00,11,17.8,3,3,45.0,Normal
2027-03-01 04:00:00,18,17.9,2,3,30.0,Normal
2027-03-01 05:00:00,22,21.9,2,3,30.0,Normal
2027-03-01 06:00:00,26,28.7,6,7,90.0,Normal
2027-03-01 07:00:00,32,30.7,5,6,75.0,Normal
2027-03-01 08:00:00,62,49.6,9,8,135.0,Normal
2027-03-01 09:00:00,80,80.8,9,8,135.0,Normal
2027-03-01 10:00:00,85,91.5,7,8,105.0,Normal
2027-03-01 11:00:00,60,57.8,3,4,45.0,Normal
2027-03-01 12:00:00,48,46.9,4,5,60.0,Normal
2027-03-01 13:00:00,44,52.6,6,5,90.0,Normal
2027-03-01 14:00:00,62,64.2,8,7,120.0,Normal
2027-03-01 15:00:00,90,74.0,7,8,105.0,Normal
2027-03-01 16:00:00,90,102.1,8,8,120.0,Normal
2027-03-01 17:00:00,83,78.6,6,5,90.0,Normal
2027-03-01 18:00:00,70,73.3,7,6,105.0,Normal
2027-03-01 19:00:00,62,62.9,6,7,90.0,Normal
2027-03-01 20:00:00,52,42.2,3,3,45.0,Normal
2027-03-01 21:00:00,31,39.6,3,3,45.0,Normal
2027-03-01 22:00:00,24,23.4,3,4,45.0,Normal
2027-03-01 23:00:00,25,20.3,2,3,30.0,Normal
2027-03-02 00:00:00,20,22.4,2,3,30.0,Normal
2027-03-02 01:00:00,25,18.9,2,3,30.0,Normal
2027-03-02 02:00:00,18,23.6,2,4,30.0,Normal
2027-03-02 03:00:00,16,18.3,2,4,30.0,Normal
2027-03-02 04:00:00,10,19.8,2,3,30.0,Normal
2027-03-02 05:00:00,24,13.0,2,3,30.0,Normal
2027-03-02 06:00:00,25,34.3,4,7,60.0,Normal
2027-03-02 07:00:00,34,31.1,4,6,60.0,Normal
2027-03-02 08:00:00,65,56.2,8,8,120.0,Normal
2027-03-02 09:00:00,74,79.6,8,7,120.0,Normal
2027-03-02 10:00:00,81,82.2,9,7,135.0,Normal
2027-03-02 11:00:00,52,55.1,3,5,45.0,Normal
2027-03-02 12:00:00,42,37.4,3,4,45.0,Normal
2027-03-02 13:00:00,44,47.3,7,7,105.0,Normal
2027-03-02 14:00:00,66,61.5,8,8,120.0,Normal
2027-03-02 15:00:00,72,77.3,7,8,105.0,Normal
2027-03-02 16:00:00,82,78.3,9,8,135.0,Normal
2027-03-02 17:00:00,74,76.1,7,6,105.0,Normal
2027-03-02 18:00:00,68,65.0,6,6,90.0,Normal
2027-03-02 19:00:00,51,62.7,5,7,75.0,Normal
2027-03-02 20:00:00,43,32.9,2,4,30.0,Normal
2027-03-02 21:00:00,32,29.6,2,3,30.0,Normal
2027-03-02 22:00:00,18,23.4,2,4,30.0,Normal
2027-03-02 23:00:00,19,14.0,2,3,30.0,Normal
2027-03-03 00:00:00,21,17.9,2,3,30.0,Normal
2027-03-03 01:00:00,20,19.4,2,3,30.0,Normal
2027-03-03 02:00:00,25,19.2,3,3,45.0,Normal
2027-03-03 03:00:00,0,22.8,2,3,30.0,Normal
2027-03-03 04:00:00,14,5.9,2,3,30.0,Normal
2027-03-03 05:00:00,22,18.0,2,3,30.0,Normal
2027-03-03 06:00:00,39,31.1,5,6,75.0,Normal
2027-03-03 07:00:00,47,47.6,6,7,90.0,Normal
2027-03-03 08:00:00,69,70.6,7,7,105.0,Normal
2027-03-03 09:00:00,82,82.0,7,7,105.0,Normal
2027-03-03 10:00:00,88,88.3,7,8,105.0,Normal
2027-03-03 11:00:00,58,61.7,3,5,45.0,Normal
2027-03-03 12:00:00,40,43.8,3,5,45.0,Normal
2027-03-03 13:00:00,49,47.4,7,6,105.0,Normal
2027-03-03 14:00:00,73,71.6,8,7,120.0,Normal
2027-03-03 15:00:00,79,82.5,8,7,120.0,Normal
2027-03-03 16:00:00,86,83.2,9,8,135.0,Normal
2027-03-03 17:00:00,68,75.4,6,5,90.0,Normal
2027-03-03 18:00:00,56,60.6,6,7,90.0,Normal
2027-03-03 19:00:00,59,52.4,5,6,75.0,Normal
2027-03-03 20:00:00,36,39.2,3,3,45.0,Normal
2027-03-03 21:00:00,29,23.7,2,3,30.0,Normal
2027-03-03 22:00:00,18,19.3,2,3,30.0,Normal
2027-03-03 23:00:00,13,13.9,2,4,30.0,Normal
2027-03-04 00:00:00,15,11.5,2,3,30.0,Normal
2027-03-04 01:00:00,14,14.0,2,3,30.0,Normal
2027-03-04 02:00:00,20,14.7,3,3,45.0,Normal
2027-03-04 03:00:00,22,19.2,2,3,30.0,Normal
2027-03-04 04:00:00,28,25.0,2,3,30.0,Normal
2027-03-04 05:00:00,42,31.3,2,3,30.0,Normal
2027-03-04 06:00:00,46,52.3,4,6,60.0,Normal
2027-03-04 07:00:00,41,53.2,6,7,90.0,Normal
2027-03-04 08:00:00,63,67.9,7,8,105.0,Normal
2027-03-04 09:00:00,75,74.7,7,8,105.0,Normal
2027-03-04 10:00:00,77,81.4,9,8,135.0,Normal
2027-03-04 11:00:00,48,51.1,3,5,45.0,Normal
2027-03-04 12:00:00,44,33.6,4,4,60.0,Normal
2027-03-04 13:00:00,48,47.8,7,6,105.0,Normal
2027-03-04 14:00:00,65,68.7,9,8,135.0,Normal
2027-03-04 15:00:00,77,76.3,8,7,120.0,Normal
2027-03-04 16:00:00,90,82.2,8,7,120.0,Normal
2027-03-04 17:00:00,77,79.0,6,5,90.0,Normal
2027-03-04 18:00:00,69,67.6,7,6,105.0,Normal
2027-03-04 19:00:00,61,64.0,5,6,75.0,Normal
2027-03-04 20:00:00,34,41.0,2,3,30.0,Normal
2027-03-04 21:00:00,25,23.5,3,3,45.0,Normal
2027-03-04 22:00:00,13,18.3,2,3,30.0,Normal
2027-03-04 23:00:00,8,9.5,2,3,30.0,Normal
2027-03-05 00:00:00,14,5.2,3,4,45.0,Normal
2027-03-05 01:00:00,26,13.7,3,3,45.0,Normal
2027-03-05 02:00:00,25,24.6,2,3,30.0,Normal
2027-03-05 03:00:00,21,23.4,2,4,30.0,Normal
2027-03-05 04:00:00,17,26.6,2,3,30.0,Normal
2027-03-05 05:00:00,22,23.0,2,4,30.0,Normal
2027-03-05 06:00:00,38,30.0,4,6,60.0,Normal
2027-03-05 07:00:00,48,45.6,4,7,60.0,Normal
2027-03-05 08:00:00,72,73.8,9,8,135.0,Normal
2027-03-05 09:00:00,82,82.8,7,7,105.0,Normal
2027-03-05 10:00:00,88,87.1,9,7,135.0,Normal
2027-03-05 11:00:00,65,62.6,3,4,45.0,Normal
2027-03-05 12:00:00,52,48.3,3,5,45.0,Normal
2027-03-05 13:00:00,61,57.9,5,6,75.0,Normal
2027-03-05 14:00:00,71,75.7,9,8,135.0,Normal
2027-03-05 15:00:00,74,83.5,7,8,105.0,Normal
2027-03-05 16:00:00,81,84.3,7,8,105.0,Normal
2027-03-05 17:00:00,78,73.5,6,5,90.0,Normal
2027-03-05 18:00:00,66,68.1,5,7,75.0,Normal
2027-03-05 19:00:00,65,59.6,7,7,105.0,Normal
2027-03-05 20:00:00,49,45.4,3,4,45.0,Normal
2027-03-05 21:00:00,42,39.6,3,4,45.0,Normal
2027-03-05 22:00:00,22,33.6,2,3,30.0,Normal
2027-03-05 23:00:00,18,17.6,2,3,30.0,Normal
2027-03-06 00:00:00,14,15.5,3,4,45.0,Normal
2027-03-06 01:00:00,15,14.1,3,3,45.0,Normal
2027-03-06 02:00:00,11,13.9,2,3,30.0,Normal
2027-03-06 03:00:00,22,12.0,3,3,45.0,Normal
2027-03-06 04:00:00,20,23.1,2,4,30.0,Normal
2027-03-06 05:00:00,17,22.2,2,4,30.0,Normal
2027-03-06 06:00:00,30,25.2,3,5,45.0,Normal
2027-03-06 07:00:00,29,38.0,4,4,60.0,Normal
2027-03-06 08:00:00,45,42.6,6,7,90.0,Normal
2027-03-06 09:00:00,51,56.1,5,6,75.0,Normal
2027-03-06 10:00:00,55,55.1,6,6,90.0,Normal
2027-03-06 11:00:00,37,36.3,3,5,45.0,Normal
2027-03-06 12:00:00,28,26.4,3,4,45.0,Normal
2027-03-06 13:00:00,30,35.1,3,4,45.0,Normal
2027-03-06 14:00:00,51,43.1,6,5,90.0,Normal
2027-03-06 15:00:00,71,64.1,7,6,105.0,Normal
2027-03-06 16:00:00,78,75.2,7,6,105.0,Normal
2027-03-06 17:00:00,71,65.3,5,5,75.0,Normal
2027-03-06 18:00:00,53,63.3,3,4,45.0,Normal
2027-03-06 19:00:00,43,48.0,4,4,60.0,Normal
2027-03-06 20:00:00,33,29.0,3,3,45.0,Normal
2027-03-06 21:00:00,20,25.2,2,3,30.0,Normal
2027-03-06 22:00:00,19,14.7,4,3,60.0,Normal
2027-03-06 23:00:00,21,16.3,4,3,60.0,Normal
2027-03-07 00:00:00,18,15.0,2,3,30.0,Normal
2027-03-07 01:00:00,13,15.6,2,3,30.0,Normal
2027-03-07 02:00:00,14,12.3,2,4,30.0,Normal
2027-03-07 03:00:00,13,14.6,2,3,30.0,Normal
2027-03-07 04:00:00,15,14.4,2,4,30.0,Normal
2027-03-07 05:00:00,12,17.5,2,3,30.0,Normal
2027-03-07 06:00:00,15,16.0,3,4,45.0,Normal
2027-03-07 07:00:00,17,18.1,3,4,45.0,Normal
2027-03-07 08:00:00,26,25.9,4,4,60.0,Normal
2027-03-07 09:00:00,42,31.5,4,5,60.0,Normal
2027-03-07 10:00:00,34,41.7,3,4,45.0,Normal
2027-03-07 11:00:00,21,23.0,3,4,45.0,Normal
2027-03-07 12:00:00,11,14.1,3,4,45.0,Normal
2027-03-07 13:00:00,20,14.5,3,4,45.0,Normal
2027-03-07 14:00:00,30,27.5,4,5,60.0,Normal
2027-03-07 15:00:00,35,38.8,4,4,60.0,Normal
2027-03-07 16:00:00,33,39.2,5,4,75.0,Normal
2027-03-07 17:00:00,34,33.5,4,4,60.0,Normal
2027-03-07 18:00:00,32,31.3,3,4,45.0,Normal
2027-03-07 19:00:00,36,28.1,3,4,45.0,Normal
2027-03-07 20:00:00,26,25.7,2,3,30.0,Normal
2027-03-07 21:00:00,22,18.7,2,4,30.0,Normal
2027-03-07 22:00:00,21,17.7,3,3,45.0,Normal
2027-03-07 23:00:00,15,18.0,2,4,30.0,Normal
2027-03-08 00:00:00,19,17.6,2,3,30.0,Normal
2027-03-08 01:00:00,14,20.2,2,3,30.0,Normal
2027-03-08 02:00:00,16,16.3,2,4,30.0,Normal
2027-03-08 03:00:00,20,17.2,2,4,30.0,Normal
2027-03-08 04:00:00,25,23.7,2,3,30.0,Normal
2027-03-08 05:00:00,26,27.4,2,3,30.0,Normal
2027-03-08 06:00:00,41,38.0,4,5,60.0,Normal
2027-03-08 07:00:00,43,45.2,5,7,75.0,Normal
2027-03-08 08:00:00,60,69.3,9,8,135.0,Normal
2027-03-08 09:00:00,82,74.2,8,8,120.0,Normal
2027-03-08 10:00:00,87,90.7,7,8,105.0,Normal
2027-03-08 11:00:00,67,61.0,4,5,60.0,Normal
2027-03-08 12:00:00,50,49.4,3,4,45.0,Normal
2027-03-08 13:00:00,53,53.9,6,6,90.0,Normal
2027-03-08 14:00:00,74,69.8,9,8,135.0,Normal
2027-03-08 15:00:00,83,86.6,8,7,120.0,Normal
2027-03-08 16:00:00,76,88.0,7,8,105.0,Normal
2027-03-08 17:00:00,68,64.1,6,6,90.0,Normal
2027-03-08 18:00:00,64,63.2,7,6,105.0,Normal
2027-03-08 19:00:00,67,61.0,6,6,90.0,Normal
2027-03-08 20:00:00,54,47.2,2,3,30.0,Normal
2027-03-08 21:00:00,39,43.0,2,3,30.0,Normal
2027-03-08 22:00:00,30,31.1,2,3,30.0,Normal
2027-03-08 23:00:00,30,26.5,2,3,30.0,Normal
2027-03-09 00:00:00,23,27.3,2,4,30.0,Normal
2027-03-09 01:00:00,28,22.1,3,3,45.0,Normal
2027-03-09 02:00:00,28,26.6,2,3,30.0,Normal
2027-03-09 03:00:00,8,27.2,2,3,30.0,Normal
2027-03-09 04:00:00,16,10.0,2,3,30.0,Normal
2027-03-09 05:00:00,25,19.7,2,3,30.0,Normal
2027-03-09 06:00:00,40,37.5,5,5,75.0,Normal
2027-03-09 07:00:00,40,45.7,5,5,75.0,Normal
2027-03-09 08:00:00,59,62.9,7,7,105.0,Normal
2027-03-09 09:00:00,70,69.9,8,8,120.0,Normal
2027-03-09 10:00:00,82,78.8,9,8,135.0,Normal
2027-03-09 11:00:00,47,54.0,3,5,45.0,Normal
2027-03-09 12:00:00,33,34.1,3,4,45.0,Normal
2027-03-09 13:00:00,46,36.7,6,6,90.0,Normal
2027-03-09 14:00:00,67,65.3,8,8,120.0,Normal
2027-03-09 15:00:00,72,77.2,8,8,120.0,Normal
2027-03-09 16:00:00,94,79.3,7,8,105.0,Normal
2027-03-09 17:00:00,79,90.0,7,7,105.0,Normal
2027-03-09 18:00:00,66,72.0,7,7,105.0,Normal
2027-03-09 19:00:00,67,58.4,5,7,75.0,Normal
2027-03-09 20:00:00,57,48.4,3,4,45.0,Normal
2027-03-09 21:00:00,43,46.0,3,3,45.0,Normal
2027-03-09 22:00:00,32,34.9,3,3,45.0,Normal
2027-03-09 23:00:00,23,27.5,2,3,30.0,Normal
2027-03-10 00:00:00,23,21.7,2,3,30.0,Normal
2027-03-10 01:00:00,25,22.0,2,3,30.0,Normal
2027-03-10 02:00:00,23,23.3,2,3,30.0,Normal
2027-03-10 03:00:00,30,24.3,2,4,30.0,Normal
2027-03-10 04:00:00,31,34.3,3,3,45.0,Normal
2027-03-10 05:00:00,31,32.8,2,3,30.0,Normal
2027-03-10 06:00:00,40,44.1,4,5,60.0,Normal
2027-03-10 07:00:00,59,47.7,5,7,75.0,Normal
2027-03-10 08:00:00,76,81.0,8,2,120.0,AMR Breakdown
2027-03-10 09:00:00,81,87.5,9,2,135.0,AMR Breakdown
2027-03-10 10:00:00,83,85.5,9,2,135.0,AMR Breakdown
2027-03-10 11:00:00,56,56.9,3,2,45.0,AMR Breakdown
2027-03-10 12:00:00,43,43.5,4,2,60.0,AMR Breakdown
2027-03-10 13:00:00,54,48.7,6,2,90.0,AMR Breakdown
2027-03-10 14:00:00,66,74.0,8,2,120.0,AMR Breakdown
2027-03-10 15:00:00,86,77.8,9,2,135.0,AMR Breakdown
2027-03-10 16:00:00,81,91.6,8,2,120.0,AMR Breakdown
2027-03-10 17:00:00,72,68.7,6,2,90.0,AMR Breakdown
2027-03-10 18:00:00,80,63.6,7,2,105.0,AMR Breakdown
2027-03-10 19:00:00,77,74.3,6,2,90.0,AMR Breakdown
2027-03-10 20:00:00,46,56.7,2,2,30.0,AMR Breakdown
2027-03-10 21:00:00,35,34.5,2,2,30.0,AMR Breakdown
2027-03-10 22:00:00,18,28.6,2,2,30.0,AMR Breakdown
2027-03-10 23:00:00,13,13.8,3,2,45.0,AMR Breakdown
2027-03-11 00:00:00,12,11.5,2,2,30.0,AMR Breakdown
2027-03-11 01:00:00,19,14.2,2,2,30.0,AMR Breakdown
2027-03-11 02:00:00,15,17.5,2,2,30.0,AMR Breakdown
2027-03-11 03:00:00,19,16.1,2,2,30.0,AMR Breakdown
2027-03-11 04:00:00,28,24.4,2,2,30.0,AMR Breakdown
2027-03-11 05:00:00,23,30.0,2,2,30.0,AMR Breakdown
2027-03-11 06:00:00,45,33.9,5,2,75.0,AMR Breakdown
2027-03-11 07:00:00,48,50.9,6,2,90.0,AMR Breakdown
2027-03-11 08:00:00,70,72.1,8,2,120.0,AMR Breakdown
2027-03-11 09:00:00,79,81.6,8,2,120.0,AMR Breakdown
2027-03-11 10:00:00,98,86.2,8,2,120.0,AMR Breakdown
2027-03-11 11:00:00,71,73.1,3,2,45.0,AMR Breakdown
2027-03-11 12:00:00,48,53.8,3,2,45.0,AMR Breakdown
2027-03-11 13:00:00,46,51.6,7,2,105.0,AMR Breakdown
2027-03-11 14:00:00,66,66.1,8,2,120.0,AMR Breakdown
2027-03-11 15:00:00,77,79.3,7,2,105.0,AMR Breakdown
2027-03-11 16:00:00,86,83.0,8,2,120.0,AMR Breakdown
2027-03-11 17:00:00,69,74.6,7,2,105.0,AMR Breakdown
2027-03-11 18:00:00,62,66.2,7,2,105.0,AMR Breakdown
2027-03-11 19:00:00,66,59.8,6,2,90.0,AMR Breakdown
2027-03-11 20:00:00,45,42.7,2,2,30.0,AMR Breakdown
2027-03-11 21:00:00,31,31.4,2,3,30.0,Normal
2027-03-11 22:00:00,22,24.8,2,4,30.0,Normal
2027-03-11 23:00:00,22,16.6,2,3,30.0,Normal
2027-03-12 00:00:00,29,19.0,2,4,30.0,Normal
2027-03-12 01:00:00,29,26.9,2,4,30.0,Normal
2027-03-12 02:00:00,29,28.2,2,3,30.0,Normal
2027-03-12 03:00:00,22,28.3,3,3,45.0,Normal
2027-03-12 04:00:00,26,25.7,3,3,45.0,Normal
2027-03-12 05:00:00,22,29.1,2,3,30.0,Normal
2027-03-12 06:00:00,33,31.2,5,7,75.0,Normal
2027-03-12 07:00:00,36,43.5,5,6,75.0,Normal
2027-03-12 08:00:00,65,61.5,8,8,120.0,Normal
2027-03-12 09:00:00,77,78.1,7,8,105.0,Normal
2027-03-12 10:00:00,84,84.2,8,8,120.0,Normal
2027-03-12 11:00:00,57,56.6,3,4,45.0,Normal
2027-03-12 12:00:00,44,42.2,4,4,60.0,Normal
2027-03-12 13:00:00,46,52.5,6,6,90.0,Normal
2027-03-12 14:00:00,56,65.2,7,8,105.0,Normal
2027-03-12 15:00:00,68,67.9,9,8,135.0,Normal
2027-03-12 16:00:00,72,72.5,9,8,135.0,Normal
2027-03-12 17:00:00,70,61.8,6,5,90.0,Normal
2027-03-12 18:00:00,67,60.2,5,7,75.0,Normal
2027-03-12 19:00:00,68,61.5,7,6,105.0,Normal
2027-03-12 20:00:00,46,48.5,3,3,45.0,Normal
2027-03-12 21:00:00,35,33.7,3,3,45.0,Normal
2027-03-12 22:00:00,30,27.7,2,3,30.0,Normal
2027-03-12 23:00:00,26,26.3,2,4,30.0,Normal
2027-03-13 00:00:00,23,21.9,3,5,45.0,Normal
2027-03-13 01:00:00,17,21.3,2,4,30.0,Normal
2027-03-13 02:00:00,4,15.7,4,5,60.0,Normal
2027-03-13 03:00:00,18,5.3,2,4,30.0,Normal
2027-03-13 04:00:00,22,20.2,4,4,60.0,Normal
2027-03-13 05:00:00,19,23.1,3,4,45.0,Normal
2027-03-13 06:00:00,33,29.0,4,4,60.0,Normal
2027-03-13 07:00:00,40,40.7,5,5,75.0,Normal
2027-03-13 08:00:00,66,55.0,7,6,105.0,Normal
2027-03-13 09:00:00,64,71.7,7,7,105.0,Normal
2027-03-13 10:00:00,64,63.5,6,7,90.0,Normal
2027-03-13 11:00:00,48,44.6,3,4,45.0,Normal
2027-03-13 12:00:00,39,38.9,3,5,45.0,Normal
2027-03-13 13:00:00,38,43.5,4,4,60.0,Normal
2027-03-13 14:00:00,47,50.9,5,5,75.0,Normal
2027-03-13 15:00:00,60,63.3,7,7,105.0,Normal
2027-03-13 16:00:00,69,68.4,6,6,90.0,Normal
2027-03-13 17:00:00,58,64.7,5,4,75.0,Normal
2027-03-13 18:00:00,52,49.0,4,5,60.0,Normal
2027-03-13 19:00:00,57,47.6,5,4,75.0,Normal
2027-03-13 20:00:00,42,42.1,3,3,45.0,Normal
2027-03-13 21:00:00,27,31.1,3,4,45.0,Normal
2027-03-13 22:00:00,22,22.3,2,4,30.0,Normal
2027-03-13 23:00:00,20,17.8,3,3,45.0,Normal
2027-03-14 00:00:00,15,15.8,2,3,30.0,Normal
2027-03-14 01:00:00,9,13.1,2,4,30.0,Normal
2027-03-14 02:00:00,13,8.2,3,3,45.0,Normal
2027-03-14 03:00:00,11,11.1,3,3,45.0,Normal
2027-03-14 04:00:00,9,13.5,2,3,30.0,Normal
2027-03-14 05:00:00,15,11.1,2,3,30.0,Normal
2027-03-14 06:00:00,11,20.3,3,4,45.0,Normal
2027-03-14 07:00:00,18,13.1,3,4,45.0,Normal
2027-03-14 08:00:00,36,31.4,3,5,45.0,Normal
2027-03-14 09:00:00,36,40.0,3,4,45.0,Normal
2027-03-14 10:00:00,42,37.3,4,4,60.0,Normal
2027-03-14 11:00:00,23,27.2,3,4,45.0,Normal
2027-03-14 12:00:00,22,16.3,3,4,45.0,Normal
2027-03-14 13:00:00,17,22.6,3,4,45.0,Normal
2027-03-14 14:00:00,29,26.7,5,5,75.0,Normal
2027-03-14 15:00:00,31,35.4,3,5,45.0,Normal
2027-03-14 16:00:00,37,35.7,4,4,60.0,Normal
2027-03-14 17:00:00,32,32.9,3,4,45.0,Normal
2027-03-14 18:00:00,33,31.3,4,4,60.0,Normal
2027-03-14 19:00:00,29,31.8,4,4,60.0,Normal
2027-03-14 20:00:00,21,19.5,2,3,30.0,Normal
2027-03-14 21:00:00,13,14.0,2,3,30.0,Normal
2027-03-14 22:00:00,10,9.0,2,3,30.0,Normal
2027-03-14 23:00:00,16,8.9,3,4,45.0,Normal
2027-03-15 00:00:00,23,17.4,2,3,30.0,Normal
2027-03-15 01:00:00,14,22.5,2,3,30.0,Normal
2027-03-15 02:00:00,25,16.8,2,3,30.0,Normal
2027-03-15 03:00:00,30,25.1,2,3,30.0,Normal
2027-03-15 04:00:00,27,34.9,2,3,30.0,Normal
2027-03-15 05:00:00,21,29.8,2,4,30.0,Normal
2027-03-15 06:00:00,30,27.8,5,6,75.0,Normal
2027-03-15 07:00:00,25,38.4,4,7,60.0,Normal
2027-03-15 08:00:00,48,33.1,8,8,120.0,Normal
2027-03-15 09:00:00,74,69.1,7,8,105.0,Normal
2027-03-15 10:00:00,88,87.4,9,8,135.0,Normal
2027-03-15 11:00:00,61,68.2,3,4,45.0,Normal
2027-03-15 12:00:00,46,45.0,3,4,45.0,Normal
2027-03-15 13:00:00,49,49.6,7,6,105.0,Normal
2027-03-15 14:00:00,69,70.9,8,8,120.0,Normal
2027-03-15 15:00:00,76,79.1,7,7,105.0,Normal
2027-03-15 16:00:00,83,78.7,8,8,120.0,Normal
2027-03-15 17:00:00,77,72.3,7,7,105.0,Normal
2027-03-15 18:00:00,69,70.0,6,7,90.0,Normal
2027-03-15 19:00:00,67,65.2,5,6,75.0,Normal
2027-03-15 20:00:00,47,47.6,2,3,30.0,Normal
2027-03-15 21:00:00,33,35.3,3,3,45.0,Normal
2027-03-15 22:00:00,26,26.5,2,3,30.0,Normal
2027-03-15 23:00:00,18,21.6,2,3,30.0,Normal
2027-03-16 00:00:00,18,16.5,2,3,30.0,Normal
2027-03-16 01:00:00,20,16.8,2,3,30.0,Normal
2027-03-16 02:00:00,18,18.8,2,3,30.0,Normal
2027-03-16 03:00:00,20,19.0,2,3,30.0,Normal
2027-03-16 04:00:00,23,24.0,2,4,30.0,Normal
2027-03-16 05:00:00,17,25.9,2,3,30.0,Normal
2027-03-16 06:00:00,36,23.1,6,5,90.0,Normal
2027-03-16 07:00:00,43,46.4,5,7,75.0,Normal
2027-03-16 08:00:00,68,65.0,8,8,120.0,Normal
2027-03-16 09:00:00,78,81.1,8,8,120.0,Normal
2027-03-16 10:00:00,81,84.8,8,8,120.0,Normal
2027-03-16 11:00:00,58,52.9,4,4,60.0,Normal
2027-03-16 12:00:00,44,43.6,3,4,45.0,Normal
2027-03-16 13:00:00,50,48.3,7,5,105.0,Normal
2027-03-16 14:00:00,77,69.1,9,8,135.0,Normal
2027-03-16 15:00:00,82,88.4,9,8,135.0,Normal
2027-03-16 16:00:00,90,89.4,8,8,120.0,Normal
2027-03-16 17:00:00,81,79.2,6,7,90.0,Normal
2027-03-16 18:00:00,69,73.6,5,6,75.0,Normal
2027-03-16 19:00:00,54,64.9,5,6,75.0,Normal
2027-03-16 20:00:00,43,38.5,2,3,30.0,Normal
2027-03-16 21:00:00,35,31.3,2,3,30.0,Normal
2027-03-16 22:00:00,18,27.7,3,3,45.0,Normal
2027-03-16 23:00:00,15,14.3,3,3,45.0,Normal
2027-03-17 00:00:00,20,13.8,2,3,30.0,Normal
2027-03-17 01:00:00,17,17.6,2,3,30.0,Normal
2027-03-17 02:00:00,14,15.9,2,3,30.0,Normal
2027-03-17 03:00:00,13,15.8,2,3,30.0,Normal
2027-03-17 04:00:00,11,15.7,2,4,30.0,Normal
2027-03-17 05:00:00,3,13.6,2,3,30.0,Normal
2027-03-17 06:00:00,21,7.8,6,6,90.0,Normal
2027-03-17 07:00:00,35,25.7,6,5,90.0,Normal
2027-03-17 08:00:00,57,57.7,8,7,120.0,Normal
2027-03-17 09:00:00,67,71.1,8,8,120.0,Normal
2027-03-17 10:00:00,79,76.1,9,8,135.0,Normal
2027-03-17 11:00:00,52,52.7,3,4,45.0,Normal
2027-03-17 12:00:00,39,38.4,3,5,45.0,Normal
2027-03-17 13:00:00,41,45.3,6,6,90.0,Normal
2027-03-17 14:00:00,69,59.3,8,8,120.0,Normal
2027-03-17 15:00:00,81,83.6,8,8,120.0,Normal
2027-03-17 16:00:00,82,85.3,7,8,105.0,Normal
2027-03-17 17:00:00,72,70.2,6,6,90.0,Normal
2027-03-17 18:00:00,69,67.1,6,6,90.0,Normal
2027-03-17 19:00:00,50,64.2,6,5,90.0,Normal
2027-03-17 20:00:00,38,33.3,3,3,45.0,Normal
2027-03-17 21:00:00,20,25.1,2,3,30.0,Normal
2027-03-17 22:00:00,21,12.1,2,3,30.0,Normal
2027-03-17 23:00:00,21,16.4,2,3,30.0,Normal
2027-03-18 00:00:00,22,18.4,2,3,30.0,Normal
2027-03-18 01:00:00,17,20.1,2,3,30.0,Normal
2027-03-18 02:00:00,17,17.4,2,3,30.0,Normal
2027-03-18 03:00:00,23,17.8,2,3,30.0,Normal
2027-03-18 04:00:00,29,28.6,2,3,30.0,Normal
2027-03-18 05:00:00,31,29.8,2,3,30.0,Normal
2027-03-18 06:00:00,31,44.8,5,5,75.0,Normal
2027-03-18 07:00:00,42,39.6,5,5,75.0,Normal
2027-03-18 08:00:00,68,64.2,7,7,105.0,Normal
2027-03-18 09:00:00,87,78.7,7,8,105.0,Normal
2027-03-18 10:00:00,85,95.8,7,8,105.0,Normal
2027-03-18 11:00:00,45,57.7,3,4,45.0,Normal
2027-03-18 12:00:00,45,37.3,4,4,60.0,Normal
2027-03-18 13:00:00,52,47.4,7,7,105.0,Normal
2027-03-18 14:00:00,66,66.7,8,8,120.0,Normal
2027-03-18 15:00:00,72,76.0,9,8,135.0,Normal
2027-03-18 16:00:00,70,77.3,8,7,120.0,Normal
2027-03-18 17:00:00,61,60.1,6,6,90.0,Normal
2027-03-18 18:00:00,58,54.8,7,6,105.0,Normal
2027-03-18 19:00:00,60,53.8,7,5,105.0,Normal
2027-03-18 20:00:00,48,40.7,2,3,30.0,Normal
2027-03-18 21:00:00,36,36.4,3,3,45.0,Normal
2027-03-18 22:00:00,22,28.6,2,3,30.0,Normal
2027-03-18 23:00:00,24,16.7,2,3,30.0,Normal
2027-03-19 00:00:00,24,22.6,2,3,30.0,Normal
2027-03-19 01:00:00,28,23.2,2,4,30.0,Normal
2027-03-19 02:00:00,21,26.2,2,3,30.0,Normal
2027-03-19 03:00:00,26,20.3,3,3,45.0,Normal
2027-03-19 04:00:00,30,30.5,2,3,30.0,Normal
2027-03-19 05:00:00,28,32.7,3,3,45.0,Normal
2027-03-19 06:00:00,34,40.3,5,7,75.0,Normal
2027-03-19 07:00:00,39,40.7,5,5,75.0,Normal
2027-03-19 08:00:00,60,63.0,7,7,105.0,Normal
2027-03-19 09:00:00,73,72.1,9,8,135.0,Normal
2027-03-19 10:00:00,87,81.8,8,8,120.0,Normal
2027-03-19 11:00:00,69,61.9,4,4,60.0,Normal
2027-03-19 12:00:00,49,51.7,3,4,45.0,Normal
2027-03-19 13:00:00,43,51.2,7,5,105.0,Normal
2027-03-19 14:00:00,61,59.7,9,7,135.0,Normal
2027-03-19 15:00:00,70,72.1,9,7,135.0,Normal
2027-03-19 16:00:00,87,75.5,7,8,105.0,Normal
2027-03-19 17:00:00,76,80.9,6,6,90.0,Normal
2027-03-19 18:00:00,60,68.0,6,6,90.0,Normal
2027-03-19 19:00:00,62,55.9,6,7,90.0,Normal
2027-03-19 20:00:00,48,43.2,2,4,30.0,Normal
2027-03-19 21:00:00,35,37.5,2,4,30.0,Normal
2027-03-19 22:00:00,32,28.1,3,3,45.0,Normal
2027-03-19 23:00:00,31,26.9,2,3,30.0,Normal
2027-03-20 00:00:00,25,27.2,4,4,60.0,Normal
2027-03-20 01:00:00,26,22.8,3,4,45.0,Normal
2027-03-20 02:00:00,24,24.2,3,4,45.0,Normal
2027-03-20 03:00:00,25,24.3,3,4,45.0,Normal
2027-03-20 04:00:00,16,28.0,4,4,60.0,Normal
2027-03-20 05:00:00,21,18.3,3,3,45.0,Normal
2027-03-20 06:00:00,29,28.8,4,5,60.0,Normal
2027-03-20 07:00:00,37,37.1,4,4,60.0,Normal
2027-03-20 08:00:00,52,57.8,6,5,90.0,Normal
2027-03-20 09:00:00,58,60.6,7,5,105.0,Normal
2027-03-20 10:00:00,64,60.7,6,6,90.0,Normal
2027-03-20 11:00:00,43,44.1,3,4,45.0,Normal
2027-03-20 12:00:00,33,33.2,4,5,60.0,Normal
2027-03-20 13:00:00,37,36.5,4,5,60.0,Normal
2027-03-20 14:00:00,54,50.0,6,5,90.0,Normal
2027-03-20 15:00:00,54,61.8,5,5,75.0,Normal
2027-03-20 16:00:00,61,59.7,5,6,75.0,Normal
2027-03-20 17:00:00,60,53.3,4,4,60.0,Normal
2027-03-20 18:00:00,54,53.1,4,5,60.0,Normal
2027-03-20 19:00:00,54,51.1,3,4,45.0,Normal
2027-03-20 20:00:00,40,40.1,3,3,45.0,Normal
2027-03-20 21:00:00,22,29.5,4,4,60.0,Normal
2027-03-20 22:00:00,20,17.3,3,3,45.0,Normal
2027-03-20 23:00:00,15,17.1,3,3,45.0,Normal
2027-03-21 00:00:00,6,12.2,2,3,30.0,Normal
2027-03-21 01:00:00,6,4.2,2,4,30.0,Normal
2027-03-21 02:00:00,8,4.1,2,3,30.0,Normal
2027-03-21 03:00:00,0,6.1,2,4,30.0,Normal
2027-03-21 04:00:00,6,2.4,2,3,30.0,Normal
2027-03-21 05:00:00,12,9.2,2,3,30.0,Normal
2027-03-21 06:00:00,19,17.3,3,4,45.0,Normal
2027-03-21 07:00:00,19,21.1,3,4,45.0,Normal
2027-03-21 08:00:00,26,30.0,4,4,60.0,Normal
2027-03-21 09:00:00,28,30.4,5,4,75.0,Normal
2027-03-21 10:00:00,38,31.3,4,4,60.0,Normal
2027-03-21 11:00:00,25,25.2,3,4,45.0,Normal
2027-03-21 12:00:00,21,18.0,3,4,45.0,Normal
2027-03-21 13:00:00,25,21.5,3,4,45.0,Normal
2027-03-21 14:00:00,30,33.4,5,5,75.0,Normal
2027-03-21 15:00:00,37,36.8,4,4,60.0,Normal
2027-03-21 16:00:00,44,41.1,3,5,45.0,Normal
2027-03-21 17:00:00,44,40.5,3,4,45.0,Normal
2027-03-21 18:00:00,39,38.1,3,4,45.0,Normal
2027-03-21 19:00:00,33,36.4,3,4,45.0,Normal
2027-03-21 20:00:00,25,25.1,2,4,30.0,Normal
2027-03-21 21:00:00,17,18.8,3,4,45.0,Normal
2027-03-21 22:00:00,23,13.9,2,4,30.0,Normal
2027-03-21 23:00:00,20,20.6,3,4,45.0,Normal
2027-03-22 00:00:00,22,22.3,2,4,30.0,Normal
2027-03-22 01:00:00,16,22.6,2,3,30.0,Normal
2027-03-22 02:00:00,17,18.6,2,3,30.0,Normal
2027-03-22 03:00:00,14,19.1,2,3,30.0,Normal
2027-03-22 04:00:00,21,20.0,2,3,30.0,Normal
2027-03-22 05:00:00,20,23.4,3,4,45.0,Normal
2027-03-22 06:00:00,25,27.7,4,5,60.0,Normal
2027-03-22 07:00:00,34,29.8,4,6,60.0,Normal
2027-03-22 08:00:00,64,51.3,8,8,120.0,Normal
2027-03-22 09:00:00,73,80.5,8,7,120.0,Normal
2027-03-22 10:00:00,81,83.7,7,7,105.0,Normal
2027-03-22 11:00:00,66,58.2,3,4,45.0,Normal
2027-03-22 12:00:00,47,47.3,3,4,45.0,Normal
2027-03-22 13:00:00,52,51.0,6,7,90.0,Normal
2027-03-22 14:00:00,70,71.5,7,8,105.0,Normal
2027-03-22 15:00:00,78,80.3,8,8,120.0,Normal
2027-03-22 16:00:00,90,86.8,8,8,120.0,Normal
2027-03-22 17:00:00,85,80.3,7,6,105.0,Normal
2027-03-22 18:00:00,77,77.1,7,6,105.0,Normal
2027-03-22 19:00:00,66,72.6,6,6,90.0,Normal
2027-03-22 20:00:00,34,45.9,2,3,30.0,Normal
2027-03-22 21:00:00,32,24.7,2,3,30.0,Normal
2027-03-22 22:00:00,26,24.6,2,3,30.0,Normal
2027-03-22 23:00:00,18,22.0,2,3,30.0,Normal
2027-03-23 00:00:00,19,16.7,3,3,45.0,Normal
2027-03-23 01:00:00,15,18.4,2,3,30.0,Normal
2027-03-23 02:00:00,23,14.2,2,3,30.0,Normal
2027-03-23 03:00:00,18,22.2,2,3,30.0,Normal
2027-03-23 04:00:00,17,22.2,2,3,30.0,Normal
2027-03-23 05:00:00,27,20.2,3,3,45.0,Normal
2027-03-23 06:00:00,41,39.6,4,5,60.0,Normal
2027-03-23 07:00:00,51,47.9,5,6,75.0,Normal
2027-03-23 08:00:00,74,74.9,8,8,120.0,Normal
2027-03-23 09:00:00,76,84.5,7,8,105.0,Normal
2027-03-23 10:00:00,89,81.2,7,7,105.0,Normal
2027-03-23 11:00:00,66,64.8,3,4,45.0,Normal
2027-03-23 12:00:00,49,49.4,3,4,45.0,Normal
2027-03-23 13:00:00,47,53.1,5,7,75.0,Normal
2027-03-23 14:00:00,71,69.7,9,8,135.0,Normal
2027-03-23 15:00:00,83,81.1,8,8,120.0,Normal
2027-03-23 16:00:00,90,89.1,8,8,120.0,Normal
2027-03-23 17:00:00,79,79.7,6,6,90.0,Normal
2027-03-23 18:00:00,70,73.0,6,6,90.0,Normal
2027-03-23 19:00:00,64,62.1,6,5,90.0,Normal
2027-03-23 20:00:00,45,44.5,2,3,30.0,Normal
2027-03-23 21:00:00,38,33.6,3,3,45.0,Normal
2027-03-23 22:00:00,18,31.5,2,3,30.0,Normal
2027-03-23 23:00:00,20,14.2,2,3,30.0,Normal
2027-03-24 00:00:00,15,17.8,2,3,30.0,Normal
2027-03-24 01:00:00,6,14.9,2,3,30.0,Normal
2027-03-24 02:00:00,9,5.4,2,3,30.0,Normal
2027-03-24 03:00:00,20,9.8,3,3,45.0,Normal
2027-03-24 04:00:00,24,23.4,3,3,45.0,Normal
2027-03-24 05:00:00,26,26.2,3,3,45.0,Normal
2027-03-24 06:00:00,29,35.1,4,6,60.0,Normal
2027-03-24 07:00:00,44,35.9,5,6,75.0,Normal
2027-03-24 08:00:00,64,68.0,7,8,105.0,Normal
2027-03-24 09:00:00,81,76.4,8,8,120.0,Normal
2027-03-24 10:00:00,95,88.0,9,7,135.0,Normal
2027-03-24 11:00:00,64,69.9,3,4,45.0,Normal
2027-03-24 12:00:00,43,49.0,4,5,60.0,Normal
2027-03-24 13:00:00,45,47.7,6,6,90.0,Normal
2027-03-24 14:00:00,73,68.5,8,7,120.0,Normal
2027-03-24 15:00:00,80,87.1,8,7,120.0,Normal
2027-03-24 16:00:00,88,84.3,8,7,120.0,Normal
2027-03-24 17:00:00,81,75.7,5,5,75.0,Normal
2027-03-24 18:00:00,70,72.9,6,5,90.0,Normal
2027-03-24 19:00:00,69,63.2,7,6,105.0,Normal
2027-03-24 20:00:00,59,51.7,3,3,45.0,Normal
2027-03-24 21:00:00,35,46.9,3,3,45.0,Normal
2027-03-24 22:00:00,15,28.1,2,3,30.0,Normal
2027-03-24 23:00:00,14,11.6,2,4,30.0,Normal
2027-03-25 00:00:00,17,12.3,2,3,30.0,Normal
2027-03-25 01:00:00,7,14.2,2,3,30.0,Normal
2027-03-25 02:00:00,6,5.7,3,3,45.0,Normal
2027-03-25 03:00:00,4,6.7,2,3,30.0,Normal
2027-03-25 04:00:00,20,10.3,2,3,30.0,Normal
2027-03-25 05:00:00,20,22.0,3,3,45.0,Normal
2027-03-25 06:00:00,44,28.3,4,6,60.0,Normal
2027-03-25 07:00:00,43,49.8,6,7,90.0,Normal
2027-03-25 08:00:00,62,69.8,8,8,120.0,Normal
2027-03-25 09:00:00,78,75.2,8,8,120.0,Normal
2027-03-25 10:00:00,80,84.5,8,8,120.0,Normal
2027-03-25 11:00:00,58,51.1,3,4,45.0,Normal
2027-03-25 12:00:00,36,42.5,3,4,45.0,Normal
2027-03-25 13:00:00,42,41.7,7,6,105.0,Normal
2027-03-25 14:00:00,62,60.2,7,8,105.0,Normal
2027-03-25 15:00:00,80,73.1,8,7,120.0,Normal
2027-03-25 16:00:00,84,82.9,9,7,135.0,Normal
2027-03-25 17:00:00,74,74.4,6,6,90.0,Normal
2027-03-25 18:00:00,57,66.6,5,5,75.0,Normal
2027-03-25 19:00:00,45,51.9,6,6,90.0,Normal
2027-03-25 20:00:00,29,30.5,2,4,30.0,Normal
2027-03-25 21:00:00,22,17.4,2,3,30.0,Normal
2027-03-25 22:00:00,18,14.5,2,3,30.0,Normal
2027-03-25 23:00:00,23,15.1,3,3,45.0,Normal
2027-03-26 00:00:00,16,20.7,2,3,30.0,Normal
2027-03-26 01:00:00,11,14.9,3,3,45.0,Normal
2027-03-26 02:00:00,8,10.7,2,3,30.0,Normal
2027-03-26 03:00:00,3,7.1,2,3,30.0,Normal
2027-03-26 04:00:00,16,7.8,2,4,30.0,Normal
2027-03-26 05:00:00,20,19.1,2,3,30.0,Normal
2027-03-26 06:00:00,33,29.6,6,6,90.0,Normal
2027-03-26 07:00:00,38,40.2,5,6,75.0,Normal
2027-03-26 08:00:00,63,58.4,8,7,120.0,Normal
2027-03-26 09:00:00,76,75.3,8,8,120.0,Normal
2027-03-26 10:00:00,87,84.6,8,8,120.0,Normal
2027-03-26 11:00:00,54,61.5,3,4,45.0,Normal
2027-03-26 12:00:00,37,41.5,3,4,45.0,Normal
2027-03-26 13:00:00,44,38.8,6,6,90.0,Normal
2027-03-26 14:00:00,71,63.3,8,8,120.0,Normal
2027-03-26 15:00:00,83,82.7,8,8,120.0,Normal
2027-03-26 16:00:00,94,90.5,9,8,135.0,Normal
2027-03-26 17:00:00,81,82.7,6,6,90.0,Normal
2027-03-26 18:00:00,69,72.3,6,7,90.0,Normal
2027-03-26 19:00:00,64,66.4,7,5,105.0,Normal
2027-03-26 20:00:00,41,44.7,3,3,45.0,Normal
2027-03-26 21:00:00,27,29.8,2,4,30.0,Normal
2027-03-26 22:00:00,17,20.3,2,3,30.0,Normal
2027-03-26 23:00:00,24,13.9,3,3,45.0,Normal
2027-03-27 00:00:00,20,20.2,2,5,30.0,Normal
2027-03-27 01:00:00,30,18.7,2,3,30.0,Normal
2027-03-27 02:00:00,21,28.9,3,4,45.0,Normal
2027-03-27 03:00:00,11,19.7,2,3,30.0,Normal
2027-03-27 04:00:00,16,13.9,2,5,30.0,Normal
2027-03-27 05:00:00,27,18.3,3,3,45.0,Normal
2027-03-27 06:00:00,30,38.2,4,4,60.0,Normal
2027-03-27 07:00:00,33,37.3,3,4,45.0,Normal
2027-03-27 08:00:00,52,50.1,7,7,105.0,Normal
2027-03-27 09:00:00,68,60.1,6,5,90.0,Normal
2027-03-27 10:00:00,71,72.7,5,6,75.0,Normal
2027-03-27 11:00:00,46,46.8,3,4,45.0,Normal
2027-03-27 12:00:00,38,34.4,3,4,45.0,Normal
2027-03-27 13:00:00,37,42.6,5,4,75.0,Normal
2027-03-27 14:00:00,49,53.0,6,6,90.0,Normal
2027-03-27 15:00:00,54,58.1,6,7,90.0,Normal
2027-03-27 16:00:00,63,59.3,6,5,90.0,Normal
2027-03-27 17:00:00,56,55.6,5,4,75.0,Normal
2027-03-27 18:00:00,55,49.2,5,4,75.0,Normal
2027-03-27 19:00:00,56,53.1,4,4,60.0,Normal
2027-03-27 20:00:00,46,41.8,4,4,60.0,Normal
2027-03-27 21:00:00,28,35.1,3,4,45.0,Normal
2027-03-27 22:00:00,27,23.1,4,3,60.0,Normal
2027-03-27 23:00:00,28,24.4,3,5,45.0,Normal
2027-03-28 00:00:00,23,23.2,2,3,30.0,Normal
2027-03-28 01:00:00,16,21.0,2,4,30.0,Normal
2027-03-28 02:00:00,8,14.5,2,3,30.0,Normal
2027-03-28 03:00:00,4,6.9,2,3,30.0,Normal
2027-03-28 04:00:00,9,5.4,2,3,30.0,Normal
2027-03-28 05:00:00,7,10.1,2,3,30.0,Normal
2027-03-28 06:00:00,5,10.5,3,4,45.0,Normal
2027-03-28 07:00:00,12,8.4,3,4,45.0,Normal
2027-03-28 08:00:00,31,24.3,4,4,60.0,Normal
2027-03-28 09:00:00,35,33.7,3,5,45.0,Normal
2027-03-28 10:00:00,34,37.1,4,5,60.0,Normal
2027-03-28 11:00:00,25,22.4,3,4,45.0,Normal
2027-03-28 12:00:00,12,19.8,3,4,45.0,Normal
2027-03-28 13:00:00,27,15.6,4,4,60.0,Normal
2027-03-28 14:00:00,41,36.4,4,5,60.0,Normal
2027-03-28 15:00:00,39,44.4,3,4,45.0,Normal
2027-03-28 16:00:00,47,45.7,4,4,60.0,Normal
2027-03-28 17:00:00,38,40.3,3,4,45.0,Normal
2027-03-28 18:00:00,35,36.0,3,4,45.0,Normal
2027-03-28 19:00:00,26,34.1,4,4,60.0,Normal
2027-03-28 20:00:00,20,17.1,3,4,45.0,Normal
2027-03-28 21:00:00,15,13.2,3,4,45.0,Normal
2027-03-28 22:00:00,11,12.9,3,4,45.0,Normal
2027-03-28 23:00:00,6,9.2,2,3,30.0,Normal
2027-03-29 00:00:00,6,7.6,3,3,45.0,Normal
2027-03-29 01:00:00,10,7.1,3,3,45.0,Normal
2027-03-29 02:00:00,9,10.6,2,3,30.0,Normal
2027-03-29 03:00:00,3,8.8,2,4,30.0,Normal
2027-03-29 04:00:00,18,7.4,2,3,30.0,Normal
2027-03-29 05:00:00,19,20.1,2,3,30.0,Normal
2027-03-29 06:00:00,27,27.6,4,5,60.0,Normal
2027-03-29 07:00:00,31,32.7,6,6,90.0,Normal
2027-03-29 08:00:00,63,52.2,8,8,120.0,Normal
2027-03-29 09:00:00,67,75.9,7,8,105.0,Normal
2027-03-29 10:00:00,76,73.6,8,8,120.0,Normal
2027-03-29 11:00:00,52,55.3,3,4,45.0,Normal
2027-03-29 12:00:00,32,37.9,3,5,45.0,Normal
2027-03-29 13:00:00,37,33.4,5,7,75.0,Normal
2027-03-29 14:00:00,60,57.7,8,8,120.0,Normal
2027-03-29 15:00:00,67,72.9,8,8,120.0,Normal
2027-03-29 16:00:00,70,71.1,9,7,135.0,Normal
2027-03-29 17:00:00,69,61.9,5,7,75.0,Normal
2027-03-29 18:00:00,70,64.4,6,6,90.0,Normal
2027-03-29 19:00:00,67,65.0,5,6,75.0,Normal
2027-03-29 20:00:00,38,46.1,2,3,30.0,Normal
2027-03-29 21:00:00,31,27.1,2,3,30.0,Normal
2027-03-29 22:00:00,25,23.2,2,4,30.0,Normal
2027-03-29 23:00:00,21,21.1,2,3,30.0,Normal
2027-03-30 00:00:00,25,18.5,3,3,45.0,Normal
2027-03-30 01:00:00,22,23.5,2,3,30.0,Normal
2027-03-30 02:00:00,12,21.1,2,4,30.0,Normal
2027-03-30 03:00:00,14,12.2,3,3,45.0,Normal
2027-03-30 04:00:00,28,17.3,3,3,45.0,Normal
2027-03-30 05:00:00,28,31.0,2,3,30.0,Normal
2027-03-30 06:00:00,35,40.3,4,5,60.0,Normal
2027-03-30 07:00:00,49,45.4,5,6,75.0,Normal
2027-03-30 08:00:00,64,74.3,8,8,120.0,Normal
2027-03-30 09:00:00,77,73.1,9,8,135.0,Normal
2027-03-30 10:00:00,89,83.0,8,8,120.0,Normal
2027-03-30 11:00:00,53,61.8,4,4,60.0,Normal
2027-03-30 12:00:00,42,40.9,3,5,45.0,Normal
2027-03-30 13:00:00,46,45.9,5,5,75.0,Normal
2027-03-30 14:00:00,74,65.7,9,8,135.0,Normal
2027-03-30 15:00:00,93,86.2,8,7,120.0,Normal
2027-03-30 16:00:00,94,94.9,9,8,135.0,Normal
2027-03-30 17:00:00,76,80.4,6,5,90.0,Normal
2027-03-30 18:00:00,65,71.2,5,6,75.0,Normal
2027-03-30 19:00:00,63,62.9,6,6,90.0,Normal
2027-03-30 20:00:00,47,44.5,2,3,30.0,Normal
2027-03-30 21:00:00,45,35.2,2,4,30.0,Normal
2027-03-30 22:00:00,26,37.3,2,4,30.0,Normal
2027-03-30 23:00:00,19,20.8,2,3,30.0,Normal
2027-03-31 00:00:00,14,17.9,2,3,30.0,Normal
2027-03-31 01:00:00,19,14.7,2,4,30.0,Normal
2027-03-31 02:00:00,16,18.4,2,3,30.0,Normal
2027-03-31 03:00:00,22,15.8,3,3,45.0,Normal
2027-03-31 04:00:00,22,24.4,3,3,45.0,Normal
2027-03-31 05:00:00,23,24.6,2,3,30.0,Normal
2027-03-31 06:00:00,37,33.7,5,5,75.0,Normal
2027-03-31 07:00:00,41,44.3,4,6,60.0,Normal
2027-03-31 08:00:00,66,65.6,8,8,120.0,Normal
2027-03-31 09:00:00,82,79.5,8,8,120.0,Normal
2027-03-31 10:00:00,86,88.9,7,8,105.0,Normal
2027-03-31 11:00:00,60,58.0,3,4,45.0,Normal
2027-03-31 12:00:00,43,45.4,3,4,45.0,Normal
2027-03-31 13:00:00,52,47.7,7,5,105.0,Normal
2027-03-31 14:00:00,70,73.6,8,8,120.0,Normal
2027-03-31 15:00:00,86,83.4,9,8,135.0,Normal
2027-03-31 16:00:00,90,92.0,9,8,135.0,Normal
2027-03-31 17:00:00,79,75.1,7,6,105.0,Normal
2027-03-31 18:00:00,74,72.3,7,6,105.0,Normal
2027-03-31 19:00:00,64,68.9,5,6,75.0,Normal
2027-03-31 20:00:00,41,44.5,2,3,30.0,Normal
2027-03-31 21:00:00,27,28.1,2,4,30.0,Normal
2027-03-31 22:00:00,20,19.9,2,3,30.0,Normal
2027-03-31 23:00:00,20,16.2,3,4,45.0,Normal
