timestamp,storage_outbound_sim,storage_outbound_actual,max_threshold,is_bottleneck,scenario
2027-01-01 00:00:00,0.0,5,300,False,Normal
2027-01-01 01:00:00,20.6,26,300,False,Normal
2027-01-01 02:00:00,35.8,34,300,False,Normal
2027-01-01 03:00:00,46.8,48,300,False,Normal
2027-01-01 04:00:00,62.6,63,300,False,Normal
2027-01-01 05:00:00,87.6,93,300,False,Normal
2027-01-01 06:00:00,88.8,91,300,False,Normal
2027-01-01 07:00:00,89.4,90,300,False,Normal
2027-01-01 08:00:00,119.7,120,300,False,Normal
2027-01-01 09:00:00,134.9,135,300,False,Normal
2027-01-01 10:00:00,142.4,142,300,False,Normal
2027-01-01 11:00:00,146.2,146,300,False,Normal
2027-01-01 12:00:00,148.1,148,300,False,Normal
2027-01-01 13:00:00,149.1,149,300,False,Normal
2027-01-01 14:00:00,149.5,149,300,False,Normal
2027-01-01 15:00:00,149.8,149,300,False,Normal
2027-01-01 16:00:00,149.9,149,300,False,Normal
2027-01-01 17:00:00,149.9,149,300,False,Normal
2027-01-01 18:00:00,150.0,149,300,False,Normal
2027-01-01 19:00:00,150.0,149,300,False,Normal
2027-01-01 20:00:00,164.1,165,300,False,Normal
2027-01-01 21:00:00,179.8,186,300,False,Normal
2027-01-01 22:00:00,198.4,202,300,False,Normal
2027-01-01 23:00:00,214.2,219,300,False,Normal
2027-01-02 00:00:00,227.1,229,300,False,Normal
2027-01-02 01:00:00,233.5,234,300,False,Normal
2027-01-02 02:00:00,236.8,237,300,False,Normal
2027-01-02 03:00:00,238.4,238,300,False,Normal
2027-01-02 04:00:00,239.2,239,300,False,Normal
2027-01-02 05:00:00,239.6,239,300,False,Normal
2027-01-02 06:00:00,188.0,186,300,False,Normal
2027-01-02 07:00:00,139.0,138,300,False,Normal
2027-01-02 08:00:00,144.5,144,300,False,Normal
2027-01-02 09:00:00,146.1,142,300,False,Normal
2027-01-02 10:00:00,130.2,124,300,False,Normal
2027-01-02 11:00:00,126.2,120,300,False,Normal
2027-01-02 12:00:00,137.2,131,300,False,Normal
2027-01-02 13:00:00,133.2,136,300,False,Normal
2027-01-02 14:00:00,141.6,143,300,False,Normal
2027-01-02 15:00:00,136.6,138,300,False,Normal
2027-01-02 16:00:00,130.6,132,300,False,Normal
2027-01-02 17:00:00,141.6,143,300,False,Normal
2027-01-02 18:00:00,137.6,139,300,False,Normal
2027-01-02 19:00:00,133.6,135,300,False,Normal
2027-01-02 20:00:00,158.6,160,300,False,Normal
2027-01-02 21:00:00,171.9,182,300,False,Normal
2027-01-02 22:00:00,200.2,207,300,False,Normal
2027-01-02 23:00:00,220.1,223,300,False,Normal
2027-01-03 00:00:00,230.1,231,300,False,Normal
2027-01-03 01:00:00,235.0,235,300,False,Normal
2027-01-03 02:00:00,237.5,237,300,False,Normal
2027-01-03 03:00:00,238.8,238,300,False,Normal
2027-01-03 04:00:00,239.4,239,300,False,Normal
2027-01-03 05:00:00,239.7,239,300,False,Normal
2027-01-03 06:00:00,208.2,216,300,False,Normal
2027-01-03 07:00:00,176.5,186,300,False,Normal
2027-01-03 08:00:00,163.2,168,300,False,Normal
2027-01-03 09:00:00,163.5,165,300,False,Normal
2027-01-03 10:00:00,168.1,170,300,False,Normal
2027-01-03 11:00:00,159.1,160,300,False,Normal
2027-01-03 12:00:00,154.5,155,300,False,Normal
2027-01-03 13:00:00,152.3,152,300,False,Normal
2027-01-03 14:00:00,152.9,151,300,False,Normal
2027-01-03 15:00:00,151.5,150,300,False,Normal
2027-01-03 16:00:00,150.7,146,300,False,Normal
2027-01-03 17:00:00,158.3,157,300,False,Normal
2027-01-03 18:00:00,155.5,153,300,False,Normal
2027-01-03 19:00:00,152.7,151,300,False,Normal
2027-01-03 20:00:00,171.9,170,300,False,Normal
2027-01-03 21:00:00,199.7,198,300,False,Normal
2027-01-03 22:00:00,219.8,219,300,False,Normal
2027-01-03 23:00:00,229.9,229,300,False,Normal
2027-01-04 00:00:00,235.0,234,300,False,Normal
2027-01-04 01:00:00,237.5,237,300,False,Normal
2027-01-04 02:00:00,238.7,238,300,False,Normal
2027-01-04 03:00:00,239.4,239,300,False,Normal
2027-01-04 04:00:00,239.7,239,300,False,Normal
2027-01-04 05:00:00,242.7,240,300,False,Normal
2027-01-04 06:00:00,198.7,194,300,False,Normal
2027-01-04 07:00:00,144.7,142,300,False,Normal
2027-01-04 08:00:00,147.3,146,300,False,Normal
2027-01-04 09:00:00,148.7,148,300,False,Normal
2027-01-04 10:00:00,141.2,141,300,False,Normal
2027-01-04 11:00:00,166.2,166,300,False,Normal
2027-01-04 12:00:00,158.1,158,300,False,Normal
2027-01-04 13:00:00,154.0,154,300,False,Normal
2027-01-04 14:00:00,152.0,152,300,False,Normal
2027-01-04 15:00:00,148.8,151,300,False,Normal
2027-01-04 16:00:00,140.8,143,300,False,Normal
2027-01-04 17:00:00,134.8,137,300,False,Normal
2027-01-04 18:00:00,129.8,132,300,False,Normal
2027-01-04 19:00:00,125.4,129,300,False,Normal
2027-01-04 20:00:00,137.4,141,300,False,Normal
2027-01-04 21:00:00,135.5,138,300,False,Normal
2027-01-04 22:00:00,147.5,150,300,False,Normal
2027-01-04 23:00:00,159.5,162,300,False,Normal
2027-01-05 00:00:00,171.5,180,300,False,Normal
2027-01-05 01:00:00,190.1,202,300,False,Normal
2027-01-05 02:00:00,215.1,221,300,False,Normal
2027-01-05 03:00:00,227.5,230,300,False,Normal
2027-01-05 04:00:00,236.5,236,300,False,Normal
2027-01-05 05:00:00,243.1,241,300,False,Normal
2027-01-05 06:00:00,195.8,199,300,False,Normal
2027-01-05 07:00:00,142.9,144,300,False,Normal
2027-01-05 08:00:00,146.4,137,300,False,Volume Spike (+60%)
2027-01-05 09:00:00,138.4,129,300,False,Volume Spike (+60%)
2027-01-05 10:00:00,145.4,136,300,False,Volume Spike (+60%)
2027-01-05 11:00:00,156.4,147,300,False,Volume Spike (+60%)
2027-01-05 12:00:00,166.4,157,300,False,Volume Spike (+60%)
2027-01-05 13:00:00,158.2,150,300,False,Volume Spike (+60%)
2027-01-05 14:00:00,150.2,142,300,False,Volume Spike (+60%)
2027-01-05 15:00:00,142.2,134,300,False,Volume Spike (+60%)
2027-01-05 16:00:00,105.2,97,300,False,Volume Spike (+60%)
2027-01-05 17:00:00,84.2,76,300,False,Volume Spike (+60%)
2027-01-05 18:00:00,63.2,55,300,False,Volume Spike (+60%)
2027-01-05 19:00:00,71.2,63,300,False,Volume Spike (+60%)
2027-01-05 20:00:00,83.2,75,300,False,Volume Spike (+60%)
2027-01-05 21:00:00,95.2,87,300,False,Volume Spike (+60%)
2027-01-05 22:00:00,107.2,99,300,False,Volume Spike (+60%)
2027-01-05 23:00:00,119.2,111,300,False,Volume Spike (+60%)
2027-01-06 00:00:00,116.2,111,300,False,Volume Spike (+60%)
2027-01-06 01:00:00,128.2,123,300,False,Volume Spike (+60%)
2027-01-06 02:00:00,140.2,135,300,False,Volume Spike (+60%)
2027-01-06 03:00:00,152.2,147,300,False,Volume Spike (+60%)
2027-01-06 04:00:00,149.5,144,300,False,Volume Spike (+60%)
2027-01-06 05:00:00,161.5,156,300,False,Volume Spike (+60%)
2027-01-06 06:00:00,137.9,140,300,False,Volume Spike (+60%)
2027-01-06 07:00:00,135.1,131,300,False,Volume Spike (+60%)
2027-01-06 08:00:00,113.1,109,300,False,Volume Spike (+60%)
2027-01-06 09:00:00,105.1,101,300,False,Volume Spike (+60%)
2027-01-06 10:00:00,112.1,108,300,False,Volume Spike (+60%)
2027-01-06 11:00:00,123.1,119,300,False,Volume Spike (+60%)
2027-01-06 12:00:00,119.1,115,300,False,Volume Spike (+60%)
2027-01-06 13:00:00,128.1,124,300,False,Volume Spike (+60%)
2027-01-06 14:00:00,120.1,116,300,False,Volume Spike (+60%)
2027-01-06 15:00:00,97.1,90,300,False,Volume Spike (+60%)
2027-01-06 16:00:00,74.1,67,300,False,Volume Spike (+60%)
2027-01-06 17:00:00,83.1,72,300,False,Volume Spike (+60%)
2027-01-06 18:00:00,78.1,67,300,False,Volume Spike (+60%)
2027-01-06 19:00:00,73.1,62,300,False,Volume Spike (+60%)
2027-01-06 20:00:00,85.1,74,300,False,Volume Spike (+60%)
2027-01-06 21:00:00,97.1,86,300,False,Volume Spike (+60%)
2027-01-06 22:00:00,109.1,91,300,False,Volume Spike (+60%)
2027-01-06 23:00:00,126.3,103,300,False,Volume Spike (+60%)
2027-01-07 00:00:00,138.3,115,300,False,Volume Spike (+60%)
2027-01-07 01:00:00,135.0,106,300,False,Volume Spike (+60%)
2027-01-07 02:00:00,137.2,108,300,False,Volume Spike (+60%)
2027-01-07 03:00:00,137.8,108,300,False,Volume Spike (+60%)
2027-01-07 04:00:00,125.3,93,300,False,Volume Spike (+60%)
2027-01-07 05:00:00,125.3,93,300,False,Volume Spike (+60%)
2027-01-07 06:00:00,114.0,84,300,False,Volume Spike (+60%)
2027-01-07 07:00:00,82.9,55,300,False,Volume Spike (+60%)
2027-01-07 08:00:00,46.5,16,300,False,Volume Spike (+60%)
2027-01-07 09:00:00,42.4,11,300,False,Volume Spike (+60%)
2027-01-07 10:00:00,49.4,18,300,False,Volume Spike (+60%)
2027-01-07 11:00:00,71.7,40,300,False,Volume Spike (+60%)
2027-01-07 12:00:00,78.4,47,300,False,Volume Spike (+60%)
2027-01-07 13:00:00,56.4,25,300,False,Volume Spike (+60%)
2027-01-07 14:00:00,30.4,0,300,False,Volume Spike (+60%)
2027-01-07 15:00:00,8.4,0,300,False,Volume Spike (+60%)
2027-01-07 16:00:00,0.0,0,300,False,Volume Spike (+60%)
2027-01-07 17:00:00,8.0,8,300,False,Volume Spike (+60%)
2027-01-07 18:00:00,2.0,2,300,False,Volume Spike (+60%)
2027-01-07 19:00:00,0.0,0,300,False,Normal
2027-01-07 20:00:00,11.4,12,300,False,Normal
2027-01-07 21:00:00,14.8,15,300,False,Normal
2027-01-07 22:00:00,3.7,5,300,False,Normal
2027-01-07 23:00:00,4.0,5,300,False,Normal
2027-01-08 00:00:00,4.1,5,300,False,Normal
2027-01-08 01:00:00,0.5,0,300,False,Normal
2027-01-08 02:00:00,0.6,7,300,False,Normal
2027-01-08 03:00:00,11.6,18,300,False,Normal
2027-01-08 04:00:00,16.8,14,300,False,Normal
2027-01-08 05:00:00,16.8,14,300,False,Normal
2027-01-08 06:00:00,22.6,14,300,False,Normal
2027-01-08 07:00:00,19.9,16,300,False,Normal
2027-01-08 08:00:00,11.0,9,300,False,Normal
2027-01-08 09:00:00,0.0,0,300,False,Normal
2027-01-08 10:00:00,5.1,5,300,False,Normal
2027-01-08 11:00:00,24.7,25,300,False,Normal
2027-01-08 12:00:00,15.5,19,300,False,Normal
2027-01-08 13:00:00,21.9,20,300,False,Normal
2027-01-08 14:00:00,22.2,18,300,False,Normal
2027-01-08 15:00:00,23.0,19,300,False,Normal
2027-01-08 16:00:00,9.7,4,300,False,Normal
2027-01-08 17:00:00,3.7,0,300,False,Normal
2027-01-08 18:00:00,0.0,0,300,False,Normal
2027-01-08 19:00:00,0.0,0,300,False,Normal
2027-01-08 20:00:00,12.0,12,300,False,Normal
2027-01-08 21:00:00,5.6,8,300,False,Normal
2027-01-08 22:00:00,4.7,0,300,False,Normal
2027-01-08 23:00:00,5.4,1,300,False,Normal
2027-01-09 00:00:00,30.3,30,300,False,Normal
2027-01-09 01:00:00,54.6,49,300,False,Normal
2027-01-09 02:00:00,83.1,81,300,False,Normal
2027-01-09 03:00:00,103.6,109,300,False,Normal
2027-01-09 04:00:00,133.0,137,300,False,Normal
2027-01-09 05:00:00,155.6,168,300,False,Normal
2027-01-09 06:00:00,140.2,140,300,False,Normal
2027-01-09 07:00:00,115.1,115,300,False,Normal
2027-01-09 08:00:00,132.6,132,300,False,Normal
2027-01-09 09:00:00,127.6,127,300,False,Normal
2027-01-09 10:00:00,121.6,121,300,False,Normal
2027-01-09 11:00:00,132.6,132,300,False,Normal
2027-01-09 12:00:00,141.3,141,300,False,Normal
2027-01-09 13:00:00,144.4,140,300,False,Normal
2027-01-09 14:00:00,147.2,145,300,False,Normal
2027-01-09 15:00:00,156.2,154,300,False,Normal
2027-01-09 16:00:00,163.3,159,300,False,Normal
2027-01-09 17:00:00,174.3,170,300,False,Normal
2027-01-09 18:00:00,172.2,176,300,False,Normal
2027-01-09 19:00:00,168.2,172,300,False,Normal
2027-01-09 20:00:00,179.2,183,300,False,Normal
2027-01-09 21:00:00,195.7,201,300,False,Normal
2027-01-09 22:00:00,217.9,220,300,False,Normal
2027-01-09 23:00:00,228.9,230,300,False,Normal
2027-01-10 00:00:00,234.5,235,300,False,Normal
2027-01-10 01:00:00,237.2,237,300,False,Normal
2027-01-10 02:00:00,238.6,238,300,False,Normal
2027-01-10 03:00:00,239.3,239,300,False,Normal
2027-01-10 04:00:00,239.7,239,300,False,Normal
2027-01-10 05:00:00,239.8,239,300,False,Normal
2027-01-10 06:00:00,216.0,219,300,False,Normal
2027-01-10 07:00:00,189.7,193,300,False,Normal
2027-01-10 08:00:00,169.9,171,300,False,Normal
2027-01-10 09:00:00,159.9,160,300,False,Normal
2027-01-10 10:00:00,152.5,149,300,False,Normal
2027-01-10 11:00:00,156.3,150,300,False,Normal
2027-01-10 12:00:00,153.2,150,300,False,Normal
2027-01-10 13:00:00,151.6,150,300,False,Normal
2027-01-10 14:00:00,149.9,150,300,False,Normal
2027-01-10 15:00:00,160.9,161,300,False,Normal
2027-01-10 16:00:00,156.9,157,300,False,Normal
2027-01-10 17:00:00,167.9,165,300,False,Normal
2027-01-10 18:00:00,168.3,167,300,False,Normal
2027-01-10 19:00:00,168.6,166,300,False,Normal
2027-01-10 20:00:00,172.7,166,300,False,Normal
2027-01-10 21:00:00,198.7,192,300,False,Normal
2027-01-10 22:00:00,210.7,204,300,False,Normal
2027-01-10 23:00:00,225.4,222,300,False,Normal
2027-01-11 00:00:00,232.7,231,300,False,Normal
2027-01-11 01:00:00,236.3,235,300,False,Normal
2027-01-11 02:00:00,238.2,237,300,False,Normal
2027-01-11 03:00:00,239.1,238,300,False,Normal
2027-01-11 04:00:00,243.2,251,300,False,Normal
2027-01-11 05:00:00,255.1,252,300,False,Normal
2027-01-11 06:00:00,205.0,203,300,False,Normal
2027-01-11 07:00:00,147.5,146,300,False,Normal
2027-01-11 08:00:00,148.8,148,300,False,Normal
2027-01-11 09:00:00,147.1,142,300,False,Normal
2027-01-11 10:00:00,139.9,134,300,False,Normal
2027-01-11 11:00:00,150.9,145,300,False,Normal
2027-01-11 12:00:00,161.9,156,300,False,Normal
2027-01-11 13:00:00,155.9,153,300,False,Normal
2027-01-11 14:00:00,153.0,151,300,False,Normal
2027-01-11 15:00:00,148.7,150,300,False,Normal
2027-01-11 16:00:00,140.8,148,300,False,Normal
2027-01-11 17:00:00,123.8,136,300,False,Normal
2027-01-11 18:00:00,121.7,134,300,False,Normal
2027-01-11 19:00:00,129.0,129,300,False,Normal
2027-01-11 20:00:00,141.0,141,300,False,Normal
2027-01-11 21:00:00,153.0,153,300,False,Normal
2027-01-11 22:00:00,179.0,179,300,False,Normal
2027-01-11 23:00:00,202.1,207,300,False,Normal
2027-01-12 00:00:00,220.1,223,300,False,Normal
2027-01-12 01:00:00,230.0,231,300,False,Normal
2027-01-12 02:00:00,235.0,235,300,False,Normal
2027-01-12 03:00:00,237.5,237,300,False,Normal
2027-01-12 04:00:00,238.8,238,300,False,Normal
2027-01-12 05:00:00,243.5,242,300,False,Normal
2027-01-12 06:00:00,197.6,194,300,False,Normal
2027-01-12 07:00:00,143.8,142,300,False,Normal
2027-01-12 08:00:00,146.9,146,300,False,Normal
2027-01-12 09:00:00,148.4,148,300,False,Normal
2027-01-12 10:00:00,127.8,127,300,False,Normal
2027-01-12 11:00:00,138.8,138,300,False,Normal
2027-01-12 12:00:00,163.8,162,300,False,Normal
2027-01-12 13:00:00,156.9,157,300,False,Normal
2027-01-12 14:00:00,153.4,153,300,False,Normal
2027-01-12 15:00:00,142.2,148,300,False,Normal
2027-01-12 16:00:00,134.2,140,300,False,Normal
2027-01-12 17:00:00,157.2,163,300,False,Normal
2027-01-12 18:00:00,137.2,143,300,False,Normal
2027-01-12 19:00:00,131.2,137,300,False,Normal
2027-01-12 20:00:00,143.2,149,300,False,Normal
2027-01-12 21:00:00,169.2,175,300,False,Normal
2027-01-12 22:00:00,195.2,201,300,False,Normal
2027-01-12 23:00:00,221.2,220,300,False,Normal
2027-01-13 00:00:00,230.6,230,300,False,Normal
2027-01-13 01:00:00,235.3,235,300,False,Normal
2027-01-13 02:00:00,237.6,237,300,False,Normal
2027-01-13 03:00:00,238.8,238,300,False,Normal
2027-01-13 04:00:00,239.4,239,300,False,Normal
2027-01-13 05:00:00,239.7,239,300,False,Normal
2027-01-13 06:00:00,213.4,198,300,False,Normal
2027-01-13 07:00:00,156.5,144,300,False,Normal
2027-01-13 08:00:00,153.3,147,300,False,Normal
2027-01-13 09:00:00,151.6,148,300,False,Normal
2027-01-13 10:00:00,130.9,126,300,False,Normal
2027-01-13 11:00:00,155.9,151,300,False,Normal
2027-01-13 12:00:00,177.9,172,300,False,Normal
2027-01-13 13:00:00,163.9,161,300,False,Normal
2027-01-13 14:00:00,157.0,155,300,False,Normal
2027-01-13 15:00:00,153.5,152,300,False,Normal
2027-01-13 16:00:00,160.5,159,300,False,Normal
2027-01-13 17:00:00,154.5,153,300,False,Normal
2027-01-13 18:00:00,163.5,162,300,False,Normal
2027-01-13 19:00:00,156.9,156,300,False,Normal
2027-01-13 20:00:00,167.9,167,300,False,Normal
2027-01-13 21:00:00,179.9,179,300,False,Normal
2027-01-13 22:00:00,191.9,191,300,False,Normal
2027-01-13 23:00:00,216.0,215,300,False,Normal
2027-01-14 00:00:00,228.0,227,300,False,Normal
2027-01-14 01:00:00,234.0,233,300,False,Normal
2027-01-14 02:00:00,237.0,236,300,False,Normal
2027-01-14 03:00:00,238.5,238,300,False,Normal
2027-01-14 04:00:00,239.2,250,300,False,Normal
2027-01-14 05:00:00,236.2,245,300,False,Normal
2027-01-14 06:00:00,178.9,189,300,False,Normal
2027-01-14 07:00:00,134.4,139,300,False,Normal
2027-01-14 08:00:00,140.2,144,300,False,Normal
2027-01-14 09:00:00,145.1,147,300,False,Normal
2027-01-14 10:00:00,145.5,139,300,False,Normal
2027-01-14 11:00:00,155.5,149,300,False,Normal
2027-01-14 12:00:00,151.5,145,300,False,Normal
2027-01-14 13:00:00,143.9,130,300,False,Normal
2027-01-14 14:00:00,146.9,140,300,False,Normal
2027-01-14 15:00:00,132.0,123,300,False,Normal
2027-01-14 16:00:00,125.0,116,300,False,Normal
2027-01-14 17:00:00,104.0,95,300,False,Normal
2027-01-14 18:00:00,104.2,100,300,False,Normal
2027-01-14 19:00:00,102.2,88,300,False,Normal
2027-01-14 20:00:00,99.2,85,300,False,Normal
2027-01-14 21:00:00,111.2,97,300,False,Normal
2027-01-14 22:00:00,123.2,109,300,False,Normal
2027-01-14 23:00:00,120.2,110,300,False,Normal
2027-01-15 00:00:00,125.4,122,300,False,Normal
2027-01-15 01:00:00,153.2,148,300,False,Normal
2027-01-15 02:00:00,166.3,168,300,False,Normal
2027-01-15 03:00:00,202.9,204,300,False,Normal
2027-01-15 04:00:00,221.4,221,300,False,Normal
2027-01-15 05:00:00,230.7,230,300,False,Normal
2027-01-15 06:00:00,190.1,190,300,False,Normal
2027-01-15 07:00:00,140.1,147,300,False,Normal
2027-01-15 08:00:00,145.0,148,300,False,Normal
2027-01-15 09:00:00,147.5,149,300,False,Normal
2027-01-15 10:00:00,154.5,156,300,False,Normal
2027-01-15 11:00:00,165.5,167,300,False,Normal
2027-01-15 12:00:00,175.4,171,300,False,Normal
2027-01-15 13:00:00,162.7,160,300,False,Normal
2027-01-15 14:00:00,156.4,155,300,False,Normal
2027-01-15 15:00:00,153.2,152,300,False,Normal
2027-01-15 16:00:00,131.2,130,300,False,Normal
2027-01-15 17:00:00,139.2,138,300,False,Normal
2027-01-15 18:00:00,147.2,146,300,False,Normal
2027-01-15 19:00:00,141.2,147,300,False,Normal
2027-01-15 20:00:00,152.2,158,300,False,Normal
2027-01-15 21:00:00,167.8,169,300,False,Normal
2027-01-15 22:00:00,179.8,181,300,False,Normal
2027-01-15 23:00:00,191.8,194,300,False,Normal
2027-01-16 00:00:00,215.9,217,300,False,Normal
2027-01-16 01:00:00,228.0,228,300,False,Normal
2027-01-16 02:00:00,234.0,234,300,False,Normal
2027-01-16 03:00:00,237.0,237,300,False,Normal
2027-01-16 04:00:00,238.5,238,300,False,Normal
2027-01-16 05:00:00,239.2,239,300,False,Normal
2027-01-16 06:00:00,194.2,202,300,False,Normal
2027-01-16 07:00:00,150.6,152,300,False,Normal
2027-01-16 08:00:00,150.3,151,300,False,Normal
2027-01-16 09:00:00,150.1,150,300,False,Normal
2027-01-16 10:00:00,126.5,128,300,False,Normal
2027-01-16 11:00:00,122.5,124,300,False,Normal
2027-01-16 12:00:00,133.5,135,300,False,Normal
2027-01-16 13:00:00,134.7,138,300,False,Normal
2027-01-16 14:00:00,142.3,144,300,False,Normal
2027-01-16 15:00:00,149.2,147,300,False,Normal
2027-01-16 16:00:00,143.2,142,300,False,Normal
2027-01-16 17:00:00,153.2,152,300,False,Normal
2027-01-16 18:00:00,151.6,147,300,False,Normal
2027-01-16 19:00:00,147.6,143,300,False,Normal
2027-01-16 20:00:00,158.6,154,300,False,Normal
2027-01-16 21:00:00,184.6,181,300,False,Normal
2027-01-16 22:00:00,212.3,210,300,False,Normal
2027-01-16 23:00:00,226.2,225,300,False,Normal
2027-01-17 00:00:00,233.1,232,300,False,Normal
2027-01-17 01:00:00,236.5,236,300,False,Normal
2027-01-17 02:00:00,238.3,238,300,False,Normal
2027-01-17 03:00:00,239.1,239,300,False,Normal
2027-01-17 04:00:00,239.6,239,300,False,Normal
2027-01-17 05:00:00,239.8,239,300,False,Normal
2027-01-17 06:00:00,207.4,203,300,False,Normal
2027-01-17 07:00:00,168.5,175,300,False,Normal
2027-01-17 08:00:00,159.2,162,300,False,Normal
2027-01-17 09:00:00,154.6,156,300,False,Normal
2027-01-17 10:00:00,165.6,167,300,False,Normal
2027-01-17 11:00:00,157.8,158,300,False,Normal
2027-01-17 12:00:00,153.9,154,300,False,Normal
2027-01-17 13:00:00,152.0,152,300,False,Normal
2027-01-17 14:00:00,151.0,151,300,False,Normal
2027-01-17 15:00:00,150.5,150,300,False,Normal
2027-01-17 16:00:00,150.2,150,300,False,Normal
2027-01-17 17:00:00,150.1,150,300,False,Normal
2027-01-17 18:00:00,150.8,158,300,False,Normal
2027-01-17 19:00:00,151.3,154,300,False,Normal
2027-01-17 20:00:00,177.3,184,300,False,Normal
2027-01-17 21:00:00,199.5,203,300,False,Normal
2027-01-17 22:00:00,219.8,221,300,False,Normal
2027-01-17 23:00:00,229.9,230,300,False,Normal
2027-01-18 00:00:00,234.9,235,300,False,Normal
2027-01-18 01:00:00,237.5,237,300,False,Normal
2027-01-18 02:00:00,238.7,238,300,False,Normal
2027-01-18 03:00:00,239.4,239,300,False,Normal
2027-01-18 04:00:00,244.2,242,300,False,Normal
2027-01-18 05:00:00,248.2,243,300,False,Normal
2027-01-18 06:00:00,202.4,203,300,False,Normal
2027-01-18 07:00:00,151.2,147,300,False,Normal
2027-01-18 08:00:00,150.6,148,300,False,Zone Imbalance (Dock Congestion)
2027-01-18 09:00:00,150.3,149,300,False,Zone Imbalance (Dock Congestion)
2027-01-18 10:00:00,150.2,149,300,False,Zone Imbalance (Dock Congestion)
2027-01-18 11:00:00,146.2,149,300,False,Zone Imbalance (Dock Congestion)
2027-01-18 12:00:00,148.1,149,300,False,Zone Imbalance (Dock Congestion)
2027-01-18 13:00:00,149.0,149,300,False,Zone Imbalance (Dock Congestion)
2027-01-18 14:00:00,149.5,149,300,False,Zone Imbalance (Dock Congestion)
2027-01-18 15:00:00,149.8,149,300,False,Zone Imbalance (Dock Congestion)
2027-01-18 16:00:00,149.9,149,300,False,Zone Imbalance (Dock Congestion)
2027-01-18 17:00:00,149.9,149,300,False,Zone Imbalance (Dock Congestion)
2027-01-18 18:00:00,150.0,149,300,False,Zone Imbalance (Dock Congestion)
2027-01-18 19:00:00,150.0,149,300,False,Zone Imbalance (Dock Congestion)
2027-01-18 20:00:00,162.0,161,300,False,Zone Imbalance (Dock Congestion)
2027-01-18 21:00:00,194.1,193,300,False,Zone Imbalance (Dock Congestion)
2027-01-18 22:00:00,217.1,216,300,False,Zone Imbalance (Dock Congestion)
2027-01-18 23:00:00,228.5,228,300,False,Zone Imbalance (Dock Congestion)
2027-01-19 00:00:00,234.3,234,300,False,Zone Imbalance (Dock Congestion)
2027-01-19 01:00:00,237.1,237,300,False,Zone Imbalance (Dock Congestion)
2027-01-19 02:00:00,238.6,238,300,False,Zone Imbalance (Dock Congestion)
2027-01-19 03:00:00,239.3,239,300,False,Zone Imbalance (Dock Congestion)
2027-01-19 04:00:00,239.6,239,300,False,Zone Imbalance (Dock Congestion)
2027-01-19 05:00:00,239.8,239,300,False,Zone Imbalance (Dock Congestion)
2027-01-19 06:00:00,212.4,213,300,False,Zone Imbalance (Dock Congestion)
2027-01-19 07:00:00,181.2,176,300,False,Zone Imbalance (Dock Congestion)
2027-01-19 08:00:00,165.6,163,300,False,Zone Imbalance (Dock Congestion)
2027-01-19 09:00:00,157.8,156,300,False,Zone Imbalance (Dock Congestion)
2027-01-19 10:00:00,153.9,153,300,False,Zone Imbalance (Dock Congestion)
2027-01-19 11:00:00,152.0,151,300,False,Zone Imbalance (Dock Congestion)
2027-01-19 12:00:00,151.0,156,300,False,Zone Imbalance (Dock Congestion)
2027-01-19 13:00:00,150.5,153,300,False,Zone Imbalance (Dock Congestion)
2027-01-19 14:00:00,150.2,151,300,False,Zone Imbalance (Dock Congestion)
2027-01-19 15:00:00,150.1,150,300,False,Zone Imbalance (Dock Congestion)
2027-01-19 16:00:00,150.1,150,300,False,Zone Imbalance (Dock Congestion)
2027-01-19 17:00:00,150.0,150,300,False,Zone Imbalance (Dock Congestion)
2027-01-19 18:00:00,150.0,150,300,False,Zone Imbalance (Dock Congestion)
2027-01-19 19:00:00,150.0,150,300,False,Zone Imbalance (Dock Congestion)
2027-01-19 20:00:00,162.0,162,300,False,Zone Imbalance (Dock Congestion)
2027-01-19 21:00:00,177.6,166,300,False,Zone Imbalance (Dock Congestion)
2027-01-19 22:00:00,204.4,197,300,False,Zone Imbalance (Dock Congestion)
2027-01-19 23:00:00,222.2,213,300,False,Zone Imbalance (Dock Congestion)
2027-01-20 00:00:00,231.1,226,300,False,Zone Imbalance (Dock Congestion)
2027-01-20 01:00:00,235.5,233,300,False,Zone Imbalance (Dock Congestion)
2027-01-20 02:00:00,237.8,236,300,False,Zone Imbalance (Dock Congestion)
2027-01-20 03:00:00,238.9,238,300,False,Zone Imbalance (Dock Congestion)
2027-01-20 04:00:00,239.4,239,300,False,Zone Imbalance (Dock Congestion)
2027-01-20 05:00:00,239.7,239,300,False,Zone Imbalance (Dock Congestion)
2027-01-20 06:00:00,215.7,214,300,False,Zone Imbalance (Dock Congestion)
2027-01-20 07:00:00,183.5,185,300,False,Zone Imbalance (Dock Congestion)
2027-01-20 08:00:00,166.8,167,300,False,Zone Imbalance (Dock Congestion)
2027-01-20 09:00:00,158.4,158,300,False,Zone Imbalance (Dock Congestion)
2027-01-20 10:00:00,154.2,154,300,False,Zone Imbalance (Dock Congestion)
2027-01-20 11:00:00,150.2,152,300,False,Zone Imbalance (Dock Congestion)
2027-01-20 12:00:00,150.1,151,300,False,Zone Imbalance (Dock Congestion)
2027-01-20 13:00:00,150.0,150,300,False,Zone Imbalance (Dock Congestion)
2027-01-20 14:00:00,150.0,150,300,False,Zone Imbalance (Dock Congestion)
2027-01-20 15:00:00,150.0,150,300,False,Zone Imbalance (Dock Congestion)
2027-01-20 16:00:00,150.0,150,300,False,Zone Imbalance (Dock Congestion)
2027-01-20 17:00:00,150.0,150,300,False,Zone Imbalance (Dock Congestion)
2027-01-20 18:00:00,150.0,150,300,False,Zone Imbalance (Dock Congestion)
2027-01-20 19:00:00,150.0,150,300,False,Normal
2027-01-20 20:00:00,162.0,162,300,False,Normal
2027-01-20 21:00:00,174.0,174,300,False,Normal
2027-01-20 22:00:00,194.8,186,300,False,Normal
2027-01-20 23:00:00,211.8,192,300,False,Normal
2027-01-21 00:00:00,223.8,204,300,False,Normal
2027-01-21 01:00:00,234.2,216,300,False,Normal
2027-01-21 02:00:00,238.4,228,300,False,Normal
2027-01-21 03:00:00,239.2,234,300,False,Normal
2027-01-21 04:00:00,246.5,244,300,False,Normal
2027-01-21 05:00:00,251.5,242,300,False,Normal
2027-01-21 06:00:00,205.2,196,300,False,Normal
2027-01-21 07:00:00,147.6,144,300,False,Normal
2027-01-21 08:00:00,148.8,147,300,False,Normal
2027-01-21 09:00:00,149.8,149,300,False,Normal
2027-01-21 10:00:00,143.8,145,300,False,Normal
2027-01-21 11:00:00,139.8,141,300,False,Normal
2027-01-21 12:00:00,150.8,152,300,False,Normal
2027-01-21 13:00:00,150.0,151,300,False,Normal
2027-01-21 14:00:00,150.0,150,300,False,Normal
2027-01-21 15:00:00,150.0,148,300,False,Normal
2027-01-21 16:00:00,128.0,130,300,False,Normal
2027-01-21 17:00:00,122.0,124,300,False,Normal
2027-01-21 18:00:00,145.0,147,300,False,Normal
2027-01-21 19:00:00,135.5,140,300,False,Normal
2027-01-21 20:00:00,147.5,152,300,False,Normal
2027-01-21 21:00:00,159.5,163,300,False,Normal
2027-01-21 22:00:00,185.5,189,300,False,Normal
2027-01-21 23:00:00,198.2,209,300,False,Normal
2027-01-22 00:00:00,219.1,224,300,False,Normal
2027-01-22 01:00:00,229.5,233,300,False,Normal
2027-01-22 02:00:00,234.8,236,300,False,Normal
2027-01-22 03:00:00,237.4,238,300,False,Normal
2027-01-22 04:00:00,240.3,239,300,False,Normal
2027-01-22 05:00:00,243.5,249,300,False,Normal
2027-01-22 06:00:00,192.0,200,300,False,Normal
2027-01-22 07:00:00,141.0,145,300,False,Normal
2027-01-22 08:00:00,145.5,147,300,False,Normal
2027-01-22 09:00:00,152.5,154,300,False,Normal
2027-01-22 10:00:00,118.7,131,300,False,Normal
2027-01-22 11:00:00,129.7,142,300,False,Normal
2027-01-22 12:00:00,139.7,152,300,False,Normal
2027-01-22 13:00:00,134.3,151,300,False,Normal
2027-01-22 14:00:00,142.2,150,300,False,Normal
2027-01-22 15:00:00,149.2,157,300,False,Normal
2027-01-22 16:00:00,141.2,149,300,False,Normal
2027-01-22 17:00:00,164.2,172,300,False,Normal
2027-01-22 18:00:00,168.4,176,300,False,Normal
2027-01-22 19:00:00,148.4,156,300,False,Normal
2027-01-22 20:00:00,174.4,182,300,False,Normal
2027-01-22 21:00:00,171.4,179,300,False,Normal
2027-01-22 22:00:00,183.4,191,300,False,Normal
2027-01-22 23:00:00,192.7,195,300,False,Normal
2027-01-23 00:00:00,214.6,217,300,False,Normal
2027-01-23 01:00:00,226.0,226,300,False,Normal
2027-01-23 02:00:00,233.0,233,300,False,Normal
2027-01-23 03:00:00,236.5,236,300,False,Normal
2027-01-23 04:00:00,238.2,238,300,False,Normal
2027-01-23 05:00:00,239.1,239,300,False,Normal
2027-01-23 06:00:00,211.5,205,300,False,Normal
2027-01-23 07:00:00,168.4,166,300,False,Normal
2027-01-23 08:00:00,159.2,158,300,False,Normal
2027-01-23 09:00:00,139.2,138,300,False,Normal
2027-01-23 10:00:00,119.2,118,300,False,Normal
2027-01-23 11:00:00,130.2,129,300,False,Normal
2027-01-23 12:00:00,141.2,139,300,False,Normal
2027-01-23 13:00:00,145.0,144,300,False,Normal
2027-01-23 14:00:00,147.5,147,300,False,Normal
2027-01-23 15:00:00,155.0,153,300,False,Normal
2027-01-23 16:00:00,152.5,148,300,False,Normal
2027-01-23 17:00:00,148.5,144,300,False,Normal
2027-01-23 18:00:00,144.5,140,300,False,Normal
2027-01-23 19:00:00,140.5,136,300,False,Normal
2027-01-23 20:00:00,140.1,141,300,False,Normal
2027-01-23 21:00:00,171.5,173,300,False,Normal
2027-01-23 22:00:00,196.4,197,300,False,Normal
2027-01-23 23:00:00,218.2,218,300,False,Normal
2027-01-24 00:00:00,229.1,229,300,False,Normal
2027-01-24 01:00:00,234.5,234,300,False,Normal
2027-01-24 02:00:00,237.3,237,300,False,Normal
2027-01-24 03:00:00,238.6,238,300,False,Normal
2027-01-24 04:00:00,239.3,239,300,False,Normal
2027-01-24 05:00:00,239.7,239,300,False,Normal
2027-01-24 06:00:00,205.8,208,300,False,Normal
2027-01-24 07:00:00,172.1,177,300,False,Normal
2027-01-24 08:00:00,161.0,163,300,False,Normal
2027-01-24 09:00:00,169.5,174,300,False,Normal
2027-01-24 10:00:00,165.1,165,300,False,Normal
2027-01-24 11:00:00,157.6,157,300,False,Normal
2027-01-24 12:00:00,153.8,153,300,False,Normal
2027-01-24 13:00:00,151.9,151,300,False,Normal
2027-01-24 14:00:00,150.9,150,300,False,Normal
2027-01-24 15:00:00,150.5,150,300,False,Normal
2027-01-24 16:00:00,150.2,150,300,False,Normal
2027-01-24 17:00:00,150.1,156,300,False,Normal
2027-01-24 18:00:00,150.7,158,300,False,Normal
2027-01-24 19:00:00,152.9,154,300,False,Normal
2027-01-24 20:00:00,164.9,166,300,False,Normal
2027-01-24 21:00:00,178.5,178,300,False,Normal
2027-01-24 22:00:00,194.0,192,300,False,Normal
2027-01-24 23:00:00,211.3,206,300,False,Normal
2027-01-25 00:00:00,225.7,223,300,False,Normal
2027-01-25 01:00:00,232.8,231,300,False,Normal
2027-01-25 02:00:00,239.8,235,300,False,Normal
2027-01-25 03:00:00,239.9,237,300,False,Normal
2027-01-25 04:00:00,239.9,238,300,False,Normal
2027-01-25 05:00:00,240.0,239,300,False,Normal
2027-01-25 06:00:00,202.9,185,300,False,Normal
2027-01-25 07:00:00,151.1,141,300,False,Normal
2027-01-25 08:00:00,150.5,145,300,False,Normal
2027-01-25 09:00:00,135.7,129,300,False,Normal
2027-01-25 10:00:00,142.7,136,300,False,Normal
2027-01-25 11:00:00,167.7,161,300,False,Normal
2027-01-25 12:00:00,178.7,172,300,False,Normal
2027-01-25 13:00:00,164.4,161,300,False,Normal
2027-01-25 14:00:00,160.3,156,300,False,Normal
2027-01-25 15:00:00,155.2,153,300,False,Normal
2027-01-25 16:00:00,157.2,160,300,False,Normal
2027-01-25 17:00:00,165.2,168,300,False,Normal
2027-01-25 18:00:00,153.5,158,300,False,Normal
2027-01-25 19:00:00,152.5,154,300,False,Normal
2027-01-25 20:00:00,178.5,180,300,False,Normal
2027-01-25 21:00:00,175.5,177,300,False,Normal
2027-01-25 22:00:00,177.1,175,300,False,Normal
2027-01-25 23:00:00,203.1,201,300,False,Normal
2027-01-26 00:00:00,215.4,213,300,False,Normal
2027-01-26 01:00:00,227.7,226,300,False,Normal
2027-01-26 02:00:00,233.8,233,300,False,Normal
2027-01-26 03:00:00,236.9,236,300,False,Normal
2027-01-26 04:00:00,238.5,238,300,False,Normal
2027-01-26 05:00:00,239.2,239,300,False,Normal
2027-01-26 06:00:00,192.6,188,300,False,Normal
2027-01-26 07:00:00,141.3,139,300,False,Normal
2027-01-26 08:00:00,145.7,144,300,False,Normal
2027-01-26 09:00:00,146.1,147,300,False,Normal
2027-01-26 10:00:00,146.1,141,300,False,Normal
2027-01-26 11:00:00,157.1,152,300,False,Normal
2027-01-26 12:00:00,180.6,177,300,False,Normal
2027-01-26 13:00:00,165.3,163,300,False,Normal
2027-01-26 14:00:00,157.7,156,300,False,Normal
2027-01-26 15:00:00,153.8,153,300,False,Normal
2027-01-26 16:00:00,145.8,145,300,False,Normal
2027-01-26 17:00:00,110.8,110,300,False,Normal
2027-01-26 18:00:00,105.8,105,300,False,Normal
2027-01-26 19:00:00,87.3,85,300,False,Normal
2027-01-26 20:00:00,99.3,97,300,False,Normal
2027-01-26 21:00:00,111.3,109,300,False,Normal
2027-01-26 22:00:00,137.3,135,300,False,Normal
2027-01-26 23:00:00,147.2,141,300,False,Normal
2027-01-27 00:00:00,173.2,167,300,False,Normal
2027-01-27 01:00:00,201.8,203,300,False,Normal
2027-01-27 02:00:00,220.9,221,300,False,Normal
2027-01-27 03:00:00,230.5,230,300,False,Normal
2027-01-27 04:00:00,241.2,238,300,False,Normal
2027-01-27 05:00:00,246.5,239,300,False,Normal
2027-01-27 06:00:00,213.6,201,300,False,Normal
2027-01-27 07:00:00,167.5,153,300,False,Normal
2027-01-27 08:00:00,158.7,151,300,False,Normal
2027-01-27 09:00:00,154.4,150,300,False,Normal
2027-01-27 10:00:00,161.4,157,300,False,Normal
2027-01-27 11:00:00,157.4,153,300,False,Normal
2027-01-27 12:00:00,153.7,149,300,False,Normal
2027-01-27 13:00:00,151.8,149,300,False,Normal
2027-01-27 14:00:00,150.9,149,300,False,Normal
2027-01-27 15:00:00,137.5,139,300,False,Normal
2027-01-27 16:00:00,118.0,112,300,False,Normal
2027-01-27 17:00:00,126.0,120,300,False,Normal
2027-01-27 18:00:00,120.0,114,300,False,Normal
2027-01-27 19:00:00,115.0,109,300,False,Normal
2027-01-27 20:00:00,127.0,121,300,False,Normal
2027-01-27 21:00:00,138.0,132,300,False,Normal
2027-01-27 22:00:00,150.0,144,300,False,Normal
2027-01-27 23:00:00,151.2,157,300,False,Normal
2027-01-28 00:00:00,168.8,175,300,False,Normal
2027-01-28 01:00:00,187.6,198,300,False,Normal
2027-01-28 02:00:00,211.6,219,300,False,Normal
2027-01-28 03:00:00,225.8,229,300,False,Normal
2027-01-28 04:00:00,232.9,234,300,False,Normal
2027-01-28 05:00:00,236.4,237,300,False,Normal
2027-01-28 06:00:00,189.5,185,300,False,Normal
2027-01-28 07:00:00,139.8,137,300,False,Normal
2027-01-28 08:00:00,144.9,143,300,False,Normal
2027-01-28 09:00:00,147.4,146,300,False,Normal
2027-01-28 10:00:00,145.1,138,300,False,Normal
2027-01-28 11:00:00,141.1,134,300,False,Normal
2027-01-28 12:00:00,137.1,130,300,False,Normal
2027-01-28 13:00:00,143.6,140,300,False,Normal
2027-01-28 14:00:00,146.8,145,300,False,Normal
2027-01-28 15:00:00,148.4,147,300,False,Normal
2027-01-28 16:00:00,144.5,141,300,False,Normal
2027-01-28 17:00:00,138.5,135,300,False,Normal
2027-01-28 18:00:00,112.3,100,300,False,Normal
2027-01-28 19:00:00,82.4,75,300,False,Normal
2027-01-28 20:00:00,79.4,72,300,False,Normal
2027-01-28 21:00:00,76.4,69,300,False,Normal
2027-01-28 22:00:00,102.4,95,300,False,Normal
2027-01-28 23:00:00,116.2,104,300,False,Normal
2027-01-29 00:00:00,130.3,119,300,False,Normal
2027-01-29 01:00:00,146.3,144,300,False,Normal
2027-01-29 02:00:00,173.4,164,300,False,Normal
2027-01-29 03:00:00,206.7,202,300,False,Normal
2027-01-29 04:00:00,223.4,214,300,False,Normal
2027-01-29 05:00:00,236.9,233,300,False,Normal
2027-01-29 06:00:00,187.3,186,300,False,Normal
2027-01-29 07:00:00,138.6,138,300,False,Normal
2027-01-29 08:00:00,144.3,144,300,False,Normal
2027-01-29 09:00:00,149.5,151,300,False,Normal
2027-01-29 10:00:00,127.5,129,300,False,Normal
2027-01-29 11:00:00,138.5,140,300,False,Normal
2027-01-29 12:00:00,149.5,151,300,False,Normal
2027-01-29 13:00:00,155.7,151,300,False,Normal
2027-01-29 14:00:00,152.8,150,300,False,Normal
2027-01-29 15:00:00,159.7,157,300,False,Normal
2027-01-29 16:00:00,151.7,149,300,False,Normal
2027-01-29 17:00:00,146.7,144,300,False,Normal
2027-01-29 18:00:00,140.7,138,300,False,Normal
2027-01-29 19:00:00,148.7,146,300,False,Normal
2027-01-29 20:00:00,160.7,158,300,False,Normal
2027-01-29 21:00:00,157.7,155,300,False,Normal
2027-01-29 22:00:00,169.7,167,300,False,Normal
2027-01-29 23:00:00,181.7,179,300,False,Normal
2027-01-30 00:00:00,207.7,205,300,False,Normal
2027-01-30 01:00:00,223.9,222,300,False,Normal
2027-01-30 02:00:00,231.9,231,300,False,Normal
2027-01-30 03:00:00,236.0,236,300,False,Normal
2027-01-30 04:00:00,243.1,244,300,False,Normal
2027-01-30 05:00:00,241.6,242,300,False,Normal
2027-01-30 06:00:00,200.6,217,300,False,Normal
2027-01-30 07:00:00,170.2,172,300,False,Normal
2027-01-30 08:00:00,160.1,161,300,False,Normal
2027-01-30 09:00:00,169.6,164,300,False,Normal
2027-01-30 10:00:00,149.6,144,300,False,Normal
2027-01-30 11:00:00,145.6,140,300,False,Normal
2027-01-30 12:00:00,156.6,151,300,False,Normal
2027-01-30 13:00:00,156.9,150,300,False,Normal
2027-01-30 14:00:00,151.9,145,300,False,Normal
2027-01-30 15:00:00,146.9,140,300,False,Normal
2027-01-30 16:00:00,141.9,135,300,False,Normal
2027-01-30 17:00:00,137.9,131,300,False,Normal
2027-01-30 18:00:00,162.9,156,300,False,Normal
2027-01-30 19:00:00,158.9,152,300,False,Normal
2027-01-30 20:00:00,177.8,167,300,False,Normal
2027-01-30 21:00:00,203.8,193,300,False,Normal
2027-01-30 22:00:00,221.9,218,300,False,Normal
2027-01-30 23:00:00,231.0,229,300,False,Normal
2027-01-31 00:00:00,235.5,234,300,False,Normal
2027-01-31 01:00:00,237.7,237,300,False,Normal
2027-01-31 02:00:00,238.9,238,300,False,Normal
2027-01-31 03:00:00,239.4,239,300,False,Normal
2027-01-31 04:00:00,239.7,239,300,False,Normal
2027-01-31 05:00:00,239.9,239,300,False,Normal
2027-01-31 06:00:00,211.7,210,300,False,Normal
2027-01-31 07:00:00,176.3,183,300,False,Normal
2027-01-31 08:00:00,163.1,166,300,False,Normal
2027-01-31 09:00:00,156.6,158,300,False,Normal
2027-01-31 10:00:00,153.3,154,300,False,Normal
2027-01-31 11:00:00,153.1,154,300,False,Normal
2027-01-31 12:00:00,151.5,152,300,False,Normal
2027-01-31 13:00:00,150.8,151,300,False,Normal
2027-01-31 14:00:00,150.4,150,300,False,Normal
2027-01-31 15:00:00,157.5,161,300,False,Normal
2027-01-31 16:00:00,168.5,170,300,False,Normal
2027-01-31 17:00:00,159.3,160,300,False,Normal
2027-01-31 18:00:00,160.6,160,300,False,Normal
2027-01-31 19:00:00,157.3,158,300,False,Normal
2027-01-31 20:00:00,183.3,189,300,False,Normal
2027-01-31 21:00:00,211.6,215,300,False,Normal
2027-01-31 22:00:00,225.8,227,300,False,Normal
2027-01-31 23:00:00,232.9,233,300,False,Normal
2027-02-01 00:00:00,236.5,236,300,False,Normal
2027-02-01 01:00:00,238.2,238,300,False,Normal
2027-02-01 02:00:00,239.1,239,300,False,Normal
2027-02-01 03:00:00,239.6,239,300,False,Normal
2027-02-01 04:00:00,239.8,241,300,False,Normal
2027-02-01 05:00:00,239.9,240,300,False,Normal
2027-02-01 06:00:00,188.4,180,300,False,Pre-Holiday Rush
2027-02-01 07:00:00,139.2,135,300,False,Pre-Holiday Rush
2027-02-01 08:00:00,142.7,131,300,False,Pre-Holiday Rush
2027-02-01 09:00:00,134.7,123,300,False,Pre-Holiday Rush
2027-02-01 10:00:00,111.7,100,300,False,Pre-Holiday Rush
2027-02-01 11:00:00,122.7,111,300,False,Pre-Holiday Rush
2027-02-01 12:00:00,133.7,122,300,False,Pre-Holiday Rush
2027-02-01 13:00:00,140.7,131,300,False,Pre-Holiday Rush
2027-02-01 14:00:00,147.7,138,300,False,Pre-Holiday Rush
2027-02-01 15:00:00,126.5,121,300,False,Pre-Holiday Rush
2027-02-01 16:00:00,118.5,113,300,False,Pre-Holiday Rush
2027-02-01 17:00:00,97.5,92,300,False,Pre-Holiday Rush
2027-02-01 18:00:00,91.5,86,300,False,Pre-Holiday Rush
2027-02-01 19:00:00,86.5,81,300,False,Pre-Holiday Rush
2027-02-01 20:00:00,97.5,92,300,False,Pre-Holiday Rush
2027-02-01 21:00:00,123.5,118,300,False,Pre-Holiday Rush
2027-02-01 22:00:00,130.1,117,300,False,Pre-Holiday Rush
2027-02-01 23:00:00,142.1,129,300,False,Pre-Holiday Rush
2027-02-02 00:00:00,154.1,145,300,False,Pre-Holiday Rush
2027-02-02 01:00:00,172.7,160,300,False,Pre-Holiday Rush
2027-02-02 02:00:00,186.1,173,300,False,Pre-Holiday Rush
2027-02-02 03:00:00,200.4,185,300,False,Pre-Holiday Rush
2027-02-02 04:00:00,212.4,198,300,False,Pre-Holiday Rush
2027-02-02 05:00:00,224.4,210,300,False,Pre-Holiday Rush
2027-02-02 06:00:00,165.5,153,300,False,Pre-Holiday Rush
2027-02-02 07:00:00,127.7,121,300,False,Pre-Holiday Rush
2027-02-02 08:00:00,135.6,129,300,False,Pre-Holiday Rush
2027-02-02 09:00:00,113.6,107,300,False,Pre-Holiday Rush
2027-02-02 10:00:00,120.6,114,300,False,Pre-Holiday Rush
2027-02-02 11:00:00,131.6,125,300,False,Pre-Holiday Rush
2027-02-02 12:00:00,141.6,135,300,False,Pre-Holiday Rush
2027-02-02 13:00:00,145.8,142,300,False,Pre-Holiday Rush
2027-02-02 14:00:00,142.7,142,300,False,Pre-Holiday Rush
2027-02-02 15:00:00,129.3,129,300,False,Pre-Holiday Rush
2027-02-02 16:00:00,121.3,121,300,False,Pre-Holiday Rush
2027-02-02 17:00:00,114.3,114,300,False,Pre-Holiday Rush
2027-02-02 18:00:00,107.3,107,300,False,Pre-Holiday Rush
2027-02-02 19:00:00,101.3,101,300,False,Pre-Holiday Rush
2027-02-02 20:00:00,113.3,113,300,False,Pre-Holiday Rush
2027-02-02 21:00:00,125.3,125,300,False,Pre-Holiday Rush
2027-02-02 22:00:00,151.3,151,300,False,Pre-Holiday Rush
2027-02-02 23:00:00,163.3,165,300,False,Pre-Holiday Rush
2027-02-03 00:00:00,194.3,186,300,False,Pre-Holiday Rush
2027-02-03 01:00:00,209.6,198,300,False,Pre-Holiday Rush
2027-02-03 02:00:00,221.6,207,300,False,Pre-Holiday Rush
2027-02-03 03:00:00,233.6,223,300,False,Pre-Holiday Rush
2027-02-03 04:00:00,237.2,228,300,False,Pre-Holiday Rush
2027-02-03 05:00:00,246.5,229,300,False,Pre-Holiday Rush
2027-02-03 06:00:00,201.3,183,300,False,Pre-Holiday Rush
2027-02-03 07:00:00,147.2,136,300,False,Pre-Holiday Rush
2027-02-03 08:00:00,148.6,143,300,False,Pre-Holiday Rush
2027-02-03 09:00:00,140.6,135,300,False,Pre-Holiday Rush
2027-02-03 10:00:00,132.6,127,300,False,Pre-Holiday Rush
2027-02-03 11:00:00,128.6,123,300,False,Pre-Holiday Rush
2027-02-03 12:00:00,139.6,134,300,False,Pre-Holiday Rush
2027-02-03 13:00:00,125.4,119,300,False,Pre-Holiday Rush
2027-02-03 14:00:00,107.4,104,300,False,Pre-Holiday Rush
2027-02-03 15:00:00,94.8,66,300,False,Pre-Holiday Rush
2027-02-03 16:00:00,86.8,37,300,False,Pre-Holiday Rush
2027-02-03 17:00:00,80.8,31,300,False,Pre-Holiday Rush
2027-02-03 18:00:00,89.8,29,300,False,Pre-Holiday Rush
2027-02-03 19:00:00,94.4,18,300,False,Pre-Holiday Rush
2027-02-03 20:00:00,119.8,39,300,False,Pre-Holiday Rush
2027-02-03 21:00:00,127.5,45,300,False,Pre-Holiday Rush
2027-02-03 22:00:00,129.8,47,300,False,Pre-Holiday Rush
2027-02-03 23:00:00,130.4,47,300,False,Pre-Holiday Rush
2027-02-04 00:00:00,130.6,47,300,False,Pre-Holiday Rush
2027-02-04 01:00:00,130.7,51,300,False,Pre-Holiday Rush
2027-02-04 02:00:00,133.3,51,300,False,Pre-Holiday Rush
2027-02-04 03:00:00,126.3,46,300,False,Pre-Holiday Rush
2027-02-04 04:00:00,136.8,57,300,False,Pre-Holiday Rush
2027-02-04 05:00:00,139.9,60,300,False,Pre-Holiday Rush
2027-02-04 06:00:00,115.0,34,300,False,Pre-Holiday Rush
2027-02-04 07:00:00,89.4,2,300,False,Pre-Holiday Rush
2027-02-04 08:00:00,47.2,0,300,False,Pre-Holiday Rush
2027-02-04 09:00:00,28.5,0,300,False,Pre-Holiday Rush
2027-02-04 10:00:00,0.0,0,300,False,Pre-Holiday Rush
2027-02-04 11:00:00,11.0,11,300,False,Pre-Holiday Rush
2027-02-04 12:00:00,13.3,13,300,False,Pre-Holiday Rush
2027-02-04 13:00:00,0.0,0,300,False,Pre-Holiday Rush
2027-02-04 14:00:00,0.0,0,300,False,Pre-Holiday Rush
2027-02-04 15:00:00,0.0,0,300,False,Pre-Holiday Rush
2027-02-04 16:00:00,0.0,0,300,False,Pre-Holiday Rush
2027-02-04 17:00:00,0.0,0,300,False,Pre-Holiday Rush
2027-02-04 18:00:00,14.3,14,300,False,Pre-Holiday Rush
2027-02-04 19:00:00,0.0,0,300,False,Pre-Holiday Rush
2027-02-04 20:00:00,11.6,12,300,False,Pre-Holiday Rush
2027-02-04 21:00:00,15.1,15,300,False,Pre-Holiday Rush
2027-02-04 22:00:00,16.2,16,300,False,Pre-Holiday Rush
2027-02-04 23:00:00,1.5,1,300,False,Normal
2027-02-05 00:00:00,1.6,1,300,False,Normal
2027-02-05 01:00:00,3.8,3,300,False,Normal
2027-02-05 02:00:00,10.2,1,300,False,Normal
2027-02-05 03:00:00,13.2,4,300,False,Normal
2027-02-05 04:00:00,12.6,5,300,False,Normal
2027-02-05 05:00:00,24.4,26,300,False,Normal
2027-02-05 06:00:00,44.9,52,300,False,Normal
2027-02-05 07:00:00,67.4,71,300,False,Normal
2027-02-05 08:00:00,107.6,109,300,False,Normal
2027-02-05 09:00:00,128.8,129,300,False,Normal
2027-02-05 10:00:00,139.4,139,300,False,Normal
2027-02-05 11:00:00,144.7,144,300,False,Normal
2027-02-05 12:00:00,147.4,147,300,False,Normal
2027-02-05 13:00:00,148.7,148,300,False,Normal
2027-02-05 14:00:00,149.3,149,300,False,Normal
2027-02-05 15:00:00,149.7,149,300,False,Normal
2027-02-05 16:00:00,149.8,149,300,False,Normal
2027-02-05 17:00:00,149.9,149,300,False,Normal
2027-02-05 18:00:00,150.0,149,300,False,Normal
2027-02-05 19:00:00,150.0,149,300,False,Normal
2027-02-05 20:00:00,176.8,179,300,False,Normal
2027-02-05 21:00:00,202.3,197,300,False,Normal
2027-02-05 22:00:00,219.2,214,300,False,Normal
2027-02-05 23:00:00,229.6,227,300,False,Normal
2027-02-06 00:00:00,234.8,233,300,False,Normal
2027-02-06 01:00:00,237.4,236,300,False,Normal
2027-02-06 02:00:00,238.7,238,300,False,Normal
2027-02-06 03:00:00,239.3,239,300,False,Normal
2027-02-06 04:00:00,239.7,239,300,False,Normal
2027-02-06 05:00:00,239.8,239,300,False,Normal
2027-02-06 06:00:00,222.8,225,300,False,Normal
2027-02-06 07:00:00,210.0,211,300,False,Normal
2027-02-06 08:00:00,197.6,203,300,False,Normal
2027-02-06 09:00:00,191.3,192,300,False,Normal
2027-02-06 10:00:00,182.4,180,300,False,Normal
2027-02-06 11:00:00,173.5,169,300,False,Normal
2027-02-06 12:00:00,162.2,161,300,False,Normal
2027-02-06 13:00:00,156.1,155,300,False,Normal
2027-02-06 14:00:00,153.0,152,300,False,Normal
2027-02-06 15:00:00,151.5,151,300,False,Normal
2027-02-06 16:00:00,150.8,150,300,False,Normal
2027-02-06 17:00:00,150.4,150,300,False,Normal
2027-02-06 18:00:00,150.2,150,300,False,Normal
2027-02-06 19:00:00,150.1,150,300,False,Normal
2027-02-06 20:00:00,175.0,177,300,False,Normal
2027-02-06 21:00:00,201.7,195,300,False,Normal
2027-02-06 22:00:00,220.7,216,300,False,Normal
2027-02-06 23:00:00,230.4,228,300,False,Normal
2027-02-07 00:00:00,235.2,234,300,False,Normal
2027-02-07 01:00:00,237.6,237,300,False,Normal
2027-02-07 02:00:00,238.8,238,300,False,Normal
2027-02-07 03:00:00,239.4,239,300,False,Normal
2027-02-07 04:00:00,239.7,239,300,False,Normal
2027-02-07 05:00:00,239.8,239,300,False,Normal
2027-02-07 06:00:00,216.4,227,300,False,Normal
2027-02-07 07:00:00,205.3,222,300,False,Normal
2027-02-07 08:00:00,197.5,218,300,False,Normal
2027-02-07 09:00:00,192.2,205,300,False,Normal
2027-02-07 10:00:00,182.1,194,300,False,Normal
2027-02-07 11:00:00,172.0,185,300,False,Normal
2027-02-07 12:00:00,162.7,169,300,False,Normal
2027-02-07 13:00:00,156.3,161,300,False,Normal
2027-02-07 14:00:00,153.2,155,300,False,Normal
2027-02-07 15:00:00,151.6,152,300,False,Normal
2027-02-07 16:00:00,150.8,151,300,False,Normal
2027-02-07 17:00:00,150.4,150,300,False,Normal
2027-02-07 18:00:00,150.2,150,300,False,Normal
2027-02-07 19:00:00,150.1,150,300,False,Normal
2027-02-07 20:00:00,176.1,176,300,False,Normal
2027-02-07 21:00:00,203.2,208,300,False,Normal
2027-02-07 22:00:00,221.6,224,300,False,Normal
2027-02-07 23:00:00,230.8,232,300,False,Normal
2027-02-08 00:00:00,235.4,236,300,False,Normal
2027-02-08 01:00:00,237.7,238,300,False,Normal
2027-02-08 02:00:00,238.9,239,300,False,Normal
2027-02-08 03:00:00,239.4,239,300,False,Normal
2027-02-08 04:00:00,239.7,239,300,False,Normal
2027-02-08 05:00:00,239.9,239,300,False,Normal
2027-02-08 06:00:00,220.8,221,300,False,Normal
2027-02-08 07:00:00,205.8,204,300,False,Normal
2027-02-08 08:00:00,189.5,185,300,False,Normal
2027-02-08 09:00:00,169.7,167,300,False,Normal
2027-02-08 10:00:00,159.9,158,300,False,Normal
2027-02-08 11:00:00,154.9,154,300,False,Normal
2027-02-08 12:00:00,152.5,152,300,False,Normal
2027-02-08 13:00:00,151.2,151,300,False,Normal
2027-02-08 14:00:00,150.6,150,300,False,Normal
2027-02-08 15:00:00,150.3,150,300,False,Normal
2027-02-08 16:00:00,150.2,150,300,False,Normal
2027-02-08 17:00:00,150.1,150,300,False,Normal
2027-02-08 18:00:00,150.0,150,300,False,Normal
2027-02-08 19:00:00,150.0,150,300,False,Normal
2027-02-08 20:00:00,178.2,178,300,False,Normal
2027-02-08 21:00:00,203.1,203,300,False,Normal
2027-02-08 22:00:00,221.5,221,300,False,Normal
2027-02-08 23:00:00,230.8,230,300,False,Normal
2027-02-09 00:00:00,235.4,235,300,False,Normal
2027-02-09 01:00:00,237.7,237,300,False,Normal
2027-02-09 02:00:00,238.8,238,300,False,Normal
2027-02-09 03:00:00,239.4,239,300,False,Normal
2027-02-09 04:00:00,239.7,239,300,False,Normal
2027-02-09 05:00:00,239.9,239,300,False,Normal
2027-02-09 06:00:00,216.9,223,300,False,Normal
2027-02-09 07:00:00,205.9,211,300,False,Normal
2027-02-09 08:00:00,195.4,203,300,False,Normal
2027-02-09 09:00:00,190.4,194,300,False,Normal
2027-02-09 10:00:00,182.9,191,300,False,Normal
2027-02-09 11:00:00,182.9,186,300,False,Normal
2027-02-09 12:00:00,177.2,183,300,False,Normal
2027-02-09 13:00:00,170.2,174,300,False,Normal
2027-02-09 14:00:00,160.1,162,300,False,Normal
2027-02-09 15:00:00,155.0,156,300,False,Normal
2027-02-09 16:00:00,152.5,153,300,False,Normal
2027-02-09 17:00:00,151.3,151,300,False,Normal
2027-02-09 18:00:00,150.6,150,300,False,Normal
2027-02-09 19:00:00,150.3,150,300,False,Normal
2027-02-09 20:00:00,178.6,176,300,False,Normal
2027-02-09 21:00:00,203.2,208,300,False,Normal
2027-02-09 22:00:00,221.6,224,300,False,Normal
2027-02-09 23:00:00,230.8,232,300,False,Normal
2027-02-10 00:00:00,235.4,236,300,False,Normal
2027-02-10 01:00:00,237.7,238,300,False,Normal
2027-02-10 02:00:00,238.8,239,300,False,Normal
2027-02-10 03:00:00,239.4,239,300,False,Normal
2027-02-10 04:00:00,239.7,239,300,False,Normal
2027-02-10 05:00:00,239.9,239,300,False,Normal
2027-02-10 06:00:00,203.6,204,300,False,Normal
2027-02-10 07:00:00,158.0,164,300,False,Normal
2027-02-10 08:00:00,154.0,157,300,False,Normal
2027-02-10 09:00:00,152.0,153,300,False,Normal
2027-02-10 10:00:00,151.0,151,300,False,Normal
2027-02-10 11:00:00,167.4,164,300,False,Normal
2027-02-10 12:00:00,160.3,157,300,False,Normal
2027-02-10 13:00:00,155.2,153,300,False,Normal
2027-02-10 14:00:00,152.6,151,300,False,Normal
2027-02-10 15:00:00,151.3,150,300,False,Normal
2027-02-10 16:00:00,150.6,150,300,False,Normal
2027-02-10 17:00:00,148.0,149,300,False,Normal
2027-02-10 18:00:00,149.0,149,300,False,Normal
2027-02-10 19:00:00,149.5,149,300,False,Normal
2027-02-10 20:00:00,161.5,161,300,False,Normal
2027-02-10 21:00:00,160.5,166,300,False,Normal
2027-02-10 22:00:00,172.5,178,300,False,Normal
2027-02-10 23:00:00,185.4,200,300,False,Normal
2027-02-11 00:00:00,208.6,220,300,False,Normal
2027-02-11 01:00:00,224.3,230,300,False,Normal
2027-02-11 02:00:00,232.1,235,300,False,Normal
2027-02-11 03:00:00,236.1,237,300,False,Normal
2027-02-11 04:00:00,238.0,238,300,False,Normal
2027-02-11 05:00:00,239.0,239,300,False,Normal
2027-02-11 06:00:00,207.9,197,300,False,Normal
2027-02-11 07:00:00,150.2,143,300,False,Normal
2027-02-11 08:00:00,150.1,146,300,False,Normal
2027-02-11 09:00:00,150.0,148,300,False,Normal
2027-02-11 10:00:00,150.0,149,300,False,Normal
2027-02-11 11:00:00,161.0,160,300,False,Normal
2027-02-11 12:00:00,159.8,162,300,False,Normal
2027-02-11 13:00:00,154.9,156,300,False,Normal
2027-02-11 14:00:00,152.4,153,300,False,Normal
2027-02-11 15:00:00,151.2,151,300,False,Normal
2027-02-11 16:00:00,147.0,149,300,False,Normal
2027-02-11 17:00:00,141.0,146,300,False,Normal
2027-02-11 18:00:00,133.3,136,300,False,Normal
2027-02-11 19:00:00,132.0,125,300,False,Normal
2027-02-11 20:00:00,129.0,122,300,False,Normal
2027-02-11 21:00:00,155.0,148,300,False,Normal
2027-02-11 22:00:00,181.0,175,300,False,Normal
2027-02-11 23:00:00,204.4,203,300,False,Normal
2027-02-12 00:00:00,222.2,221,300,False,Normal
2027-02-12 01:00:00,231.1,230,300,False,Normal
2027-02-12 02:00:00,235.6,235,300,False,Normal
2027-02-12 03:00:00,237.8,237,300,False,Normal
2027-02-12 04:00:00,238.9,238,300,False,Normal
2027-02-12 05:00:00,239.4,239,300,False,Normal
2027-02-12 06:00:00,201.5,196,300,False,Normal
2027-02-12 07:00:00,154.7,151,300,False,Normal
2027-02-12 08:00:00,152.4,150,300,False,Normal
2027-02-12 09:00:00,151.2,150,300,False,Normal
2027-02-12 10:00:00,150.6,150,300,False,Normal
2027-02-12 11:00:00,161.6,161,300,False,Normal
2027-02-12 12:00:00,161.6,163,300,False,Normal
2027-02-12 13:00:00,155.8,156,300,False,Normal
2027-02-12 14:00:00,152.9,153,300,False,Normal
2027-02-12 15:00:00,151.5,151,300,False,Normal
2027-02-12 16:00:00,150.7,150,300,False,Normal
2027-02-12 17:00:00,150.4,154,300,False,Normal
2027-02-12 18:00:00,150.2,152,300,False,Normal
2027-02-12 19:00:00,150.1,151,300,False,Normal
2027-02-12 20:00:00,162.1,163,300,False,Normal
2027-02-12 21:00:00,192.7,189,300,False,Normal
2027-02-12 22:00:00,205.0,201,300,False,Normal
2027-02-12 23:00:00,222.5,215,300,False,Normal
2027-02-13 00:00:00,231.2,227,300,False,Normal
2027-02-13 01:00:00,235.6,233,300,False,Normal
2027-02-13 02:00:00,237.8,236,300,False,Normal
2027-02-13 03:00:00,238.9,238,300,False,Normal
2027-02-13 04:00:00,239.5,239,300,False,Normal
2027-02-13 05:00:00,239.7,239,300,False,Normal
2027-02-13 06:00:00,223.1,217,300,False,Normal
2027-02-13 07:00:00,196.1,198,300,False,Normal
2027-02-13 08:00:00,173.1,174,300,False,Normal
2027-02-13 09:00:00,161.5,162,300,False,Normal
2027-02-13 10:00:00,155.8,156,300,False,Normal
2027-02-13 11:00:00,153.7,157,300,False,Normal
2027-02-13 12:00:00,151.9,153,300,False,Normal
2027-02-13 13:00:00,150.9,151,300,False,Normal
2027-02-13 14:00:00,150.5,150,300,False,Normal
2027-02-13 15:00:00,150.2,150,300,False,Normal
2027-02-13 16:00:00,150.1,150,300,False,Normal
2027-02-13 17:00:00,161.1,161,300,False,Normal
2027-02-13 18:00:00,157.1,157,300,False,Normal
2027-02-13 19:00:00,145.0,151,300,False,Normal
2027-02-13 20:00:00,156.0,162,300,False,Normal
2027-02-13 21:00:00,175.3,175,300,False,Normal
2027-02-13 22:00:00,194.6,197,300,False,Normal
2027-02-13 23:00:00,217.5,218,300,False,Normal
2027-02-14 00:00:00,228.7,229,300,False,Normal
2027-02-14 01:00:00,234.4,234,300,False,Normal
2027-02-14 02:00:00,237.2,237,300,False,Normal
2027-02-14 03:00:00,238.6,238,300,False,Normal
2027-02-14 04:00:00,239.3,239,300,False,Normal
2027-02-14 05:00:00,239.6,239,300,False,Normal
2027-02-14 06:00:00,227.5,228,300,False,Normal
2027-02-14 07:00:00,214.4,205,300,False,Normal
2027-02-14 08:00:00,182.2,177,300,False,Normal
2027-02-14 09:00:00,166.1,163,300,False,Normal
2027-02-14 10:00:00,158.0,156,300,False,Normal
2027-02-14 11:00:00,154.0,153,300,False,Normal
2027-02-14 12:00:00,152.0,151,300,False,Normal
2027-02-14 13:00:00,151.0,150,300,False,Normal
2027-02-14 14:00:00,150.5,150,300,False,Normal
2027-02-14 15:00:00,150.3,150,300,False,Normal
2027-02-14 16:00:00,150.1,151,300,False,Normal
2027-02-14 17:00:00,150.1,150,300,False,Normal
2027-02-14 18:00:00,150.0,150,300,False,Normal
2027-02-14 19:00:00,150.0,150,300,False,Normal
2027-02-14 20:00:00,173.3,167,300,False,Normal
2027-02-14 21:00:00,196.8,193,300,False,Normal
2027-02-14 22:00:00,218.4,216,300,False,Normal
2027-02-14 23:00:00,229.2,228,300,False,Normal
2027-02-15 00:00:00,234.6,234,300,False,Post-Holiday Recovery
2027-02-15 01:00:00,237.3,237,300,False,Post-Holiday Recovery
2027-02-15 02:00:00,238.6,238,300,False,Post-Holiday Recovery
2027-02-15 03:00:00,239.3,239,300,False,Post-Holiday Recovery
2027-02-15 04:00:00,239.7,239,300,False,Post-Holiday Recovery
2027-02-15 05:00:00,239.8,242,300,False,Post-Holiday Recovery
2027-02-15 06:00:00,193.6,187,300,False,Post-Holiday Recovery
2027-02-15 07:00:00,141.8,138,300,False,Post-Holiday Recovery
2027-02-15 08:00:00,145.9,142,300,False,Post-Holiday Recovery
2027-02-15 09:00:00,152.9,149,300,False,Post-Holiday Recovery
2027-02-15 10:00:00,129.9,130,300,False,Post-Holiday Recovery
2027-02-15 11:00:00,140.9,141,300,False,Post-Holiday Recovery
2027-02-15 12:00:00,151.9,152,300,False,Post-Holiday Recovery
2027-02-15 13:00:00,151.0,151,300,False,Post-Holiday Recovery
2027-02-15 14:00:00,150.5,150,300,False,Post-Holiday Recovery
2027-02-15 15:00:00,132.9,135,300,False,Post-Holiday Recovery
2027-02-15 16:00:00,109.9,112,300,False,Post-Holiday Recovery
2027-02-15 17:00:00,117.9,120,300,False,Post-Holiday Recovery
2027-02-15 18:00:00,111.9,114,300,False,Post-Holiday Recovery
2027-02-15 19:00:00,91.9,94,300,False,Post-Holiday Recovery
2027-02-15 20:00:00,103.9,106,300,False,Post-Holiday Recovery
2027-02-15 21:00:00,115.9,118,300,False,Post-Holiday Recovery
2027-02-15 22:00:00,127.9,130,300,False,Post-Holiday Recovery
2027-02-15 23:00:00,153.9,156,300,False,Post-Holiday Recovery
2027-02-16 00:00:00,179.9,182,300,False,Post-Holiday Recovery
2027-02-16 01:00:00,191.1,188,300,False,Post-Holiday Recovery
2027-02-16 02:00:00,210.5,204,300,False,Post-Holiday Recovery
2027-02-16 03:00:00,222.5,216,300,False,Post-Holiday Recovery
2027-02-16 04:00:00,234.5,228,300,False,Post-Holiday Recovery
2027-02-16 05:00:00,246.5,240,300,False,Post-Holiday Recovery
2027-02-16 06:00:00,189.2,180,300,False,Post-Holiday Recovery
2027-02-16 07:00:00,139.6,135,300,False,Post-Holiday Recovery
2027-02-16 08:00:00,144.8,139,300,False,Post-Holiday Recovery
2027-02-16 09:00:00,125.6,122,300,False,Post-Holiday Recovery
2027-02-16 10:00:00,117.6,114,300,False,Post-Holiday Recovery
2027-02-16 11:00:00,128.6,125,300,False,Post-Holiday Recovery
2027-02-16 12:00:00,124.6,121,300,False,Post-Holiday Recovery
2027-02-16 13:00:00,147.6,142,300,False,Post-Holiday Recovery
2027-02-16 14:00:00,132.3,120,300,False,Post-Holiday Recovery
2027-02-16 15:00:00,124.3,112,300,False,Post-Holiday Recovery
2027-02-16 16:00:00,116.3,104,300,False,Post-Holiday Recovery
2027-02-16 17:00:00,95.3,83,300,False,Post-Holiday Recovery
2027-02-16 18:00:00,89.3,77,300,False,Post-Holiday Recovery
2027-02-16 19:00:00,97.3,85,300,False,Post-Holiday Recovery
2027-02-16 20:00:00,109.3,97,300,False,Post-Holiday Recovery
2027-02-16 21:00:00,106.3,94,300,False,Post-Holiday Recovery
2027-02-16 22:00:00,118.3,106,300,False,Post-Holiday Recovery
2027-02-16 23:00:00,141.4,132,300,False,Post-Holiday Recovery
2027-02-17 00:00:00,148.4,146,300,False,Post-Holiday Recovery
2027-02-17 01:00:00,156.0,159,300,False,Post-Holiday Recovery
2027-02-17 02:00:00,175.3,178,300,False,Post-Holiday Recovery
2027-02-17 03:00:00,187.1,189,300,False,Post-Holiday Recovery
2027-02-17 04:00:00,193.4,192,300,False,Post-Holiday Recovery
2027-02-17 05:00:00,191.4,189,300,False,Post-Holiday Recovery
2027-02-17 06:00:00,142.1,139,300,False,Post-Holiday Recovery
2027-02-17 07:00:00,116.0,114,300,False,Post-Holiday Recovery
2027-02-17 08:00:00,123.0,121,300,False,Post-Holiday Recovery
2027-02-17 09:00:00,100.0,99,300,False,Post-Holiday Recovery
2027-02-17 10:00:00,92.0,91,300,False,Post-Holiday Recovery
2027-02-17 11:00:00,103.0,102,300,False,Post-Holiday Recovery
2027-02-17 12:00:00,114.0,113,300,False,Post-Holiday Recovery
2027-02-17 13:00:00,123.0,122,300,False,Post-Holiday Recovery
2027-02-17 14:00:00,118.1,119,300,False,Post-Holiday Recovery
2027-02-17 15:00:00,110.1,106,300,False,Post-Holiday Recovery
2027-02-17 16:00:00,103.1,99,300,False,Post-Holiday Recovery
2027-02-17 17:00:00,96.1,92,300,False,Post-Holiday Recovery
2027-02-17 18:00:00,76.1,72,300,False,Post-Holiday Recovery
2027-02-17 19:00:00,70.1,66,300,False,Post-Holiday Recovery
2027-02-17 20:00:00,67.1,63,300,False,Post-Holiday Recovery
2027-02-17 21:00:00,64.1,60,300,False,Post-Holiday Recovery
2027-02-17 22:00:00,90.1,86,300,False,Post-Holiday Recovery
2027-02-17 23:00:00,102.1,98,300,False,Post-Holiday Recovery
2027-02-18 00:00:00,115.2,110,300,False,Normal
2027-02-18 01:00:00,136.9,145,300,False,Normal
2027-02-18 02:00:00,167.8,170,300,False,Normal
2027-02-18 03:00:00,188.6,181,300,False,Normal
2027-02-18 04:00:00,196.6,186,300,False,Normal
2027-02-18 05:00:00,200.1,200,300,False,Normal
2027-02-18 06:00:00,179.4,174,300,False,Normal
2027-02-18 07:00:00,147.7,146,300,False,Normal
2027-02-18 08:00:00,148.9,148,300,False,Normal
2027-02-18 09:00:00,149.4,149,300,False,Normal
2027-02-18 10:00:00,149.7,149,300,False,Normal
2027-02-18 11:00:00,160.7,160,300,False,Normal
2027-02-18 12:00:00,156.4,162,300,False,Normal
2027-02-18 13:00:00,153.2,156,300,False,Normal
2027-02-18 14:00:00,151.6,153,300,False,Normal
2027-02-18 15:00:00,150.8,151,300,False,Normal
2027-02-18 16:00:00,150.4,150,300,False,Normal
2027-02-18 17:00:00,138.4,138,300,False,Normal
2027-02-18 18:00:00,137.9,144,300,False,Normal
2027-02-18 19:00:00,144.0,147,300,False,Normal
2027-02-18 20:00:00,156.0,159,300,False,Normal
2027-02-18 21:00:00,170.5,171,300,False,Normal
2027-02-18 22:00:00,183.0,178,300,False,Normal
2027-02-18 23:00:00,197.5,188,300,False,Normal
2027-02-19 00:00:00,212.4,203,300,False,Normal
2027-02-19 01:00:00,226.2,220,300,False,Normal
2027-02-19 02:00:00,233.1,230,300,False,Normal
2027-02-19 03:00:00,236.5,235,300,False,Normal
2027-02-19 04:00:00,238.3,237,300,False,Normal
2027-02-19 05:00:00,239.1,238,300,False,Normal
2027-02-19 06:00:00,201.4,195,300,False,Normal
2027-02-19 07:00:00,150.4,152,300,False,Normal
2027-02-19 08:00:00,150.2,151,300,False,Normal
2027-02-19 09:00:00,150.1,150,300,False,Normal
2027-02-19 10:00:00,150.0,150,300,False,Normal
2027-02-19 11:00:00,161.0,161,300,False,Normal
2027-02-19 12:00:00,155.5,155,300,False,Normal
2027-02-19 13:00:00,152.8,152,300,False,Normal
2027-02-19 14:00:00,151.4,151,300,False,Normal
2027-02-19 15:00:00,150.7,150,300,False,Normal
2027-02-19 16:00:00,150.3,150,300,False,Normal
2027-02-19 17:00:00,159.3,159,300,False,Normal
2027-02-19 18:00:00,157.3,154,300,False,Normal
2027-02-19 19:00:00,153.7,152,300,False,Normal
2027-02-19 20:00:00,179.7,178,300,False,Normal
2027-02-19 21:00:00,198.3,192,300,False,Normal
2027-02-19 22:00:00,219.1,210,300,False,Normal
2027-02-19 23:00:00,229.6,225,300,False,Normal
2027-02-20 00:00:00,234.8,232,300,False,Normal
2027-02-20 01:00:00,237.4,236,300,False,Normal
2027-02-20 02:00:00,238.7,238,300,False,Normal
2027-02-20 03:00:00,239.3,239,300,False,Normal
2027-02-20 04:00:00,239.7,239,300,False,Normal
2027-02-20 05:00:00,239.8,239,300,False,Normal
2027-02-20 06:00:00,217.5,210,300,False,Normal
2027-02-20 07:00:00,181.7,175,300,False,Normal
2027-02-20 08:00:00,165.8,162,300,False,Normal
2027-02-20 09:00:00,157.9,156,300,False,Normal
2027-02-20 10:00:00,154.0,153,300,False,Normal
2027-02-20 11:00:00,159.2,152,300,False,Normal
2027-02-20 12:00:00,154.6,151,300,False,Normal
2027-02-20 13:00:00,152.3,150,300,False,Normal
2027-02-20 14:00:00,151.1,150,300,False,Normal
2027-02-20 15:00:00,150.6,150,300,False,Normal
2027-02-20 16:00:00,150.3,150,300,False,Normal
2027-02-20 17:00:00,161.3,161,300,False,Normal
2027-02-20 18:00:00,155.6,155,300,False,Normal
2027-02-20 19:00:00,162.0,161,300,False,Normal
2027-02-20 20:00:00,194.7,193,300,False,Normal
2027-02-20 21:00:00,210.1,216,300,False,Normal
2027-02-20 22:00:00,225.0,228,300,False,Normal
2027-02-20 23:00:00,232.5,234,300,False,Normal
2027-02-21 00:00:00,236.3,237,300,False,Normal
2027-02-21 01:00:00,238.1,238,300,False,Normal
2027-02-21 02:00:00,239.1,239,300,False,Normal
2027-02-21 03:00:00,239.5,239,300,False,Normal
2027-02-21 04:00:00,239.8,239,300,False,Normal
2027-02-21 05:00:00,239.9,239,300,False,Normal
2027-02-21 06:00:00,223.2,220,300,False,Normal
2027-02-21 07:00:00,199.7,214,300,False,Normal
2027-02-21 08:00:00,187.5,196,300,False,Normal
2027-02-21 09:00:00,168.8,173,300,False,Normal
2027-02-21 10:00:00,159.4,161,300,False,Normal
2027-02-21 11:00:00,154.7,155,300,False,Normal
2027-02-21 12:00:00,152.3,152,300,False,Normal
2027-02-21 13:00:00,151.2,151,300,False,Normal
2027-02-21 14:00:00,150.6,150,300,False,Normal
2027-02-21 15:00:00,150.3,150,300,False,Normal
2027-02-21 16:00:00,150.4,151,300,False,Normal
2027-02-21 17:00:00,150.2,150,300,False,Normal
2027-02-21 18:00:00,150.1,150,300,False,Normal
2027-02-21 19:00:00,150.0,150,300,False,Normal
2027-02-21 20:00:00,171.4,175,300,False,Normal
2027-02-21 21:00:00,203.0,206,300,False,Normal
2027-02-21 22:00:00,221.5,223,300,False,Normal
2027-02-21 23:00:00,230.7,231,300,False,Normal
2027-02-22 00:00:00,235.4,235,300,False,Normal
2027-02-22 01:00:00,237.7,237,300,False,Normal
2027-02-22 02:00:00,238.8,238,300,False,Normal
2027-02-22 03:00:00,239.4,239,300,False,Normal
2027-02-22 04:00:00,239.7,239,300,False,Normal
2027-02-22 05:00:00,239.9,239,300,False,Normal
2027-02-22 06:00:00,211.4,206,300,False,Normal
2027-02-22 07:00:00,164.8,170,300,False,Normal
2027-02-22 08:00:00,157.4,160,300,False,Normal
2027-02-22 09:00:00,153.7,155,300,False,Normal
2027-02-22 10:00:00,151.9,152,300,False,Normal
2027-02-22 11:00:00,162.9,163,300,False,Normal
2027-02-22 12:00:00,161.3,162,300,False,Normal
2027-02-22 13:00:00,155.7,156,300,False,Normal
2027-02-22 14:00:00,152.8,153,300,False,Normal
2027-02-22 15:00:00,151.4,151,300,False,Normal
2027-02-22 16:00:00,150.7,150,300,False,Normal
2027-02-22 17:00:00,150.4,150,300,False,Normal
2027-02-22 18:00:00,150.2,150,300,False,Normal
2027-02-22 19:00:00,150.1,150,300,False,Normal
2027-02-22 20:00:00,162.1,162,300,False,Normal
2027-02-22 21:00:00,174.1,174,300,False,Normal
2027-02-22 22:00:00,193.8,197,300,False,Normal
2027-02-22 23:00:00,216.9,218,300,False,Normal
2027-02-23 00:00:00,228.4,229,300,False,Normal
2027-02-23 01:00:00,234.2,234,300,False,Normal
2027-02-23 02:00:00,237.1,237,300,False,Normal
2027-02-23 03:00:00,238.6,238,300,False,Normal
2027-02-23 04:00:00,239.3,239,300,False,Normal
2027-02-23 05:00:00,239.6,239,300,False,Normal
2027-02-23 06:00:00,200.6,199,300,False,Normal
2027-02-23 07:00:00,147.3,148,300,False,Normal
2027-02-23 08:00:00,148.6,149,300,False,Normal
2027-02-23 09:00:00,149.3,149,300,False,Normal
2027-02-23 10:00:00,149.7,149,300,False,Normal
2027-02-23 11:00:00,172.2,174,300,False,Normal
2027-02-23 12:00:00,170.8,166,300,False,Normal
2027-02-23 13:00:00,160.4,158,300,False,Normal
2027-02-23 14:00:00,155.2,154,300,False,Normal
2027-02-23 15:00:00,152.6,152,300,False,Normal
2027-02-23 16:00:00,151.3,151,300,False,Normal
2027-02-23 17:00:00,150.7,149,300,False,Normal
2027-02-23 18:00:00,150.3,149,300,False,Normal
2027-02-23 19:00:00,150.2,149,300,False,Normal
2027-02-23 20:00:00,162.2,161,300,False,Normal
2027-02-23 21:00:00,174.2,173,300,False,Normal
2027-02-23 22:00:00,193.7,192,300,False,Normal
2027-02-23 23:00:00,216.9,216,300,False,Normal
2027-02-24 00:00:00,228.4,228,300,False,Normal
2027-02-24 01:00:00,234.2,234,300,False,Normal
2027-02-24 02:00:00,237.1,237,300,False,Normal
2027-02-24 03:00:00,238.6,238,300,False,Normal
2027-02-24 04:00:00,239.3,239,300,False,Normal
2027-02-24 05:00:00,239.6,241,300,False,Normal
2027-02-24 06:00:00,194.5,198,300,False,Normal
2027-02-24 07:00:00,142.3,150,300,False,Normal
2027-02-24 08:00:00,146.1,150,300,False,Normal
2027-02-24 09:00:00,148.1,150,300,False,Normal
2027-02-24 10:00:00,149.0,150,300,False,Normal
2027-02-24 11:00:00,160.0,161,300,False,Normal
2027-02-24 12:00:00,155.0,155,300,False,Normal
2027-02-24 13:00:00,152.5,152,300,False,Normal
2027-02-24 14:00:00,151.3,151,300,False,Normal
2027-02-24 15:00:00,150.6,150,300,False,Normal
2027-02-24 16:00:00,150.3,150,300,False,Normal
2027-02-24 17:00:00,144.3,144,300,False,Normal
2027-02-24 18:00:00,144.2,147,300,False,Normal
2027-02-24 19:00:00,147.1,148,300,False,Normal
2027-02-24 20:00:00,173.1,174,300,False,Normal
2027-02-24 21:00:00,173.6,182,300,False,Normal
2027-02-24 22:00:00,189.7,201,300,False,Normal
2027-02-24 23:00:00,212.8,220,300,False,Normal
2027-02-25 00:00:00,226.4,230,300,False,Normal
2027-02-25 01:00:00,233.2,235,300,False,Normal
2027-02-25 02:00:00,236.6,237,300,False,Normal
2027-02-25 03:00:00,238.3,238,300,False,Normal
2027-02-25 04:00:00,239.1,239,300,False,Normal
2027-02-25 05:00:00,239.6,239,300,False,Normal
2027-02-25 06:00:00,215.5,209,300,False,Normal
2027-02-25 07:00:00,177.7,163,300,False,Normal
2027-02-25 08:00:00,163.9,156,300,False,Normal
2027-02-25 09:00:00,156.9,153,300,False,Normal
2027-02-25 10:00:00,153.5,151,300,False,Normal
2027-02-25 11:00:00,149.5,147,300,False,Normal
2027-02-25 12:00:00,149.7,148,300,False,Normal
2027-02-25 13:00:00,149.9,149,300,False,Normal
2027-02-25 14:00:00,149.9,149,300,False,Normal
2027-02-25 15:00:00,150.0,149,300,False,Normal
2027-02-25 16:00:00,150.0,149,300,False,Normal
2027-02-25 17:00:00,135.8,140,300,False,Normal
2027-02-25 18:00:00,142.9,145,300,False,Normal
2027-02-25 19:00:00,144.6,147,300,False,Normal
2027-02-25 20:00:00,156.6,159,300,False,Normal
2027-02-25 21:00:00,170.4,171,300,False,Normal
2027-02-25 22:00:00,185.4,184,300,False,Normal
2027-02-25 23:00:00,204.8,205,300,False,Normal
2027-02-26 00:00:00,222.4,222,300,False,Normal
2027-02-26 01:00:00,231.2,231,300,False,Normal
2027-02-26 02:00:00,235.6,235,300,False,Normal
2027-02-26 03:00:00,237.8,237,300,False,Normal
2027-02-26 04:00:00,238.9,238,300,False,Normal
2027-02-26 05:00:00,239.4,244,300,False,Normal
2027-02-26 06:00:00,191.8,206,300,False,Normal
2027-02-26 07:00:00,147.7,163,300,False,Normal
2027-02-26 08:00:00,148.8,156,300,False,Normal
2027-02-26 09:00:00,149.4,153,300,False,Normal
2027-02-26 10:00:00,149.4,151,300,False,Normal
2027-02-26 11:00:00,160.4,162,300,False,Normal
2027-02-26 12:00:00,160.1,159,300,False,Normal
2027-02-26 13:00:00,155.0,154,300,False,Normal
2027-02-26 14:00:00,152.5,152,300,False,Normal
2027-02-26 15:00:00,151.3,151,300,False,Normal
2027-02-26 16:00:00,150.6,145,300,False,Normal
2027-02-26 17:00:00,130.6,132,300,False,Normal
2027-02-26 18:00:00,137.6,141,300,False,Normal
2027-02-26 19:00:00,143.8,145,300,False,Normal
2027-02-26 20:00:00,155.8,157,300,False,Normal
2027-02-26 21:00:00,158.4,155,300,False,Normal
2027-02-26 22:00:00,170.4,167,300,False,Normal
2027-02-26 23:00:00,182.4,179,300,False,Normal
2027-02-27 00:00:00,211.2,209,300,False,Normal
2027-02-27 01:00:00,225.6,224,300,False,Normal
2027-02-27 02:00:00,232.8,232,300,False,Normal
2027-02-27 03:00:00,236.4,236,300,False,Normal
2027-02-27 04:00:00,238.2,238,300,False,Normal
2027-02-27 05:00:00,239.1,239,300,False,Normal
2027-02-27 06:00:00,210.8,214,300,False,Normal
2027-02-27 07:00:00,178.7,180,300,False,Normal
2027-02-27 08:00:00,164.4,165,300,False,Normal
2027-02-27 09:00:00,157.2,157,300,False,Normal
2027-02-27 10:00:00,153.6,153,300,False,Normal
2027-02-27 11:00:00,151.8,151,300,False,Normal
2027-02-27 12:00:00,150.9,150,300,False,Normal
2027-02-27 13:00:00,150.4,150,300,False,Normal
2027-02-27 14:00:00,150.2,150,300,False,Normal
2027-02-27 15:00:00,150.1,150,300,False,Normal
2027-02-27 16:00:00,150.6,150,300,False,Normal
2027-02-27 17:00:00,146.6,150,300,False,Normal
2027-02-27 18:00:00,148.3,150,300,False,Normal
2027-02-27 19:00:00,149.1,150,300,False,Normal
2027-02-27 20:00:00,184.0,183,300,False,Normal
2027-02-27 21:00:00,212.0,211,300,False,Normal
2027-02-27 22:00:00,226.0,225,300,False,Normal
2027-02-27 23:00:00,233.0,232,300,False,Normal
2027-02-28 00:00:00,236.5,236,300,False,Normal
2027-02-28 01:00:00,238.3,238,300,False,Normal
2027-02-28 02:00:00,239.1,239,300,False,Normal
2027-02-28 03:00:00,239.6,239,300,False,Normal
2027-02-28 04:00:00,239.8,239,300,False,Normal
2027-02-28 05:00:00,239.9,239,300,False,Normal
2027-02-28 06:00:00,220.8,218,300,False,Normal
2027-02-28 07:00:00,196.9,192,300,False,Normal
2027-02-28 08:00:00,173.4,171,300,False,Normal
2027-02-28 09:00:00,161.7,160,300,False,Normal
2027-02-28 10:00:00,155.9,155,300,False,Normal
2027-02-28 11:00:00,152.9,152,300,False,Normal
2027-02-28 12:00:00,151.5,151,300,False,Normal
2027-02-28 13:00:00,150.7,150,300,False,Normal
2027-02-28 14:00:00,150.4,150,300,False,Normal
2027-02-28 15:00:00,150.2,150,300,False,Normal
2027-02-28 16:00:00,150.1,150,300,False,Normal
2027-02-28 17:00:00,150.0,150,300,False,Normal
2027-02-28 18:00:00,150.0,150,300,False,Normal
2027-02-28 19:00:00,150.0,150,300,False,Normal
2027-02-28 20:00:00,171.2,165,300,False,Normal
2027-02-28 21:00:00,190.3,187,300,False,Normal
2027-02-28 22:00:00,215.2,213,300,False,Normal
2027-02-28 23:00:00,227.6,226,300,False,Normal
2027-03-01 00:00:00,233.8,233,300,False,Normal
2027-03-01 01:00:00,236.9,236,300,False,Normal
2027-03-01 02:00:00,238.4,238,300,False,Normal
2027-03-01 03:00:00,239.2,239,300,False,Normal
2027-03-01 04:00:00,239.6,239,300,False,Normal
2027-03-01 05:00:00,239.8,239,300,False,Normal
2027-03-01 06:00:00,211.1,213,300,False,Normal
2027-03-01 07:00:00,180.4,181,300,False,Normal
2027-03-01 08:00:00,165.2,165,300,False,Normal
2027-03-01 09:00:00,157.6,157,300,False,Normal
2027-03-01 10:00:00,153.8,153,300,False,Normal
2027-03-01 11:00:00,164.7,164,300,False,Normal
2027-03-01 12:00:00,157.4,157,300,False,Normal
2027-03-01 13:00:00,153.7,153,300,False,Normal
2027-03-01 14:00:00,151.8,151,300,False,Normal
2027-03-01 15:00:00,150.9,150,300,False,Normal
2027-03-01 16:00:00,150.5,150,300,False,Normal
2027-03-01 17:00:00,141.9,137,300,False,Normal
2027-03-01 18:00:00,145.9,143,300,False,Normal
2027-03-01 19:00:00,148.0,146,300,False,Normal
2027-03-01 20:00:00,147.8,143,300,False,Normal
2027-03-01 21:00:00,150.2,154,300,False,Normal
2027-03-01 22:00:00,182.8,186,300,False,Normal
2027-03-01 23:00:00,204.5,203,300,False,Normal
2027-03-02 00:00:00,222.3,221,300,False,Normal
2027-03-02 01:00:00,231.1,230,300,False,Normal
2027-03-02 02:00:00,235.6,235,300,False,Normal
2027-03-02 03:00:00,237.8,237,300,False,Normal
2027-03-02 04:00:00,238.9,238,300,False,Normal
2027-03-02 05:00:00,239.4,239,300,False,Normal
2027-03-02 06:00:00,205.1,214,300,False,Normal
2027-03-02 07:00:00,174.0,180,300,False,Normal
2027-03-02 08:00:00,162.0,165,300,False,Normal
2027-03-02 09:00:00,156.0,157,300,False,Normal
2027-03-02 10:00:00,153.0,153,300,False,Normal
2027-03-02 11:00:00,161.6,158,300,False,Normal
2027-03-02 12:00:00,155.8,154,300,False,Normal
2027-03-02 13:00:00,152.9,152,300,False,Normal
2027-03-02 14:00:00,151.5,151,300,False,Normal
2027-03-02 15:00:00,150.7,150,300,False,Normal
2027-03-02 16:00:00,150.4,150,300,False,Normal
2027-03-02 17:00:00,150.2,150,300,False,Normal
2027-03-02 18:00:00,150.1,150,300,False,Normal
2027-03-02 19:00:00,150.0,150,300,False,Normal
2027-03-02 20:00:00,176.0,176,300,False,Normal
2027-03-02 21:00:00,188.5,188,300,False,Normal
2027-03-02 22:00:00,214.2,214,300,False,Normal
2027-03-02 23:00:00,227.1,227,300,False,Normal
2027-03-03 00:00:00,233.6,233,300,False,Normal
2027-03-03 01:00:00,236.8,236,300,False,Normal
2027-03-03 02:00:00,238.4,238,300,False,Normal
2027-03-03 03:00:00,239.2,239,300,False,Normal
2027-03-03 04:00:00,239.6,239,300,False,Normal
2027-03-03 05:00:00,239.8,239,300,False,Normal
2027-03-03 06:00:00,208.7,200,300,False,Normal
2027-03-03 07:00:00,161.1,153,300,False,Normal
2027-03-03 08:00:00,155.5,151,300,False,Normal
2027-03-03 09:00:00,152.8,150,300,False,Normal
2027-03-03 10:00:00,151.4,150,300,False,Normal
2027-03-03 11:00:00,167.4,163,300,False,Normal
2027-03-03 12:00:00,158.7,156,300,False,Normal
2027-03-03 13:00:00,154.3,153,300,False,Normal
2027-03-03 14:00:00,152.2,151,300,False,Normal
2027-03-03 15:00:00,151.1,150,300,False,Normal
2027-03-03 16:00:00,150.5,150,300,False,Normal
2027-03-03 17:00:00,145.2,150,300,False,Normal
2027-03-03 18:00:00,147.6,150,300,False,Normal
2027-03-03 19:00:00,148.8,150,300,False,Normal
2027-03-03 20:00:00,151.6,156,300,False,Normal
2027-03-03 21:00:00,169.9,169,300,False,Normal
2027-03-03 22:00:00,192.6,193,300,False,Normal
2027-03-03 23:00:00,216.3,216,300,False,Normal
2027-03-04 00:00:00,228.2,228,300,False,Normal
2027-03-04 01:00:00,234.1,234,300,False,Normal
2027-03-04 02:00:00,237.0,237,300,False,Normal
2027-03-04 03:00:00,238.5,238,300,False,Normal
2027-03-04 04:00:00,239.3,239,300,False,Normal
2027-03-04 05:00:00,240.9,251,300,False,Normal
2027-03-04 06:00:00,188.6,205,300,False,Normal
2027-03-04 07:00:00,139.3,164,300,False,Normal
2027-03-04 08:00:00,144.7,157,300,False,Normal
2027-03-04 09:00:00,147.3,153,300,False,Normal
2027-03-04 10:00:00,148.7,151,300,False,Normal
2027-03-04 11:00:00,155.4,153,300,False,Normal
2027-03-04 12:00:00,152.7,151,300,False,Normal
2027-03-04 13:00:00,151.4,150,300,False,Normal
2027-03-04 14:00:00,150.7,150,300,False,Normal
2027-03-04 15:00:00,150.3,150,300,False,Normal
2027-03-04 16:00:00,150.2,150,300,False,Normal
2027-03-04 17:00:00,141.2,143,300,False,Normal
2027-03-04 18:00:00,145.6,146,300,False,Normal
2027-03-04 19:00:00,147.8,148,300,False,Normal
2027-03-04 20:00:00,159.8,160,300,False,Normal
2027-03-04 21:00:00,178.3,177,300,False,Normal
2027-03-04 22:00:00,202.0,206,300,False,Normal
2027-03-04 23:00:00,221.0,223,300,False,Normal
2027-03-05 00:00:00,230.5,231,300,False,Normal
2027-03-05 01:00:00,235.2,235,300,False,Normal
2027-03-05 02:00:00,237.6,237,300,False,Normal
2027-03-05 03:00:00,238.8,238,300,False,Normal
2027-03-05 04:00:00,239.4,239,300,False,Normal
2027-03-05 05:00:00,239.7,239,300,False,Normal
2027-03-05 06:00:00,209.7,201,300,False,Normal
2027-03-05 07:00:00,164.1,153,300,False,Normal
2027-03-05 08:00:00,157.1,151,300,False,Normal
2027-03-05 09:00:00,153.5,150,300,False,Normal
2027-03-05 10:00:00,151.8,150,300,False,Normal
2027-03-05 11:00:00,162.8,161,300,False,Normal
2027-03-05 12:00:00,159.7,162,300,False,Normal
2027-03-05 13:00:00,154.8,156,300,False,Normal
2027-03-05 14:00:00,152.4,153,300,False,Normal
2027-03-05 15:00:00,151.2,151,300,False,Normal
2027-03-05 16:00:00,150.6,150,300,False,Normal
2027-03-05 17:00:00,147.1,142,300,False,Normal
2027-03-05 18:00:00,148.5,146,300,False,Normal
2027-03-05 19:00:00,149.3,148,300,False,Normal
2027-03-05 20:00:00,160.3,159,300,False,Normal
2027-03-05 21:00:00,176.7,173,300,False,Normal
2027-03-05 22:00:00,188.7,193,300,False,Normal
2027-03-05 23:00:00,213.1,216,300,False,Normal
2027-03-06 00:00:00,226.5,228,300,False,Normal
2027-03-06 01:00:00,233.3,234,300,False,Normal
2027-03-06 02:00:00,236.6,237,300,False,Normal
2027-03-06 03:00:00,238.3,238,300,False,Normal
2027-03-06 04:00:00,239.2,239,300,False,Normal
2027-03-06 05:00:00,239.6,239,300,False,Normal
2027-03-06 06:00:00,214.4,209,300,False,Normal
2027-03-06 07:00:00,176.4,180,300,False,Normal
2027-03-06 08:00:00,163.2,165,300,False,Normal
2027-03-06 09:00:00,156.6,157,300,False,Normal
2027-03-06 10:00:00,153.3,153,300,False,Normal
2027-03-06 11:00:00,151.7,151,300,False,Normal
2027-03-06 12:00:00,150.8,150,300,False,Normal
2027-03-06 13:00:00,150.4,150,300,False,Normal
2027-03-06 14:00:00,150.2,150,300,False,Normal
2027-03-06 15:00:00,150.1,150,300,False,Normal
2027-03-06 16:00:00,150.1,150,300,False,Normal
2027-03-06 17:00:00,150.0,149,300,False,Normal
2027-03-06 18:00:00,161.0,157,300,False,Normal
2027-03-06 19:00:00,155.5,153,300,False,Normal
2027-03-06 20:00:00,168.5,162,300,False,Normal
2027-03-06 21:00:00,185.3,184,300,False,Normal
2027-03-06 22:00:00,212.6,207,300,False,Normal
2027-03-06 23:00:00,226.3,223,300,False,Normal
2027-03-07 00:00:00,233.2,231,300,False,Normal
2027-03-07 01:00:00,236.6,235,300,False,Normal
2027-03-07 02:00:00,238.3,237,300,False,Normal
2027-03-07 03:00:00,239.1,238,300,False,Normal
2027-03-07 04:00:00,239.6,239,300,False,Normal
2027-03-07 05:00:00,239.8,239,300,False,Normal
2027-03-07 06:00:00,223.8,224,300,False,Normal
2027-03-07 07:00:00,205.7,207,300,False,Normal
2027-03-07 08:00:00,179.8,181,300,False,Normal
2027-03-07 09:00:00,164.9,165,300,False,Normal
2027-03-07 10:00:00,157.5,157,300,False,Normal
2027-03-07 11:00:00,153.7,153,300,False,Normal
2027-03-07 12:00:00,151.9,151,300,False,Normal
2027-03-07 13:00:00,150.9,150,300,False,Normal
2027-03-07 14:00:00,150.5,150,300,False,Normal
2027-03-07 15:00:00,150.2,150,300,False,Normal
2027-03-07 16:00:00,150.1,150,300,False,Normal
2027-03-07 17:00:00,150.1,150,300,False,Normal
2027-03-07 18:00:00,150.0,150,300,False,Normal
2027-03-07 19:00:00,150.0,150,300,False,Normal
2027-03-07 20:00:00,166.3,166,300,False,Normal
2027-03-07 21:00:00,203.2,200,300,False,Normal
2027-03-07 22:00:00,221.6,220,300,False,Normal
2027-03-07 23:00:00,230.8,230,300,False,Normal
2027-03-08 00:00:00,235.4,235,300,False,Normal
2027-03-08 01:00:00,237.7,237,300,False,Normal
2027-03-08 02:00:00,238.8,238,300,False,Normal
2027-03-08 03:00:00,239.4,239,300,False,Normal
2027-03-08 04:00:00,239.7,239,300,False,Normal
2027-03-08 05:00:00,239.9,239,300,False,Normal
2027-03-08 06:00:00,201.8,198,300,False,Normal
2027-03-08 07:00:00,156.7,155,300,False,Normal
2027-03-08 08:00:00,153.3,152,300,False,Normal
2027-03-08 09:00:00,151.7,151,300,False,Normal
2027-03-08 10:00:00,150.8,150,300,False,Normal
2027-03-08 11:00:00,151.4,157,300,False,Normal
2027-03-08 12:00:00,155.0,158,300,False,Normal
2027-03-08 13:00:00,152.5,154,300,False,Normal
2027-03-08 14:00:00,151.3,152,300,False,Normal
2027-03-08 15:00:00,150.6,151,300,False,Normal
2027-03-08 16:00:00,150.3,150,300,False,Normal
2027-03-08 17:00:00,150.2,150,300,False,Normal
2027-03-08 18:00:00,150.1,150,300,False,Normal
2027-03-08 19:00:00,150.0,150,300,False,Normal
2027-03-08 20:00:00,162.0,162,300,False,Normal
2027-03-08 21:00:00,174.0,174,300,False,Normal
2027-03-08 22:00:00,186.0,186,300,False,Normal
2027-03-08 23:00:00,201.6,198,300,False,Normal
2027-03-09 00:00:00,220.8,219,300,False,Normal
2027-03-09 01:00:00,230.4,229,300,False,Normal
2027-03-09 02:00:00,235.2,234,300,False,Normal
2027-03-09 03:00:00,237.6,237,300,False,Normal
2027-03-09 04:00:00,238.8,238,300,False,Normal
2027-03-09 05:00:00,239.4,239,300,False,Normal
2027-03-09 06:00:00,201.9,199,300,False,Normal
2027-03-09 07:00:00,156.2,159,300,False,Normal
2027-03-09 08:00:00,153.1,154,300,False,Normal
2027-03-09 09:00:00,151.6,152,300,False,Normal
2027-03-09 10:00:00,150.8,151,300,False,Normal
2027-03-09 11:00:00,159.3,152,300,False,Normal
2027-03-09 12:00:00,154.7,151,300,False,Normal
2027-03-09 13:00:00,152.3,150,300,False,Normal
2027-03-09 14:00:00,151.2,150,300,False,Normal
2027-03-09 15:00:00,150.6,150,300,False,Normal
2027-03-09 16:00:00,150.3,150,300,False,Normal
2027-03-09 17:00:00,150.1,150,300,False,Normal
2027-03-09 18:00:00,150.1,150,300,False,Normal
2027-03-09 19:00:00,150.0,150,300,False,Normal
2027-03-09 20:00:00,161.0,161,300,False,Normal
2027-03-09 21:00:00,158.0,160,300,False,Normal
2027-03-09 22:00:00,165.1,170,300,False,Normal
2027-03-09 23:00:00,179.7,189,300,False,Normal
2027-03-10 00:00:00,199.9,208,300,False,Normal
2027-03-10 01:00:00,219.9,224,300,False,Normal
2027-03-10 02:00:00,230.0,232,300,False,Normal
2027-03-10 03:00:00,235.0,236,300,False,Normal
2027-03-10 04:00:00,237.5,238,300,False,Normal
2027-03-10 05:00:00,241.5,240,300,False,Normal
2027-03-10 06:00:00,197.4,200,300,False,Normal
2027-03-10 07:00:00,149.7,145,300,False,Normal
2027-03-10 08:00:00,96.7,97,300,False,AMR Breakdown
2027-03-10 09:00:00,37.2,44,300,False,AMR Breakdown
2027-03-10 10:00:00,0.0,0,300,False,AMR Breakdown
2027-03-10 11:00:00,0.0,0,300,False,AMR Breakdown
2027-03-10 12:00:00,0.0,0,300,False,AMR Breakdown
2027-03-10 13:00:00,0.0,0,300,False,AMR Breakdown
2027-03-10 14:00:00,0.0,0,300,False,AMR Breakdown
2027-03-10 15:00:00,0.0,0,300,False,AMR Breakdown
2027-03-10 16:00:00,0.0,0,300,False,AMR Breakdown
2027-03-10 17:00:00,0.0,0,300,False,AMR Breakdown
2027-03-10 18:00:00,0.0,0,300,False,AMR Breakdown
2027-03-10 19:00:00,0.0,0,300,False,AMR Breakdown
2027-03-10 20:00:00,0.0,0,300,False,AMR Breakdown
2027-03-10 21:00:00,0.0,0,300,False,AMR Breakdown
2027-03-10 22:00:00,0.0,10,300,False,AMR Breakdown
2027-03-10 23:00:00,14.2,25,300,False,AMR Breakdown
2027-03-11 00:00:00,30.7,41,300,False,AMR Breakdown
2027-03-11 01:00:00,44.4,50,300,False,AMR Breakdown
2027-03-11 02:00:00,54.9,63,300,False,AMR Breakdown
2027-03-11 03:00:00,66.8,72,300,False,AMR Breakdown
2027-03-11 04:00:00,70.4,72,300,False,AMR Breakdown
2027-03-11 05:00:00,68.4,77,300,False,AMR Breakdown
2027-03-11 06:00:00,62.6,60,300,False,AMR Breakdown
2027-03-11 07:00:00,39.7,40,300,False,AMR Breakdown
2027-03-11 08:00:00,0.0,0,300,False,AMR Breakdown
2027-03-11 09:00:00,0.0,0,300,False,AMR Breakdown
2027-03-11 10:00:00,0.0,0,300,False,AMR Breakdown
2027-03-11 11:00:00,0.0,0,300,False,AMR Breakdown
2027-03-11 12:00:00,0.0,0,300,False,AMR Breakdown
2027-03-11 13:00:00,0.0,0,300,False,AMR Breakdown
2027-03-11 14:00:00,0.0,0,300,False,AMR Breakdown
2027-03-11 15:00:00,0.0,0,300,False,AMR Breakdown
2027-03-11 16:00:00,0.0,0,300,False,AMR Breakdown
2027-03-11 17:00:00,0.0,0,300,False,AMR Breakdown
2027-03-11 18:00:00,0.0,0,300,False,AMR Breakdown
2027-03-11 19:00:00,0.0,0,300,False,AMR Breakdown
2027-03-11 20:00:00,0.0,0,300,False,AMR Breakdown
2027-03-11 21:00:00,12.0,12,300,False,Normal
2027-03-11 22:00:00,43.2,46,300,False,Normal
2027-03-11 23:00:00,68.6,66,300,False,Normal
2027-03-12 00:00:00,105.6,93,300,False,Normal
2027-03-12 01:00:00,134.7,120,300,False,Normal
2027-03-12 02:00:00,148.5,133,300,False,Normal
2027-03-12 03:00:00,162.2,153,300,False,Normal
2027-03-12 04:00:00,178.5,169,300,False,Normal
2027-03-12 05:00:00,191.4,189,300,False,Normal
2027-03-12 06:00:00,160.2,156,300,False,Normal
2027-03-12 07:00:00,125.1,123,300,False,Normal
2027-03-12 08:00:00,137.6,136,300,False,Normal
2027-03-12 09:00:00,143.8,143,300,False,Normal
2027-03-12 10:00:00,146.9,146,300,False,Normal
2027-03-12 11:00:00,157.9,157,300,False,Normal
2027-03-12 12:00:00,153.9,153,300,False,Normal
2027-03-12 13:00:00,152.0,151,300,False,Normal
2027-03-12 14:00:00,151.0,150,300,False,Normal
2027-03-12 15:00:00,150.5,150,300,False,Normal
2027-03-12 16:00:00,150.2,150,300,False,Normal
2027-03-12 17:00:00,150.1,150,300,False,Normal
2027-03-12 18:00:00,150.1,150,300,False,Normal
2027-03-12 19:00:00,150.0,150,300,False,Normal
2027-03-12 20:00:00,147.0,147,300,False,Normal
2027-03-12 21:00:00,155.3,154,300,False,Normal
2027-03-12 22:00:00,169.6,166,300,False,Normal
2027-03-12 23:00:00,199.2,196,300,False,Normal
2027-03-13 00:00:00,219.6,218,300,False,Normal
2027-03-13 01:00:00,229.8,229,300,False,Normal
2027-03-13 02:00:00,234.9,234,300,False,Normal
2027-03-13 03:00:00,237.5,237,300,False,Normal
2027-03-13 04:00:00,238.7,238,300,False,Normal
2027-03-13 05:00:00,239.4,239,300,False,Normal
2027-03-13 06:00:00,210.4,206,300,False,Normal
2027-03-13 07:00:00,169.7,166,300,False,Normal
2027-03-13 08:00:00,159.9,158,300,False,Normal
2027-03-13 09:00:00,154.9,154,300,False,Normal
2027-03-13 10:00:00,152.5,152,300,False,Normal
2027-03-13 11:00:00,151.2,154,300,False,Normal
2027-03-13 12:00:00,150.6,152,300,False,Normal
2027-03-13 13:00:00,150.3,151,300,False,Normal
2027-03-13 14:00:00,150.2,150,300,False,Normal
2027-03-13 15:00:00,150.1,150,300,False,Normal
2027-03-13 16:00:00,150.0,150,300,False,Normal
2027-03-13 17:00:00,141.4,148,300,False,Normal
2027-03-13 18:00:00,145.7,149,300,False,Normal
2027-03-13 19:00:00,147.8,148,300,False,Normal
2027-03-13 20:00:00,147.7,148,300,False,Normal
2027-03-13 21:00:00,172.6,177,300,False,Normal
2027-03-13 22:00:00,206.3,208,300,False,Normal
2027-03-13 23:00:00,223.1,224,300,False,Normal
2027-03-14 00:00:00,231.6,232,300,False,Normal
2027-03-14 01:00:00,235.8,236,300,False,Normal
2027-03-14 02:00:00,237.9,238,300,False,Normal
2027-03-14 03:00:00,238.9,239,300,False,Normal
2027-03-14 04:00:00,239.5,239,300,False,Normal
2027-03-14 05:00:00,239.7,239,300,False,Normal
2027-03-14 06:00:00,219.4,228,300,False,Normal
2027-03-14 07:00:00,206.3,210,300,False,Normal
2027-03-14 08:00:00,178.2,180,300,False,Normal
2027-03-14 09:00:00,164.1,165,300,False,Normal
2027-03-14 10:00:00,157.0,157,300,False,Normal
2027-03-14 11:00:00,153.5,153,300,False,Normal
2027-03-14 12:00:00,151.8,151,300,False,Normal
2027-03-14 13:00:00,150.9,150,300,False,Normal
2027-03-14 14:00:00,150.4,150,300,False,Normal
2027-03-14 15:00:00,150.2,150,300,False,Normal
2027-03-14 16:00:00,150.1,150,300,False,Normal
2027-03-14 17:00:00,150.1,150,300,False,Normal
2027-03-14 18:00:00,150.0,150,300,False,Normal
2027-03-14 19:00:00,150.0,150,300,False,Normal
2027-03-14 20:00:00,172.5,171,300,False,Normal
2027-03-14 21:00:00,200.6,200,300,False,Normal
2027-03-14 22:00:00,220.3,220,300,False,Normal
2027-03-14 23:00:00,230.1,230,300,False,Normal
2027-03-15 00:00:00,235.1,235,300,False,Normal
2027-03-15 01:00:00,237.5,237,300,False,Normal
2027-03-15 02:00:00,238.8,238,300,False,Normal
2027-03-15 03:00:00,239.4,239,300,False,Normal
2027-03-15 04:00:00,244.6,239,300,False,Normal
2027-03-15 05:00:00,242.3,239,300,False,Normal
2027-03-15 06:00:00,214.5,209,300,False,Normal
2027-03-15 07:00:00,176.1,184,300,False,Normal
2027-03-15 08:00:00,163.0,167,300,False,Normal
2027-03-15 09:00:00,156.5,158,300,False,Normal
2027-03-15 10:00:00,153.3,154,300,False,Normal
2027-03-15 11:00:00,164.3,165,300,False,Normal
2027-03-15 12:00:00,157.1,158,300,False,Normal
2027-03-15 13:00:00,153.6,154,300,False,Normal
2027-03-15 14:00:00,151.8,152,300,False,Normal
2027-03-15 15:00:00,150.9,151,300,False,Normal
2027-03-15 16:00:00,150.4,150,300,False,Normal
2027-03-15 17:00:00,150.2,150,300,False,Normal
2027-03-15 18:00:00,150.1,150,300,False,Normal
2027-03-15 19:00:00,150.1,150,300,False,Normal
2027-03-15 20:00:00,162.1,162,300,False,Normal
2027-03-15 21:00:00,168.7,171,300,False,Normal
2027-03-15 22:00:00,184.3,187,300,False,Normal
2027-03-15 23:00:00,204.6,211,300,False,Normal
2027-03-16 00:00:00,222.3,225,300,False,Normal
2027-03-16 01:00:00,231.2,232,300,False,Normal
2027-03-16 02:00:00,235.6,236,300,False,Normal
2027-03-16 03:00:00,237.8,238,300,False,Normal
2027-03-16 04:00:00,238.9,239,300,False,Normal
2027-03-16 05:00:00,239.4,239,300,False,Normal
2027-03-16 06:00:00,216.3,203,300,False,Normal
2027-03-16 07:00:00,170.0,160,300,False,Normal
2027-03-16 08:00:00,160.0,155,300,False,Normal
2027-03-16 09:00:00,155.0,152,300,False,Normal
2027-03-16 10:00:00,152.5,151,300,False,Normal
2027-03-16 11:00:00,151.2,149,300,False,Normal
2027-03-16 12:00:00,150.6,149,300,False,Normal
2027-03-16 13:00:00,150.3,149,300,False,Normal
2027-03-16 14:00:00,150.2,149,300,False,Normal
2027-03-16 15:00:00,150.1,149,300,False,Normal
2027-03-16 16:00:00,150.0,149,300,False,Normal
2027-03-16 17:00:00,150.0,149,300,False,Normal
2027-03-16 18:00:00,150.0,149,300,False,Normal
2027-03-16 19:00:00,150.0,149,300,False,Normal
2027-03-16 20:00:00,162.0,161,300,False,Normal
2027-03-16 21:00:00,174.0,173,300,False,Normal
2027-03-16 22:00:00,188.3,197,300,False,Normal
2027-03-16 23:00:00,214.2,218,300,False,Normal
2027-03-17 00:00:00,227.1,229,300,False,Normal
2027-03-17 01:00:00,233.5,234,300,False,Normal
2027-03-17 02:00:00,236.8,237,300,False,Normal
2027-03-17 03:00:00,238.4,238,300,False,Normal
2027-03-17 04:00:00,239.2,239,300,False,Normal
2027-03-17 05:00:00,239.6,239,300,False,Normal
2027-03-17 06:00:00,231.8,218,300,False,Normal
2027-03-17 07:00:00,206.1,183,300,False,Normal
2027-03-17 08:00:00,178.1,166,300,False,Normal
2027-03-17 09:00:00,164.0,158,300,False,Normal
2027-03-17 10:00:00,157.0,154,300,False,Normal
2027-03-17 11:00:00,161.2,159,300,False,Normal
2027-03-17 12:00:00,155.6,154,300,False,Normal
2027-03-17 13:00:00,152.8,152,300,False,Normal
2027-03-17 14:00:00,151.4,151,300,False,Normal
2027-03-17 15:00:00,150.7,150,300,False,Normal
2027-03-17 16:00:00,150.3,150,300,False,Normal
2027-03-17 17:00:00,150.2,150,300,False,Normal
2027-03-17 18:00:00,150.1,150,300,False,Normal
2027-03-17 19:00:00,150.0,150,300,False,Normal
2027-03-17 20:00:00,158.8,154,300,False,Normal
2027-03-17 21:00:00,175.6,176,300,False,Normal
2027-03-17 22:00:00,205.5,197,300,False,Normal
2027-03-17 23:00:00,222.8,218,300,False,Normal
2027-03-18 00:00:00,231.4,229,300,False,Normal
2027-03-18 01:00:00,235.7,234,300,False,Normal
2027-03-18 02:00:00,237.8,237,300,False,Normal
2027-03-18 03:00:00,238.9,238,300,False,Normal
2027-03-18 04:00:00,239.5,239,300,False,Normal
2027-03-18 05:00:00,239.7,240,300,False,Normal
2027-03-18 06:00:00,194.9,209,300,False,Normal
2027-03-18 07:00:00,155.3,167,300,False,Normal
2027-03-18 08:00:00,152.7,158,300,False,Normal
2027-03-18 09:00:00,151.3,154,300,False,Normal
2027-03-18 10:00:00,150.7,152,300,False,Normal
2027-03-18 11:00:00,161.7,151,300,False,Normal
2027-03-18 12:00:00,155.8,150,300,False,Normal
2027-03-18 13:00:00,152.9,150,300,False,Normal
2027-03-18 14:00:00,151.5,150,300,False,Normal
2027-03-18 15:00:00,150.7,150,300,False,Normal
2027-03-18 16:00:00,150.4,150,300,False,Normal
2027-03-18 17:00:00,150.2,150,300,False,Normal
2027-03-18 18:00:00,150.1,150,300,False,Normal
2027-03-18 19:00:00,150.0,150,300,False,Normal
2027-03-18 20:00:00,162.0,162,300,False,Normal
2027-03-18 21:00:00,167.6,168,300,False,Normal
2027-03-18 22:00:00,181.0,188,300,False,Normal
2027-03-18 23:00:00,206.3,206,300,False,Normal
2027-03-19 00:00:00,223.1,223,300,False,Normal
2027-03-19 01:00:00,231.6,231,300,False,Normal
2027-03-19 02:00:00,235.8,235,300,False,Normal
2027-03-19 03:00:00,237.9,237,300,False,Normal
2027-03-19 04:00:00,239.4,238,300,False,Normal
2027-03-19 05:00:00,239.7,239,300,False,Normal
2027-03-19 06:00:00,199.4,205,300,False,Normal
2027-03-19 07:00:00,158.6,166,300,False,Normal
2027-03-19 08:00:00,154.3,158,300,False,Normal
2027-03-19 09:00:00,152.2,154,300,False,Normal
2027-03-19 10:00:00,151.1,152,300,False,Normal
2027-03-19 11:00:00,147.1,148,300,False,Normal
2027-03-19 12:00:00,155.3,153,300,False,Normal
2027-03-19 13:00:00,152.6,151,300,False,Normal
2027-03-19 14:00:00,151.3,150,300,False,Normal
2027-03-19 15:00:00,150.7,150,300,False,Normal
2027-03-19 16:00:00,150.3,150,300,False,Normal
2027-03-19 17:00:00,150.2,150,300,False,Normal
2027-03-19 18:00:00,150.1,150,300,False,Normal
2027-03-19 19:00:00,150.0,150,300,False,Normal
2027-03-19 20:00:00,176.0,176,300,False,Normal
2027-03-19 21:00:00,202.0,202,300,False,Normal
2027-03-19 22:00:00,215.9,212,300,False,Normal
2027-03-19 23:00:00,228.0,224,300,False,Normal
2027-03-20 00:00:00,234.0,232,300,False,Normal
2027-03-20 01:00:00,237.0,236,300,False,Normal
2027-03-20 02:00:00,238.5,238,300,False,Normal
2027-03-20 03:00:00,239.2,239,300,False,Normal
2027-03-20 04:00:00,239.6,239,300,False,Normal
2027-03-20 05:00:00,239.8,239,300,False,Normal
2027-03-20 06:00:00,211.0,210,300,False,Normal
2027-03-20 07:00:00,173.9,173,300,False,Normal
2027-03-20 08:00:00,162.0,161,300,False,Normal
2027-03-20 09:00:00,156.0,155,300,False,Normal
2027-03-20 10:00:00,153.0,152,300,False,Normal
2027-03-20 11:00:00,151.5,151,300,False,Normal
2027-03-20 12:00:00,150.7,150,300,False,Normal
2027-03-20 13:00:00,150.4,150,300,False,Normal
2027-03-20 14:00:00,150.2,150,300,False,Normal
2027-03-20 15:00:00,150.1,150,300,False,Normal
2027-03-20 16:00:00,150.0,150,300,False,Normal
2027-03-20 17:00:00,150.0,146,300,False,Normal
2027-03-20 18:00:00,150.0,148,300,False,Normal
2027-03-20 19:00:00,156.1,158,300,False,Normal
2027-03-20 20:00:00,157.9,160,300,False,Normal
2027-03-20 21:00:00,184.4,194,300,False,Normal
2027-03-20 22:00:00,209.1,216,300,False,Normal
2027-03-20 23:00:00,224.6,228,300,False,Normal
2027-03-21 00:00:00,232.3,234,300,False,Normal
2027-03-21 01:00:00,236.1,237,300,False,Normal
2027-03-21 02:00:00,238.1,238,300,False,Normal
2027-03-21 03:00:00,239.0,239,300,False,Normal
2027-03-21 04:00:00,239.5,239,300,False,Normal
2027-03-21 05:00:00,239.8,239,300,False,Normal
2027-03-21 06:00:00,222.5,220,300,False,Normal
2027-03-21 07:00:00,201.3,201,300,False,Normal
2027-03-21 08:00:00,175.7,175,300,False,Normal
2027-03-21 09:00:00,162.8,162,300,False,Normal
2027-03-21 10:00:00,156.4,156,300,False,Normal
2027-03-21 11:00:00,153.2,153,300,False,Normal
2027-03-21 12:00:00,151.6,151,300,False,Normal
2027-03-21 13:00:00,150.8,150,300,False,Normal
2027-03-21 14:00:00,150.4,150,300,False,Normal
2027-03-21 15:00:00,150.2,150,300,False,Normal
2027-03-21 16:00:00,150.1,150,300,False,Normal
2027-03-21 17:00:00,150.1,150,300,False,Normal
2027-03-21 18:00:00,150.0,150,300,False,Normal
2027-03-21 19:00:00,150.0,150,300,False,Normal
2027-03-21 20:00:00,180.9,181,300,False,Normal
2027-03-21 21:00:00,210.5,210,300,False,Normal
2027-03-21 22:00:00,225.2,225,300,False,Normal
2027-03-21 23:00:00,232.6,232,300,False,Normal
2027-03-22 00:00:00,236.3,236,300,False,Normal
2027-03-22 01:00:00,238.2,238,300,False,Normal
2027-03-22 02:00:00,239.1,239,300,False,Normal
2027-03-22 03:00:00,239.5,239,300,False,Normal
2027-03-22 04:00:00,239.8,239,300,False,Normal
2027-03-22 05:00:00,239.9,239,300,False,Normal
2027-03-22 06:00:00,212.2,214,300,False,Normal
2027-03-22 07:00:00,182.4,180,300,False,Normal
2027-03-22 08:00:00,166.2,165,300,False,Normal
2027-03-22 09:00:00,158.1,157,300,False,Normal
2027-03-22 10:00:00,154.0,153,300,False,Normal
2027-03-22 11:00:00,165.0,164,300,False,Normal
2027-03-22 12:00:00,159.8,159,300,False,Normal
2027-03-22 13:00:00,154.9,154,300,False,Normal
2027-03-22 14:00:00,152.5,152,300,False,Normal
2027-03-22 15:00:00,151.2,151,300,False,Normal
2027-03-22 16:00:00,150.6,150,300,False,Normal
2027-03-22 17:00:00,150.3,149,300,False,Normal
2027-03-22 18:00:00,150.2,149,300,False,Normal
2027-03-22 19:00:00,150.1,149,300,False,Normal
2027-03-22 20:00:00,162.1,161,300,False,Normal
2027-03-22 21:00:00,179.4,173,300,False,Normal
2027-03-22 22:00:00,196.7,189,300,False,Normal
2027-03-22 23:00:00,216.7,213,300,False,Normal
2027-03-23 00:00:00,228.4,226,300,False,Normal
2027-03-23 01:00:00,234.2,233,300,False,Normal
2027-03-23 02:00:00,237.1,236,300,False,Normal
2027-03-23 03:00:00,238.5,238,300,False,Normal
2027-03-23 04:00:00,239.3,239,300,False,Normal
2027-03-23 05:00:00,239.6,239,300,False,Normal
2027-03-23 06:00:00,200.1,198,300,False,Normal
2027-03-23 07:00:00,152.2,147,300,False,Normal
2027-03-23 08:00:00,151.1,148,300,False,Normal
2027-03-23 09:00:00,150.5,149,300,False,Normal
2027-03-23 10:00:00,150.3,149,300,False,Normal
2027-03-23 11:00:00,161.3,160,300,False,Normal
2027-03-23 12:00:00,160.0,159,300,False,Normal
2027-03-23 13:00:00,155.0,154,300,False,Normal
2027-03-23 14:00:00,152.5,152,300,False,Normal
2027-03-23 15:00:00,151.2,151,300,False,Normal
2027-03-23 16:00:00,150.6,150,300,False,Normal
2027-03-23 17:00:00,150.3,150,300,False,Normal
2027-03-23 18:00:00,150.2,150,300,False,Normal
2027-03-23 19:00:00,150.1,150,300,False,Normal
2027-03-23 20:00:00,162.1,162,300,False,Normal
2027-03-23 21:00:00,170.4,166,300,False,Normal
2027-03-23 22:00:00,182.4,190,300,False,Normal
2027-03-23 23:00:00,210.2,212,300,False,Normal
2027-03-24 00:00:00,225.1,226,300,False,Normal
2027-03-24 01:00:00,232.5,233,300,False,Normal
2027-03-24 02:00:00,236.3,236,300,False,Normal
2027-03-24 03:00:00,238.1,238,300,False,Normal
2027-03-24 04:00:00,239.1,239,300,False,Normal
2027-03-24 05:00:00,239.5,239,300,False,Normal
2027-03-24 06:00:00,204.4,210,300,False,Normal
2027-03-24 07:00:00,168.5,166,300,False,Normal
2027-03-24 08:00:00,159.3,158,300,False,Normal
2027-03-24 09:00:00,154.6,154,300,False,Normal
2027-03-24 10:00:00,152.3,152,300,False,Normal
2027-03-24 11:00:00,163.3,163,300,False,Normal
2027-03-24 12:00:00,156.7,156,300,False,Normal
2027-03-24 13:00:00,153.3,153,300,False,Normal
2027-03-24 14:00:00,151.7,151,300,False,Normal
2027-03-24 15:00:00,150.8,150,300,False,Normal
2027-03-24 16:00:00,150.4,150,300,False,Normal
2027-03-24 17:00:00,145.4,145,300,False,Normal
2027-03-24 18:00:00,142.6,145,300,False,Normal
2027-03-24 19:00:00,146.3,147,300,False,Normal
2027-03-24 20:00:00,143.3,144,300,False,Normal
2027-03-24 21:00:00,140.3,151,300,False,Normal
2027-03-24 22:00:00,154.2,178,300,False,Normal
2027-03-24 23:00:00,197.1,209,300,False,Normal
2027-03-25 00:00:00,218.6,224,300,False,Normal
2027-03-25 01:00:00,229.3,232,300,False,Normal
2027-03-25 02:00:00,234.6,236,300,False,Normal
2027-03-25 03:00:00,237.3,238,300,False,Normal
2027-03-25 04:00:00,238.7,239,300,False,Normal
2027-03-25 05:00:00,239.3,239,300,False,Normal
2027-03-25 06:00:00,211.0,195,300,False,Normal
2027-03-25 07:00:00,161.2,152,300,False,Normal
2027-03-25 08:00:00,155.6,151,300,False,Normal
2027-03-25 09:00:00,152.8,150,300,False,Normal
2027-03-25 10:00:00,151.4,150,300,False,Normal
2027-03-25 11:00:00,156.8,161,300,False,Normal
2027-03-25 12:00:00,153.4,155,300,False,Normal
2027-03-25 13:00:00,151.7,152,300,False,Normal
2027-03-25 14:00:00,150.8,151,300,False,Normal
2027-03-25 15:00:00,150.4,150,300,False,Normal
2027-03-25 16:00:00,150.2,150,300,False,Normal
2027-03-25 17:00:00,150.1,150,300,False,Normal
2027-03-25 18:00:00,150.1,150,300,False,Normal
2027-03-25 19:00:00,150.0,150,300,False,Normal
2027-03-25 20:00:00,176.0,177,300,False,Normal
2027-03-25 21:00:00,200.6,197,300,False,Normal
2027-03-25 22:00:00,220.3,218,300,False,Normal
2027-03-25 23:00:00,230.1,229,300,False,Normal
2027-03-26 00:00:00,235.1,234,300,False,Normal
2027-03-26 01:00:00,237.5,237,300,False,Normal
2027-03-26 02:00:00,238.8,238,300,False,Normal
2027-03-26 03:00:00,239.4,239,300,False,Normal
2027-03-26 04:00:00,239.7,239,300,False,Normal
2027-03-26 05:00:00,239.8,239,300,False,Normal
2027-03-26 06:00:00,210.2,206,300,False,Normal
2027-03-26 07:00:00,170.0,168,300,False,Normal
2027-03-26 08:00:00,160.0,159,300,False,Normal
2027-03-26 09:00:00,155.0,154,300,False,Normal
2027-03-26 10:00:00,152.5,152,300,False,Normal
2027-03-26 11:00:00,163.5,160,300,False,Normal
2027-03-26 12:00:00,156.8,155,300,False,Normal
2027-03-26 13:00:00,153.4,152,300,False,Normal
2027-03-26 14:00:00,151.7,151,300,False,Normal
2027-03-26 15:00:00,150.8,150,300,False,Normal
2027-03-26 16:00:00,150.4,150,300,False,Normal
2027-03-26 17:00:00,150.2,150,300,False,Normal
2027-03-26 18:00:00,150.1,150,300,False,Normal
2027-03-26 19:00:00,150.1,150,300,False,Normal
2027-03-26 20:00:00,147.4,151,300,False,Normal
2027-03-26 21:00:00,173.6,180,300,False,Normal
2027-03-26 22:00:00,195.3,205,300,False,Normal
2027-03-26 23:00:00,217.7,222,300,False,Normal
2027-03-27 00:00:00,228.8,231,300,False,Normal
2027-03-27 01:00:00,234.4,235,300,False,Normal
2027-03-27 02:00:00,237.2,237,300,False,Normal
2027-03-27 03:00:00,238.6,238,300,False,Normal
2027-03-27 04:00:00,239.3,239,300,False,Normal
2027-03-27 05:00:00,239.7,239,300,False,Normal
2027-03-27 06:00:00,201.4,209,300,False,Normal
2027-03-27 07:00:00,164.1,176,300,False,Normal
2027-03-27 08:00:00,157.0,163,300,False,Normal
2027-03-27 09:00:00,153.5,156,300,False,Normal
2027-03-27 10:00:00,151.8,153,300,False,Normal
2027-03-27 11:00:00,152.7,152,300,False,Normal
2027-03-27 12:00:00,151.4,151,300,False,Normal
2027-03-27 13:00:00,150.7,150,300,False,Normal
2027-03-27 14:00:00,150.3,150,300,False,Normal
2027-03-27 15:00:00,150.2,150,300,False,Normal
2027-03-27 16:00:00,150.1,150,300,False,Normal
2027-03-27 17:00:00,150.0,150,300,False,Normal
2027-03-27 18:00:00,150.0,150,300,False,Normal
2027-03-27 19:00:00,150.0,150,300,False,Normal
2027-03-27 20:00:00,164.2,160,300,False,Normal
2027-03-27 21:00:00,185.1,188,300,False,Normal
2027-03-27 22:00:00,204.0,203,300,False,Normal
2027-03-27 23:00:00,222.0,221,300,False,Normal
2027-03-28 00:00:00,231.0,230,300,False,Normal
2027-03-28 01:00:00,235.5,235,300,False,Normal
2027-03-28 02:00:00,237.7,237,300,False,Normal
2027-03-28 03:00:00,238.9,238,300,False,Normal
2027-03-28 04:00:00,239.4,239,300,False,Normal
2027-03-28 05:00:00,239.7,239,300,False,Normal
2027-03-28 06:00:00,229.2,234,300,False,Normal
2027-03-28 07:00:00,220.9,222,300,False,Normal
2027-03-28 08:00:00,196.6,191,300,False,Normal
2027-03-28 09:00:00,173.3,170,300,False,Normal
2027-03-28 10:00:00,161.6,160,300,False,Normal
2027-03-28 11:00:00,155.8,155,300,False,Normal
2027-03-28 12:00:00,152.9,152,300,False,Normal
2027-03-28 13:00:00,151.5,151,300,False,Normal
2027-03-28 14:00:00,150.7,150,300,False,Normal
2027-03-28 15:00:00,150.4,150,300,False,Normal
2027-03-28 16:00:00,150.2,150,300,False,Normal
2027-03-28 17:00:00,150.1,150,300,False,Normal
2027-03-28 18:00:00,150.0,150,300,False,Normal
2027-03-28 19:00:00,150.0,150,300,False,Normal
2027-03-28 20:00:00,188.9,186,300,False,Normal
2027-03-28 21:00:00,214.5,213,300,False,Normal
2027-03-28 22:00:00,227.2,226,300,False,Normal
2027-03-28 23:00:00,233.6,233,300,False,Normal
2027-03-29 00:00:00,236.8,236,300,False,Normal
2027-03-29 01:00:00,238.4,238,300,False,Normal
2027-03-29 02:00:00,239.2,239,300,False,Normal
2027-03-29 03:00:00,239.6,239,300,False,Normal
2027-03-29 04:00:00,239.8,239,300,False,Normal
2027-03-29 05:00:00,239.9,239,300,False,Normal
2027-03-29 06:00:00,212.3,212,300,False,Normal
2027-03-29 07:00:00,179.7,181,300,False,Normal
2027-03-29 08:00:00,164.8,165,300,False,Normal
2027-03-29 09:00:00,157.4,157,300,False,Normal
2027-03-29 10:00:00,153.7,153,300,False,Normal
2027-03-29 11:00:00,162.1,158,300,False,Normal
2027-03-29 12:00:00,156.1,154,300,False,Normal
2027-03-29 13:00:00,153.0,152,300,False,Normal
2027-03-29 14:00:00,151.5,151,300,False,Normal
2027-03-29 15:00:00,150.8,150,300,False,Normal
2027-03-29 16:00:00,150.4,150,300,False,Normal
2027-03-29 17:00:00,150.2,150,300,False,Normal
2027-03-29 18:00:00,150.1,150,300,False,Normal
2027-03-29 19:00:00,150.0,150,300,False,Normal
2027-03-29 20:00:00,162.0,162,300,False,Normal
2027-03-29 21:00:00,177.0,174,300,False,Normal
2027-03-29 22:00:00,208.5,205,300,False,Normal
2027-03-29 23:00:00,224.2,222,300,False,Normal
2027-03-30 00:00:00,232.1,231,300,False,Normal
2027-03-30 01:00:00,236.1,235,300,False,Normal
2027-03-30 02:00:00,238.0,237,300,False,Normal
2027-03-30 03:00:00,239.0,238,300,False,Normal
2027-03-30 04:00:00,239.5,239,300,False,Normal
2027-03-30 05:00:00,240.7,239,300,False,Normal
2027-03-30 06:00:00,200.4,204,300,False,Normal
2027-03-30 07:00:00,155.0,155,300,False,Normal
2027-03-30 08:00:00,152.5,152,300,False,Normal
2027-03-30 09:00:00,151.2,151,300,False,Normal
2027-03-30 10:00:00,150.6,150,300,False,Normal
2027-03-30 11:00:00,146.6,150,300,False,Normal
2027-03-30 12:00:00,148.3,150,300,False,Normal
2027-03-30 13:00:00,149.2,150,300,False,Normal
2027-03-30 14:00:00,149.6,150,300,False,Normal
2027-03-30 15:00:00,149.8,150,300,False,Normal
2027-03-30 16:00:00,149.9,150,300,False,Normal
2027-03-30 17:00:00,139.5,144,300,False,Normal
2027-03-30 18:00:00,144.7,147,300,False,Normal
2027-03-30 19:00:00,147.4,148,300,False,Normal
2027-03-30 20:00:00,159.4,160,300,False,Normal
2027-03-30 21:00:00,185.4,186,300,False,Normal
2027-03-30 22:00:00,211.4,213,300,False,Normal
2027-03-30 23:00:00,225.7,226,300,False,Normal
2027-03-31 00:00:00,232.8,233,300,False,Normal
2027-03-31 01:00:00,236.4,236,300,False,Normal
2027-03-31 02:00:00,238.2,238,300,False,Normal
2027-03-31 03:00:00,239.1,239,300,False,Normal
2027-03-31 04:00:00,239.6,239,300,False,Normal
2027-03-31 05:00:00,239.8,239,300,False,Normal
2027-03-31 06:00:00,206.1,202,300,False,Normal
2027-03-31 07:00:00,161.8,161,300,False,Normal
2027-03-31 08:00:00,155.9,155,300,False,Normal
2027-03-31 09:00:00,152.9,152,300,False,Normal
2027-03-31 10:00:00,151.5,151,300,False,Normal
2027-03-31 11:00:00,162.5,162,300,False,Normal
2027-03-31 12:00:00,156.6,156,300,False,Normal
2027-03-31 13:00:00,153.3,153,300,False,Normal
2027-03-31 14:00:00,151.7,151,300,False,Normal
2027-03-31 15:00:00,150.8,150,300,False,Normal
2027-03-31 16:00:00,150.4,150,300,False,Normal
2027-03-31 17:00:00,150.2,150,300,False,Normal
2027-03-31 18:00:00,150.1,150,300,False,Normal
2027-03-31 19:00:00,150.1,150,300,False,Normal
2027-03-31 20:00:00,162.1,162,300,False,Normal
2027-03-31 21:00:00,190.0,191,300,False,Normal
2027-03-31 22:00:00,212.1,213,300,False,Normal
2027-03-31 23:00:00,226.0,226,300,False,Normal
