timestamp,storage_buffer_sim,storage_buffer_actual,max_threshold,is_bottleneck,scenario
2027-01-01 00:00:00,13.5,14,500,False,Normal
2027-01-01 01:00:00,17.6,18,500,False,Normal
2027-01-01 02:00:00,14.3,15,500,False,Normal
2027-01-01 03:00:00,13.3,14,500,False,Normal
2027-01-01 04:00:00,13.0,14,500,False,Normal
2027-01-01 05:00:00,17.4,18,500,False,Normal
2027-01-01 06:00:00,40.6,49,500,False,Normal
2027-01-01 07:00:00,65.7,80,500,False,Normal
2027-01-01 08:00:00,64.5,89,500,False,Normal
2027-01-01 09:00:00,80.6,108,500,False,Normal
2027-01-01 10:00:00,107.1,127,500,False,Normal
2027-01-01 11:00:00,140.1,154,500,False,Normal
2027-01-01 12:00:00,180.9,193,500,False,Normal
2027-01-01 13:00:00,221.6,234,500,False,Normal
2027-01-01 14:00:00,254.6,274,500,False,Normal
2027-01-01 15:00:00,289.2,309,500,False,Normal
2027-01-01 16:00:00,323.2,338,500,False,Normal
2027-01-01 17:00:00,344.1,347,500,False,Normal
2027-01-01 18:00:00,347.0,349,500,False,Normal
2027-01-01 19:00:00,350.3,334,500,False,Normal
2027-01-01 20:00:00,319.3,303,500,False,Normal
2027-01-01 21:00:00,288.3,280,500,False,Normal
2027-01-01 22:00:00,269.3,262,500,False,Normal
2027-01-01 23:00:00,257.3,244,500,False,Normal
2027-01-02 00:00:00,251.4,225,500,False,Normal
2027-01-02 01:00:00,241.0,225,500,False,Normal
2027-01-02 02:00:00,247.1,229,500,False,Normal
2027-01-02 03:00:00,254.5,241,500,False,Normal
2027-01-02 04:00:00,264.5,231,500,False,Normal
2027-01-02 05:00:00,250.3,222,500,False,Normal
2027-01-02 06:00:00,288.3,262,500,False,Normal
2027-01-02 07:00:00,324.0,298,500,False,Normal
2027-01-02 08:00:00,296.9,280,500,False,Normal
2027-01-02 09:00:00,272.9,256,500,False,Normal
2027-01-02 10:00:00,278.9,262,500,False,Normal
2027-01-02 11:00:00,282.9,266,500,False,Normal
2027-01-02 12:00:00,271.9,255,500,False,Normal
2027-01-02 13:00:00,275.9,259,500,False,Normal
2027-01-02 14:00:00,287.5,267,500,False,Normal
2027-01-02 15:00:00,292.5,272,500,False,Normal
2027-01-02 16:00:00,298.5,278,500,False,Normal
2027-01-02 17:00:00,302.5,282,500,False,Normal
2027-01-02 18:00:00,321.5,301,500,False,Normal
2027-01-02 19:00:00,325.5,305,500,False,Normal
2027-01-02 20:00:00,285.5,265,500,False,Normal
2027-01-02 21:00:00,289.5,269,500,False,Normal
2027-01-02 22:00:00,263.5,243,500,False,Normal
2027-01-02 23:00:00,263.5,243,500,False,Normal
2027-01-03 00:00:00,261.3,238,500,False,Normal
2027-01-03 01:00:00,263.2,244,500,False,Normal
2027-01-03 02:00:00,277.3,257,500,False,Normal
2027-01-03 03:00:00,285.2,267,500,False,Normal
2027-01-03 04:00:00,290.5,270,500,False,Normal
2027-01-03 05:00:00,287.8,265,500,False,Normal
2027-01-03 06:00:00,307.8,283,500,False,Normal
2027-01-03 07:00:00,333.8,308,500,False,Normal
2027-01-03 08:00:00,340.3,315,500,False,Normal
2027-01-03 09:00:00,339.5,316,500,False,Normal
2027-01-03 10:00:00,334.8,311,500,False,Normal
2027-01-03 11:00:00,345.2,328,500,False,Normal
2027-01-03 12:00:00,361.3,347,500,False,Normal
2027-01-03 13:00:00,369.9,356,500,False,Normal
2027-01-03 14:00:00,366.8,357,500,False,Normal
2027-01-03 15:00:00,361.5,353,500,False,Normal
2027-01-03 16:00:00,351.9,342,500,False,Normal
2027-01-03 17:00:00,342.8,328,500,False,Normal
2027-01-03 18:00:00,338.0,327,500,False,Normal
2027-01-03 19:00:00,337.9,328,500,False,Normal
2027-01-03 20:00:00,324.9,316,500,False,Normal
2027-01-03 21:00:00,311.9,304,500,False,Normal
2027-01-03 22:00:00,311.1,309,500,False,Normal
2027-01-03 23:00:00,322.3,316,500,False,Normal
2027-01-04 00:00:00,328.3,314,500,False,Normal
2027-01-04 01:00:00,329.3,298,500,False,Normal
2027-01-04 02:00:00,317.2,285,500,False,Normal
2027-01-04 03:00:00,306.7,273,500,False,Normal
2027-01-04 04:00:00,287.8,251,500,False,Normal
2027-01-04 05:00:00,264.4,232,500,False,Normal
2027-01-04 06:00:00,286.4,257,500,False,Normal
2027-01-04 07:00:00,320.1,294,500,False,Normal
2027-01-04 08:00:00,290.9,267,500,False,Normal
2027-01-04 09:00:00,272.3,248,500,False,Normal
2027-01-04 10:00:00,265.3,241,500,False,Normal
2027-01-04 11:00:00,240.3,216,500,False,Normal
2027-01-04 12:00:00,239.8,219,500,False,Normal
2027-01-04 13:00:00,265.4,229,500,False,Normal
2027-01-04 14:00:00,293.0,253,500,False,Normal
2027-01-04 15:00:00,286.0,247,500,False,Normal
2027-01-04 16:00:00,290.0,240,500,False,Normal
2027-01-04 17:00:00,281.0,231,500,False,Normal
2027-01-04 18:00:00,301.0,251,500,False,Normal
2027-01-04 19:00:00,277.0,227,500,False,Normal
2027-01-04 20:00:00,280.0,230,500,False,Normal
2027-01-04 21:00:00,268.0,218,500,False,Normal
2027-01-04 22:00:00,256.0,206,500,False,Normal
2027-01-04 23:00:00,244.0,194,500,False,Normal
2027-01-05 00:00:00,232.0,182,500,False,Normal
2027-01-05 01:00:00,220.0,170,500,False,Normal
2027-01-05 02:00:00,204.0,155,500,False,Normal
2027-01-05 03:00:00,195.8,150,500,False,Normal
2027-01-05 04:00:00,185.1,144,500,False,Normal
2027-01-05 05:00:00,180.2,139,500,False,Normal
2027-01-05 06:00:00,255.2,214,500,False,Normal
2027-01-05 07:00:00,312.4,271,500,False,Normal
2027-01-05 08:00:00,299.3,267,500,False,Volume Spike (+60%)
2027-01-05 09:00:00,292.3,260,500,False,Volume Spike (+60%)
2027-01-05 10:00:00,285.3,253,500,False,Volume Spike (+60%)
2027-01-05 11:00:00,274.3,242,500,False,Volume Spike (+60%)
2027-01-05 12:00:00,264.3,232,500,False,Volume Spike (+60%)
2027-01-05 13:00:00,241.5,209,500,False,Volume Spike (+60%)
2027-01-05 14:00:00,234.5,202,500,False,Volume Spike (+60%)
2027-01-05 15:00:00,227.5,195,500,False,Volume Spike (+60%)
2027-01-05 16:00:00,219.5,187,500,False,Volume Spike (+60%)
2027-01-05 17:00:00,210.5,178,500,False,Volume Spike (+60%)
2027-01-05 18:00:00,186.5,154,500,False,Volume Spike (+60%)
2027-01-05 19:00:00,178.5,146,500,False,Volume Spike (+60%)
2027-01-05 20:00:00,181.5,149,500,False,Volume Spike (+60%)
2027-01-05 21:00:00,169.5,137,500,False,Volume Spike (+60%)
2027-01-05 22:00:00,157.5,125,500,False,Volume Spike (+60%)
2027-01-05 23:00:00,160.5,128,500,False,Volume Spike (+60%)
2027-01-06 00:00:00,148.5,116,500,False,Volume Spike (+60%)
2027-01-06 01:00:00,136.5,104,500,False,Volume Spike (+60%)
2027-01-06 02:00:00,124.5,92,500,False,Volume Spike (+60%)
2027-01-06 03:00:00,112.5,80,500,False,Volume Spike (+60%)
2027-01-06 04:00:00,100.5,68,500,False,Volume Spike (+60%)
2027-01-06 05:00:00,103.5,71,500,False,Volume Spike (+60%)
2027-01-06 06:00:00,141.0,102,500,False,Volume Spike (+60%)
2027-01-06 07:00:00,136.3,96,500,False,Volume Spike (+60%)
2027-01-06 08:00:00,143.3,103,500,False,Volume Spike (+60%)
2027-01-06 09:00:00,151.3,111,500,False,Volume Spike (+60%)
2027-01-06 10:00:00,144.3,104,500,False,Volume Spike (+60%)
2027-01-06 11:00:00,133.3,93,500,False,Volume Spike (+60%)
2027-01-06 12:00:00,122.3,82,500,False,Volume Spike (+60%)
2027-01-06 13:00:00,113.3,73,500,False,Volume Spike (+60%)
2027-01-06 14:00:00,106.3,66,500,False,Volume Spike (+60%)
2027-01-06 15:00:00,84.3,47,500,False,Volume Spike (+60%)
2027-01-06 16:00:00,92.3,55,500,False,Volume Spike (+60%)
2027-01-06 17:00:00,68.3,35,500,False,Volume Spike (+60%)
2027-01-06 18:00:00,73.3,40,500,False,Volume Spike (+60%)
2027-01-06 19:00:00,78.3,45,500,False,Volume Spike (+60%)
2027-01-06 20:00:00,66.3,33,500,False,Volume Spike (+60%)
2027-01-06 21:00:00,54.3,21,500,False,Volume Spike (+60%)
2027-01-06 22:00:00,42.3,16,500,False,Volume Spike (+60%)
2027-01-06 23:00:00,31.3,19,500,False,Volume Spike (+60%)
2027-01-07 00:00:00,34.3,22,500,False,Volume Spike (+60%)
2027-01-07 01:00:00,22.3,16,500,False,Volume Spike (+60%)
2027-01-07 02:00:00,15.7,14,500,False,Volume Spike (+60%)
2027-01-07 03:00:00,13.7,14,500,False,Volume Spike (+60%)
2027-01-07 04:00:00,13.1,14,500,False,Volume Spike (+60%)
2027-01-07 05:00:00,12.9,14,500,False,Volume Spike (+60%)
2027-01-07 06:00:00,26.4,23,500,False,Volume Spike (+60%)
2027-01-07 07:00:00,25.9,25,500,False,Volume Spike (+60%)
2027-01-07 08:00:00,39.3,39,500,False,Volume Spike (+60%)
2027-01-07 09:00:00,43.3,44,500,False,Volume Spike (+60%)
2027-01-07 10:00:00,51.3,52,500,False,Volume Spike (+60%)
2027-01-07 11:00:00,28.9,30,500,False,Volume Spike (+60%)
2027-01-07 12:00:00,22.2,23,500,False,Volume Spike (+60%)
2027-01-07 13:00:00,29.1,30,500,False,Volume Spike (+60%)
2027-01-07 14:00:00,40.2,41,500,False,Volume Spike (+60%)
2027-01-07 15:00:00,47.2,48,500,False,Volume Spike (+60%)
2027-01-07 16:00:00,69.2,70,500,False,Volume Spike (+60%)
2027-01-07 17:00:00,46.2,47,500,False,Volume Spike (+60%)
2027-01-07 18:00:00,37.2,38,500,False,Volume Spike (+60%)
2027-01-07 19:00:00,29.2,30,500,False,Normal
2027-01-07 20:00:00,17.8,18,500,False,Normal
2027-01-07 21:00:00,14.3,15,500,False,Normal
2027-01-07 22:00:00,13.3,14,500,False,Normal
2027-01-07 23:00:00,13.0,14,500,False,Normal
2027-01-08 00:00:00,12.9,14,500,False,Normal
2027-01-08 01:00:00,12.9,14,500,False,Normal
2027-01-08 02:00:00,12.9,14,500,False,Normal
2027-01-08 03:00:00,12.9,14,500,False,Normal
2027-01-08 04:00:00,12.9,14,500,False,Normal
2027-01-08 05:00:00,12.9,14,500,False,Normal
2027-01-08 06:00:00,21.9,23,500,False,Normal
2027-01-08 07:00:00,24.6,25,500,False,Normal
2027-01-08 08:00:00,34.4,35,500,False,Normal
2027-01-08 09:00:00,37.3,38,500,False,Normal
2027-01-08 10:00:00,47.2,48,500,False,Normal
2027-01-08 11:00:00,27.7,28,500,False,Normal
2027-01-08 12:00:00,21.8,22,500,False,Normal
2027-01-08 13:00:00,33.5,34,500,False,Normal
2027-01-08 14:00:00,46.1,47,500,False,Normal
2027-01-08 15:00:00,45.3,46,500,False,Normal
2027-01-08 16:00:00,45.1,46,500,False,Normal
2027-01-08 17:00:00,36.1,37,500,False,Normal
2027-01-08 18:00:00,28.8,30,500,False,Normal
2027-01-08 19:00:00,35.6,36,500,False,Normal
2027-01-08 20:00:00,23.6,24,500,False,Normal
2027-01-08 21:00:00,16.1,17,500,False,Normal
2027-01-08 22:00:00,13.8,15,500,False,Normal
2027-01-08 23:00:00,13.1,14,500,False,Normal
2027-01-09 00:00:00,21.9,23,500,False,Normal
2027-01-09 01:00:00,24.9,26,500,False,Normal
2027-01-09 02:00:00,21.0,22,500,False,Normal
2027-01-09 03:00:00,15.3,16,500,False,Normal
2027-01-09 04:00:00,18.3,19,500,False,Normal
2027-01-09 05:00:00,21.3,22,500,False,Normal
2027-01-09 06:00:00,66.3,67,500,False,Normal
2027-01-09 07:00:00,102.0,98,500,False,Normal
2027-01-09 08:00:00,98.1,92,500,False,Normal
2027-01-09 09:00:00,103.1,97,500,False,Normal
2027-01-09 10:00:00,109.1,103,500,False,Normal
2027-01-09 11:00:00,98.1,92,500,False,Normal
2027-01-09 12:00:00,89.8,84,500,False,Normal
2027-01-09 13:00:00,94.6,88,500,False,Normal
2027-01-09 14:00:00,89.4,79,500,False,Normal
2027-01-09 15:00:00,65.4,55,500,False,Normal
2027-01-09 16:00:00,41.4,35,500,False,Normal
2027-01-09 17:00:00,45.4,39,500,False,Normal
2027-01-09 18:00:00,63.9,48,500,False,Normal
2027-01-09 19:00:00,82.9,67,500,False,Normal
2027-01-09 20:00:00,71.9,56,500,False,Normal
2027-01-09 21:00:00,75.9,60,500,False,Normal
2027-01-09 22:00:00,54.1,48,500,False,Normal
2027-01-09 23:00:00,70.0,57,500,False,Normal
2027-01-10 00:00:00,76.0,71,500,False,Normal
2027-01-10 01:00:00,96.0,85,500,False,Normal
2027-01-10 02:00:00,112.9,96,500,False,Normal
2027-01-10 03:00:00,126.3,111,500,False,Normal
2027-01-10 04:00:00,137.6,129,500,False,Normal
2027-01-10 05:00:00,169.0,156,500,False,Normal
2027-01-10 06:00:00,214.0,201,500,False,Normal
2027-01-10 07:00:00,259.0,246,500,False,Normal
2027-01-10 08:00:00,300.2,276,500,False,Normal
2027-01-10 09:00:00,302.0,275,500,False,Normal
2027-01-10 10:00:00,291.0,264,500,False,Normal
2027-01-10 11:00:00,285.5,263,500,False,Normal
2027-01-10 12:00:00,296.5,271,500,False,Normal
2027-01-10 13:00:00,299.1,270,500,False,Normal
2027-01-10 14:00:00,288.1,259,500,False,Normal
2027-01-10 15:00:00,277.1,248,500,False,Normal
2027-01-10 16:00:00,266.1,237,500,False,Normal
2027-01-10 17:00:00,255.1,229,500,False,Normal
2027-01-10 18:00:00,253.9,227,500,False,Normal
2027-01-10 19:00:00,255.3,228,500,False,Normal
2027-01-10 20:00:00,243.3,216,500,False,Normal
2027-01-10 21:00:00,217.3,190,500,False,Normal
2027-01-10 22:00:00,205.3,178,500,False,Normal
2027-01-10 23:00:00,208.6,184,500,False,Normal
2027-01-11 00:00:00,208.0,180,500,False,Normal
2027-01-11 01:00:00,207.4,184,500,False,Normal
2027-01-11 02:00:00,212.4,187,500,False,Normal
2027-01-11 03:00:00,214.8,192,500,False,Normal
2027-01-11 04:00:00,226.4,194,500,False,Normal
2027-01-11 05:00:00,213.3,193,500,False,Normal
2027-01-11 06:00:00,264.3,251,500,False,Normal
2027-01-11 07:00:00,323.8,308,500,False,Normal
2027-01-11 08:00:00,307.5,297,500,False,Normal
2027-01-11 09:00:00,299.5,289,500,False,Normal
2027-01-11 10:00:00,297.5,278,500,False,Normal
2027-01-11 11:00:00,286.5,267,500,False,Normal
2027-01-11 12:00:00,276.1,256,500,False,Normal
2027-01-11 13:00:00,309.5,280,500,False,Normal
2027-01-11 14:00:00,307.3,263,500,False,Normal
2027-01-11 15:00:00,279.3,239,500,False,Normal
2027-01-11 16:00:00,262.3,225,500,False,Normal
2027-01-11 17:00:00,253.3,216,500,False,Normal
2027-01-11 18:00:00,229.3,192,500,False,Normal
2027-01-11 19:00:00,205.3,168,500,False,Normal
2027-01-11 20:00:00,193.3,156,500,False,Normal
2027-01-11 21:00:00,181.3,144,500,False,Normal
2027-01-11 22:00:00,155.3,118,500,False,Normal
2027-01-11 23:00:00,144.3,107,500,False,Normal
2027-01-12 00:00:00,132.3,99,500,False,Normal
2027-01-12 01:00:00,132.4,107,500,False,Normal
2027-01-12 02:00:00,143.6,113,500,False,Normal
2027-01-12 03:00:00,149.6,115,500,False,Normal
2027-01-12 04:00:00,145.1,113,500,False,Normal
2027-01-12 05:00:00,139.8,109,500,False,Normal
2027-01-12 06:00:00,184.8,154,500,False,Normal
2027-01-12 07:00:00,255.9,224,500,False,Normal
2027-01-12 08:00:00,243.1,227,500,False,Normal
2027-01-12 09:00:00,250.4,224,500,False,Normal
2027-01-12 10:00:00,263.4,236,500,False,Normal
2027-01-12 11:00:00,252.4,225,500,False,Normal
2027-01-12 12:00:00,227.4,201,500,False,Normal
2027-01-12 13:00:00,234.7,206,500,False,Normal
2027-01-12 14:00:00,251.4,209,500,False,Normal
2027-01-12 15:00:00,259.4,217,500,False,Normal
2027-01-12 16:00:00,237.4,195,500,False,Normal
2027-01-12 17:00:00,229.4,187,500,False,Normal
2027-01-12 18:00:00,234.4,192,500,False,Normal
2027-01-12 19:00:00,225.4,183,500,False,Normal
2027-01-12 20:00:00,228.4,186,500,False,Normal
2027-01-12 21:00:00,202.4,160,500,False,Normal
2027-01-12 22:00:00,176.4,134,500,False,Normal
2027-01-12 23:00:00,161.0,116,500,False,Normal
2027-01-13 00:00:00,178.7,123,500,False,Normal
2027-01-13 01:00:00,183.3,132,500,False,Normal
2027-01-13 02:00:00,200.5,145,500,False,Normal
2027-01-13 03:00:00,217.2,156,500,False,Normal
2027-01-13 04:00:00,237.9,182,500,False,Normal
2027-01-13 05:00:00,249.8,192,500,False,Normal
2027-01-13 06:00:00,294.8,237,500,False,Normal
2027-01-13 07:00:00,339.8,282,500,False,Normal
2027-01-13 08:00:00,322.4,275,500,False,Normal
2027-01-13 09:00:00,311.4,259,500,False,Normal
2027-01-13 10:00:00,308.4,256,500,False,Normal
2027-01-13 11:00:00,283.4,231,500,False,Normal
2027-01-13 12:00:00,279.7,225,500,False,Normal
2027-01-13 13:00:00,299.1,249,500,False,Normal
2027-01-13 14:00:00,336.0,274,500,False,Normal
2027-01-13 15:00:00,344.0,266,500,False,Normal
2027-01-13 16:00:00,324.4,244,500,False,Normal
2027-01-13 17:00:00,315.4,235,500,False,Normal
2027-01-13 18:00:00,306.4,226,500,False,Normal
2027-01-13 19:00:00,280.4,204,500,False,Normal
2027-01-13 20:00:00,254.4,178,500,False,Normal
2027-01-13 21:00:00,242.4,166,500,False,Normal
2027-01-13 22:00:00,230.4,154,500,False,Normal
2027-01-13 23:00:00,225.6,151,500,False,Normal
2027-01-14 00:00:00,228.4,140,500,False,Normal
2027-01-14 01:00:00,242.9,159,500,False,Normal
2027-01-14 02:00:00,253.0,167,500,False,Normal
2027-01-14 03:00:00,264.3,173,500,False,Normal
2027-01-14 04:00:00,279.1,176,500,False,Normal
2027-01-14 05:00:00,282.1,189,500,False,Normal
2027-01-14 06:00:00,330.1,247,500,False,Normal
2027-01-14 07:00:00,344.8,274,500,False,Normal
2027-01-14 08:00:00,331.8,260,500,False,Normal
2027-01-14 09:00:00,319.3,244,500,False,Normal
2027-01-14 10:00:00,312.2,233,500,False,Normal
2027-01-14 11:00:00,287.2,208,500,False,Normal
2027-01-14 12:00:00,276.2,197,500,False,Normal
2027-01-14 13:00:00,296.2,217,500,False,Normal
2027-01-14 14:00:00,278.6,197,500,False,Normal
2027-01-14 15:00:00,270.6,189,500,False,Normal
2027-01-14 16:00:00,262.6,181,500,False,Normal
2027-01-14 17:00:00,253.6,172,500,False,Normal
2027-01-14 18:00:00,245.6,164,500,False,Normal
2027-01-14 19:00:00,236.6,155,500,False,Normal
2027-01-14 20:00:00,224.6,143,500,False,Normal
2027-01-14 21:00:00,212.6,131,500,False,Normal
2027-01-14 22:00:00,200.6,119,500,False,Normal
2027-01-14 23:00:00,188.6,107,500,False,Normal
2027-01-15 00:00:00,191.6,110,500,False,Normal
2027-01-15 01:00:00,180.6,99,500,False,Normal
2027-01-15 02:00:00,168.6,87,500,False,Normal
2027-01-15 03:00:00,145.7,66,500,False,Normal
2027-01-15 04:00:00,138.3,54,500,False,Normal
2027-01-15 05:00:00,131.8,47,500,False,Normal
2027-01-15 06:00:00,206.8,122,500,False,Normal
2027-01-15 07:00:00,280.8,197,500,False,Normal
2027-01-15 08:00:00,328.0,230,500,False,Normal
2027-01-15 09:00:00,321.6,235,500,False,Normal
2027-01-15 10:00:00,329.6,243,500,False,Normal
2027-01-15 11:00:00,333.6,247,500,False,Normal
2027-01-15 12:00:00,339.3,258,500,False,Normal
2027-01-15 13:00:00,363.2,277,500,False,Normal
2027-01-15 14:00:00,372.5,284,500,False,Normal
2027-01-15 15:00:00,356.1,262,500,False,Normal
2027-01-15 16:00:00,351.1,257,500,False,Normal
2027-01-15 17:00:00,328.1,234,500,False,Normal
2027-01-15 18:00:00,305.1,211,500,False,Normal
2027-01-15 19:00:00,296.1,202,500,False,Normal
2027-01-15 20:00:00,270.1,176,500,False,Normal
2027-01-15 21:00:00,244.1,150,500,False,Normal
2027-01-15 22:00:00,232.1,138,500,False,Normal
2027-01-15 23:00:00,220.1,126,500,False,Normal
2027-01-16 00:00:00,232.0,135,500,False,Normal
2027-01-16 01:00:00,255.1,167,500,False,Normal
2027-01-16 02:00:00,264.0,170,500,False,Normal
2027-01-16 03:00:00,285.4,198,500,False,Normal
2027-01-16 04:00:00,306.6,226,500,False,Normal
2027-01-16 05:00:00,308.4,221,500,False,Normal
2027-01-16 06:00:00,336.4,256,500,False,Normal
2027-01-16 07:00:00,377.4,296,500,False,Normal
2027-01-16 08:00:00,362.4,284,500,False,Normal
2027-01-16 09:00:00,341.6,262,500,False,Normal
2027-01-16 10:00:00,353.6,270,500,False,Normal
2027-01-16 11:00:00,342.6,259,500,False,Normal
2027-01-16 12:00:00,331.6,248,500,False,Normal
2027-01-16 13:00:00,335.6,252,500,False,Normal
2027-01-16 14:00:00,338.1,256,500,False,Normal
2027-01-16 15:00:00,315.1,240,500,False,Normal
2027-01-16 16:00:00,306.1,231,500,False,Normal
2027-01-16 17:00:00,311.1,236,500,False,Normal
2027-01-16 18:00:00,304.5,226,500,False,Normal
2027-01-16 19:00:00,308.5,230,500,False,Normal
2027-01-16 20:00:00,297.5,219,500,False,Normal
2027-01-16 21:00:00,286.5,208,500,False,Normal
2027-01-16 22:00:00,283.8,197,500,False,Normal
2027-01-16 23:00:00,308.5,216,500,False,Normal
2027-01-17 00:00:00,314.1,227,500,False,Normal
2027-01-17 01:00:00,331.5,236,500,False,Normal
2027-01-17 02:00:00,345.6,255,500,False,Normal
2027-01-17 03:00:00,357.8,271,500,False,Normal
2027-01-17 04:00:00,362.9,274,500,False,Normal
2027-01-17 05:00:00,357.8,262,500,False,Normal
2027-01-17 06:00:00,373.8,277,500,False,Normal
2027-01-17 07:00:00,396.8,297,500,False,Normal
2027-01-17 08:00:00,394.6,293,500,False,Normal
2027-01-17 09:00:00,383.1,277,500,False,Normal
2027-01-17 10:00:00,372.1,266,500,False,Normal
2027-01-17 11:00:00,380.6,280,500,False,Normal
2027-01-17 12:00:00,397.5,304,500,False,Normal
2027-01-17 13:00:00,415.0,327,500,False,Normal
2027-01-17 14:00:00,426.5,339,500,False,Normal
2027-01-17 15:00:00,429.2,339,500,False,Normal
2027-01-17 16:00:00,419.8,330,500,False,Normal
2027-01-17 17:00:00,418.7,325,500,False,Normal
2027-01-17 18:00:00,418.8,317,500,False,Normal
2027-01-17 19:00:00,416.7,321,500,False,Normal
2027-01-17 20:00:00,397.7,302,500,False,Normal
2027-01-17 21:00:00,384.7,290,500,False,Normal
2027-01-17 22:00:00,371.3,271,500,False,Normal
2027-01-17 23:00:00,359.4,262,500,False,Normal
2027-01-18 00:00:00,350.3,257,500,False,Normal
2027-01-18 01:00:00,346.1,252,500,False,Normal
2027-01-18 02:00:00,341.5,245,500,False,Normal
2027-01-18 03:00:00,335.7,240,500,False,Normal
2027-01-18 04:00:00,324.8,230,500,False,Normal
2027-01-18 05:00:00,316.0,222,500,False,Normal
2027-01-18 06:00:00,350.0,257,500,False,Normal
2027-01-18 07:00:00,399.0,306,500,False,Normal
2027-01-18 08:00:00,381.9,319,500,False,Zone Imbalance (Dock Congestion)
2027-01-18 09:00:00,404.9,350,500,False,Zone Imbalance (Dock Congestion)
2027-01-18 10:00:00,420.8,392,500,False,Zone Imbalance (Dock Congestion)
2027-01-18 11:00:00,409.8,382,500,False,Zone Imbalance (Dock Congestion)
2027-01-18 12:00:00,432.6,407,500,False,Zone Imbalance (Dock Congestion)
2027-01-18 13:00:00,458.7,453,500,False,Zone Imbalance (Dock Congestion)
2027-01-18 14:00:00,447.5,430,500,False,Zone Imbalance (Dock Congestion)
2027-01-18 15:00:00,414.0,423,500,False,Zone Imbalance (Dock Congestion)
2027-01-18 16:00:00,417.6,425,500,False,Zone Imbalance (Dock Congestion)
2027-01-18 17:00:00,428.1,441,500,False,Zone Imbalance (Dock Congestion)
2027-01-18 18:00:00,443.5,451,500,False,Zone Imbalance (Dock Congestion)
2027-01-18 19:00:00,447.3,446,500,False,Zone Imbalance (Dock Congestion)
2027-01-18 20:00:00,450.3,449,500,False,Zone Imbalance (Dock Congestion)
2027-01-18 21:00:00,424.3,423,500,False,Zone Imbalance (Dock Congestion)
2027-01-18 22:00:00,435.3,430,500,False,Zone Imbalance (Dock Congestion)
2027-01-18 23:00:00,447.0,427,500,False,Zone Imbalance (Dock Congestion)
2027-01-19 00:00:00,464.7,421,500,False,Zone Imbalance (Dock Congestion)
2027-01-19 01:00:00,485.3,414,500,False,Zone Imbalance (Dock Congestion)
2027-01-19 02:00:00,492.5,415,500,False,Zone Imbalance (Dock Congestion)
2027-01-19 03:00:00,496.8,415,500,False,Zone Imbalance (Dock Congestion)
2027-01-19 04:00:00,495.7,405,500,False,Zone Imbalance (Dock Congestion)
2027-01-19 05:00:00,484.9,386,500,False,Zone Imbalance (Dock Congestion)
2027-01-19 06:00:00,499.9,400,500,False,Zone Imbalance (Dock Congestion)
2027-01-19 07:00:00,499.9,428,500,False,Zone Imbalance (Dock Congestion)
2027-01-19 08:00:00,454.2,438,500,False,Zone Imbalance (Dock Congestion)
2027-01-19 09:00:00,432.7,446,500,False,Zone Imbalance (Dock Congestion)
2027-01-19 10:00:00,434.2,435,500,False,Zone Imbalance (Dock Congestion)
2027-01-19 11:00:00,425.3,431,500,False,Zone Imbalance (Dock Congestion)
2027-01-19 12:00:00,430.3,426,500,False,Zone Imbalance (Dock Congestion)
2027-01-19 13:00:00,441.9,447,500,False,Zone Imbalance (Dock Congestion)
2027-01-19 14:00:00,427.7,426,500,False,Zone Imbalance (Dock Congestion)
2027-01-19 15:00:00,421.1,423,500,False,Zone Imbalance (Dock Congestion)
2027-01-19 16:00:00,417.9,417,500,False,Zone Imbalance (Dock Congestion)
2027-01-19 17:00:00,412.0,402,500,False,Zone Imbalance (Dock Congestion)
2027-01-19 18:00:00,422.5,416,500,False,Zone Imbalance (Dock Congestion)
2027-01-19 19:00:00,442.7,451,500,False,Zone Imbalance (Dock Congestion)
2027-01-19 20:00:00,430.7,439,500,False,Zone Imbalance (Dock Congestion)
2027-01-19 21:00:00,418.7,427,500,False,Zone Imbalance (Dock Congestion)
2027-01-19 22:00:00,394.4,401,500,False,Zone Imbalance (Dock Congestion)
2027-01-19 23:00:00,390.2,383,500,False,Zone Imbalance (Dock Congestion)
2027-01-20 00:00:00,392.1,367,500,False,Zone Imbalance (Dock Congestion)
2027-01-20 01:00:00,405.0,357,500,False,Zone Imbalance (Dock Congestion)
2027-01-20 02:00:00,439.9,350,500,False,Zone Imbalance (Dock Congestion)
2027-01-20 03:00:00,458.0,342,500,False,Zone Imbalance (Dock Congestion)
2027-01-20 04:00:00,474.3,323,500,False,Zone Imbalance (Dock Congestion)
2027-01-20 05:00:00,472.2,310,500,False,Zone Imbalance (Dock Congestion)
2027-01-20 06:00:00,490.2,335,500,False,Zone Imbalance (Dock Congestion)
2027-01-20 07:00:00,499.2,380,500,False,Zone Imbalance (Dock Congestion)
2027-01-20 08:00:00,466.6,418,500,False,Zone Imbalance (Dock Congestion)
2027-01-20 09:00:00,438.6,443,500,False,Zone Imbalance (Dock Congestion)
2027-01-20 10:00:00,426.6,427,500,False,Zone Imbalance (Dock Congestion)
2027-01-20 11:00:00,415.6,423,500,False,Zone Imbalance (Dock Congestion)
2027-01-20 12:00:00,423.1,425,500,False,Zone Imbalance (Dock Congestion)
2027-01-20 13:00:00,436.2,442,500,False,Zone Imbalance (Dock Congestion)
2027-01-20 14:00:00,444.3,447,500,False,Zone Imbalance (Dock Congestion)
2027-01-20 15:00:00,433.0,441,500,False,Zone Imbalance (Dock Congestion)
2027-01-20 16:00:00,433.7,431,500,False,Zone Imbalance (Dock Congestion)
2027-01-20 17:00:00,440.1,435,500,False,Zone Imbalance (Dock Congestion)
2027-01-20 18:00:00,443.7,442,500,False,Zone Imbalance (Dock Congestion)
2027-01-20 19:00:00,449.7,451,500,False,Normal
2027-01-20 20:00:00,452.7,454,500,False,Normal
2027-01-20 21:00:00,440.7,442,500,False,Normal
2027-01-20 22:00:00,428.7,420,500,False,Normal
2027-01-20 23:00:00,434.8,387,500,False,Normal
2027-01-21 00:00:00,427.0,349,500,False,Normal
2027-01-21 01:00:00,422.6,312,500,False,Normal
2027-01-21 02:00:00,419.2,278,500,False,Normal
2027-01-21 03:00:00,420.7,253,500,False,Normal
2027-01-21 04:00:00,429.9,228,500,False,Normal
2027-01-21 05:00:00,422.0,223,500,False,Normal
2027-01-21 06:00:00,464.0,259,500,False,Normal
2027-01-21 07:00:00,499.9,296,500,False,Normal
2027-01-21 08:00:00,417.4,272,500,False,Normal
2027-01-21 09:00:00,391.5,253,500,False,Normal
2027-01-21 10:00:00,369.5,231,500,False,Normal
2027-01-21 11:00:00,358.5,220,500,False,Normal
2027-01-21 12:00:00,362.5,224,500,False,Normal
2027-01-21 13:00:00,367.5,234,500,False,Normal
2027-01-21 14:00:00,366.9,234,500,False,Normal
2027-01-21 15:00:00,379.4,242,500,False,Normal
2027-01-21 16:00:00,386.4,249,500,False,Normal
2027-01-21 17:00:00,392.4,255,500,False,Normal
2027-01-21 18:00:00,384.4,247,500,False,Normal
2027-01-21 19:00:00,390.4,253,500,False,Normal
2027-01-21 20:00:00,393.4,256,500,False,Normal
2027-01-21 21:00:00,367.4,230,500,False,Normal
2027-01-21 22:00:00,341.4,204,500,False,Normal
2027-01-21 23:00:00,329.4,192,500,False,Normal
2027-01-22 00:00:00,319.2,182,500,False,Normal
2027-01-22 01:00:00,314.8,173,500,False,Normal
2027-01-22 02:00:00,310.2,175,500,False,Normal
2027-01-22 03:00:00,313.4,177,500,False,Normal
2027-01-22 04:00:00,310.6,176,500,False,Normal
2027-01-22 05:00:00,322.8,181,500,False,Normal
2027-01-22 06:00:00,397.8,239,500,False,Normal
2027-01-22 07:00:00,467.2,290,500,False,Normal
2027-01-22 08:00:00,402.4,263,500,False,Normal
2027-01-22 09:00:00,381.2,234,500,False,Normal
2027-01-22 10:00:00,388.2,234,500,False,Normal
2027-01-22 11:00:00,377.2,223,500,False,Normal
2027-01-22 12:00:00,352.4,198,500,False,Normal
2027-01-22 13:00:00,372.4,218,500,False,Normal
2027-01-22 14:00:00,371.9,223,500,False,Normal
2027-01-22 15:00:00,364.9,216,500,False,Normal
2027-01-22 16:00:00,357.9,209,500,False,Normal
2027-01-22 17:00:00,334.9,186,500,False,Normal
2027-01-22 18:00:00,331.7,182,500,False,Normal
2027-01-22 19:00:00,336.7,187,500,False,Normal
2027-01-22 20:00:00,325.7,176,500,False,Normal
2027-01-22 21:00:00,328.7,179,500,False,Normal
2027-01-22 22:00:00,316.7,167,500,False,Normal
2027-01-22 23:00:00,304.7,155,500,False,Normal
2027-01-23 00:00:00,308.7,159,500,False,Normal
2027-01-23 01:00:00,311.7,162,500,False,Normal
2027-01-23 02:00:00,316.6,177,500,False,Normal
2027-01-23 03:00:00,319.7,178,500,False,Normal
2027-01-23 04:00:00,317.5,177,500,False,Normal
2027-01-23 05:00:00,344.0,207,500,False,Normal
2027-01-23 06:00:00,389.0,246,500,False,Normal
2027-01-23 07:00:00,434.0,286,500,False,Normal
2027-01-23 08:00:00,448.7,272,500,False,Normal
2027-01-23 09:00:00,429.7,265,500,False,Normal
2027-01-23 10:00:00,419.7,255,500,False,Normal
2027-01-23 11:00:00,408.7,244,500,False,Normal
2027-01-23 12:00:00,397.7,236,500,False,Normal
2027-01-23 13:00:00,401.7,245,500,False,Normal
2027-01-23 14:00:00,410.2,248,500,False,Normal
2027-01-23 15:00:00,400.1,242,500,False,Normal
2027-01-23 16:00:00,377.8,218,500,False,Normal
2027-01-23 17:00:00,366.8,207,500,False,Normal
2027-01-23 18:00:00,370.8,211,500,False,Normal
2027-01-23 19:00:00,374.8,215,500,False,Normal
2027-01-23 20:00:00,363.8,204,500,False,Normal
2027-01-23 21:00:00,323.8,164,500,False,Normal
2027-01-23 22:00:00,297.8,138,500,False,Normal
2027-01-23 23:00:00,310.2,150,500,False,Normal
2027-01-24 00:00:00,308.3,149,500,False,Normal
2027-01-24 01:00:00,316.4,157,500,False,Normal
2027-01-24 02:00:00,328.4,173,500,False,Normal
2027-01-24 03:00:00,346.8,188,500,False,Normal
2027-01-24 04:00:00,373.2,215,500,False,Normal
2027-01-24 05:00:00,399.3,228,500,False,Normal
2027-01-24 06:00:00,444.3,257,500,False,Normal
2027-01-24 07:00:00,487.3,289,500,False,Normal
2027-01-24 08:00:00,466.1,299,500,False,Normal
2027-01-24 09:00:00,446.5,288,500,False,Normal
2027-01-24 10:00:00,435.5,282,500,False,Normal
2027-01-24 11:00:00,446.7,294,500,False,Normal
2027-01-24 12:00:00,463.9,315,500,False,Normal
2027-01-24 13:00:00,473.4,327,500,False,Normal
2027-01-24 14:00:00,451.5,326,500,False,Normal
2027-01-24 15:00:00,440.8,326,500,False,Normal
2027-01-24 16:00:00,433.0,322,500,False,Normal
2027-01-24 17:00:00,434.6,315,500,False,Normal
2027-01-24 18:00:00,433.4,310,500,False,Normal
2027-01-24 19:00:00,433.8,310,500,False,Normal
2027-01-24 20:00:00,421.8,298,500,False,Normal
2027-01-24 21:00:00,424.8,292,500,False,Normal
2027-01-24 22:00:00,427.8,280,500,False,Normal
2027-01-24 23:00:00,415.8,266,500,False,Normal
2027-01-25 00:00:00,402.1,253,500,False,Normal
2027-01-25 01:00:00,399.5,242,500,False,Normal
2027-01-25 02:00:00,405.3,251,500,False,Normal
2027-01-25 03:00:00,417.0,269,500,False,Normal
2027-01-25 04:00:00,445.5,272,500,False,Normal
2027-01-25 05:00:00,451.4,269,500,False,Normal
2027-01-25 06:00:00,484.4,299,500,False,Normal
2027-01-25 07:00:00,491.9,324,500,False,Normal
2027-01-25 08:00:00,414.3,280,500,False,Normal
2027-01-25 09:00:00,401.3,260,500,False,Normal
2027-01-25 10:00:00,387.3,247,500,False,Normal
2027-01-25 11:00:00,362.3,222,500,False,Normal
2027-01-25 12:00:00,351.3,211,500,False,Normal
2027-01-25 13:00:00,353.9,217,500,False,Normal
2027-01-25 14:00:00,348.2,207,500,False,Normal
2027-01-25 15:00:00,326.2,194,500,False,Normal
2027-01-25 16:00:00,336.4,198,500,False,Normal
2027-01-25 17:00:00,313.4,175,500,False,Normal
2027-01-25 18:00:00,304.4,166,500,False,Normal
2027-01-25 19:00:00,283.4,157,500,False,Normal
2027-01-25 20:00:00,257.4,131,500,False,Normal
2027-01-25 21:00:00,245.4,119,500,False,Normal
2027-01-25 22:00:00,233.4,107,500,False,Normal
2027-01-25 23:00:00,207.4,81,500,False,Normal
2027-01-26 00:00:00,195.4,69,500,False,Normal
2027-01-26 01:00:00,184.9,58,500,False,Normal
2027-01-26 02:00:00,181.1,55,500,False,Normal
2027-01-26 03:00:00,181.8,54,500,False,Normal
2027-01-26 04:00:00,191.4,66,500,False,Normal
2027-01-26 05:00:00,185.7,62,500,False,Normal
2027-01-26 06:00:00,245.7,122,500,False,Normal
2027-01-26 07:00:00,300.4,170,500,False,Normal
2027-01-26 08:00:00,316.5,181,500,False,Normal
2027-01-26 09:00:00,305.9,162,500,False,Normal
2027-01-26 10:00:00,285.4,140,500,False,Normal
2027-01-26 11:00:00,289.4,144,500,False,Normal
2027-01-26 12:00:00,279.4,134,500,False,Normal
2027-01-26 13:00:00,285.1,151,500,False,Normal
2027-01-26 14:00:00,288.3,152,500,False,Normal
2027-01-26 15:00:00,273.2,131,500,False,Normal
2027-01-26 16:00:00,251.2,109,500,False,Normal
2027-01-26 17:00:00,271.2,129,500,False,Normal
2027-01-26 18:00:00,291.2,149,500,False,Normal
2027-01-26 19:00:00,311.2,169,500,False,Normal
2027-01-26 20:00:00,299.2,157,500,False,Normal
2027-01-26 21:00:00,287.2,145,500,False,Normal
2027-01-26 22:00:00,261.2,119,500,False,Normal
2027-01-26 23:00:00,249.2,107,500,False,Normal
2027-01-27 00:00:00,223.2,81,500,False,Normal
2027-01-27 01:00:00,197.2,55,500,False,Normal
2027-01-27 02:00:00,187.9,48,500,False,Normal
2027-01-27 03:00:00,188.2,39,500,False,Normal
2027-01-27 04:00:00,174.5,31,500,False,Normal
2027-01-27 05:00:00,183.8,52,500,False,Normal
2027-01-27 06:00:00,243.8,112,500,False,Normal
2027-01-27 07:00:00,288.8,157,500,False,Normal
2027-01-27 08:00:00,331.5,191,500,False,Normal
2027-01-27 09:00:00,372.5,217,500,False,Normal
2027-01-27 10:00:00,373.5,210,500,False,Normal
2027-01-27 11:00:00,362.5,199,500,False,Normal
2027-01-27 12:00:00,351.5,188,500,False,Normal
2027-01-27 13:00:00,356.5,195,500,False,Normal
2027-01-27 14:00:00,369.2,207,500,False,Normal
2027-01-27 15:00:00,376.2,214,500,False,Normal
2027-01-27 16:00:00,383.2,221,500,False,Normal
2027-01-27 17:00:00,375.2,213,500,False,Normal
2027-01-27 18:00:00,366.2,204,500,False,Normal
2027-01-27 19:00:00,386.2,224,500,False,Normal
2027-01-27 20:00:00,374.2,212,500,False,Normal
2027-01-27 21:00:00,348.2,186,500,False,Normal
2027-01-27 22:00:00,336.2,174,500,False,Normal
2027-01-27 23:00:00,324.2,162,500,False,Normal
2027-01-28 00:00:00,312.2,150,500,False,Normal
2027-01-28 01:00:00,315.2,153,500,False,Normal
2027-01-28 02:00:00,318.2,158,500,False,Normal
2027-01-28 03:00:00,315.5,165,500,False,Normal
2027-01-28 04:00:00,321.4,167,500,False,Normal
2027-01-28 05:00:00,321.1,160,500,False,Normal
2027-01-28 06:00:00,381.1,220,500,False,Normal
2027-01-28 07:00:00,427.1,270,500,False,Normal
2027-01-28 08:00:00,403.9,264,500,False,Normal
2027-01-28 09:00:00,392.1,252,500,False,Normal
2027-01-28 10:00:00,385.2,237,500,False,Normal
2027-01-28 11:00:00,389.2,241,500,False,Normal
2027-01-28 12:00:00,378.2,230,500,False,Normal
2027-01-28 13:00:00,377.6,229,500,False,Normal
2027-01-28 14:00:00,402.9,245,500,False,Normal
2027-01-28 15:00:00,389.3,241,500,False,Normal
2027-01-28 16:00:00,387.3,236,500,False,Normal
2027-01-28 17:00:00,378.3,227,500,False,Normal
2027-01-28 18:00:00,398.3,247,500,False,Normal
2027-01-28 19:00:00,403.3,252,500,False,Normal
2027-01-28 20:00:00,391.3,240,500,False,Normal
2027-01-28 21:00:00,394.3,243,500,False,Normal
2027-01-28 22:00:00,368.3,217,500,False,Normal
2027-01-28 23:00:00,356.3,205,500,False,Normal
2027-01-29 00:00:00,344.3,193,500,False,Normal
2027-01-29 01:00:00,332.3,181,500,False,Normal
2027-01-29 02:00:00,335.3,184,500,False,Normal
2027-01-29 03:00:00,311.6,160,500,False,Normal
2027-01-29 04:00:00,301.7,148,500,False,Normal
2027-01-29 05:00:00,303.1,144,500,False,Normal
2027-01-29 06:00:00,348.1,189,500,False,Normal
2027-01-29 07:00:00,403.5,237,500,False,Normal
2027-01-29 08:00:00,402.9,245,500,False,Normal
2027-01-29 09:00:00,387.9,227,500,False,Normal
2027-01-29 10:00:00,394.9,232,500,False,Normal
2027-01-29 11:00:00,383.9,221,500,False,Normal
2027-01-29 12:00:00,387.9,225,500,False,Normal
2027-01-29 13:00:00,401.1,240,500,False,Normal
2027-01-29 14:00:00,398.2,250,500,False,Normal
2027-01-29 15:00:00,376.2,228,500,False,Normal
2027-01-29 16:00:00,384.2,230,500,False,Normal
2027-01-29 17:00:00,389.2,235,500,False,Normal
2027-01-29 18:00:00,365.2,211,500,False,Normal
2027-01-29 19:00:00,327.2,173,500,False,Normal
2027-01-29 20:00:00,315.2,161,500,False,Normal
2027-01-29 21:00:00,303.2,149,500,False,Normal
2027-01-29 22:00:00,291.2,137,500,False,Normal
2027-01-29 23:00:00,279.2,125,500,False,Normal
2027-01-30 00:00:00,283.2,129,500,False,Normal
2027-01-30 01:00:00,282.2,127,500,False,Normal
2027-01-30 02:00:00,304.6,151,500,False,Normal
2027-01-30 03:00:00,318.8,161,500,False,Normal
2027-01-30 04:00:00,311.8,153,500,False,Normal
2027-01-30 05:00:00,333.6,185,500,False,Normal
2027-01-30 06:00:00,378.6,230,500,False,Normal
2027-01-30 07:00:00,423.6,275,500,False,Normal
2027-01-30 08:00:00,423.4,274,500,False,Normal
2027-01-30 09:00:00,411.2,276,500,False,Normal
2027-01-30 10:00:00,416.2,281,500,False,Normal
2027-01-30 11:00:00,405.2,270,500,False,Normal
2027-01-30 12:00:00,395.3,259,500,False,Normal
2027-01-30 13:00:00,397.5,261,500,False,Normal
2027-01-30 14:00:00,417.5,281,500,False,Normal
2027-01-30 15:00:00,422.5,286,500,False,Normal
2027-01-30 16:00:00,429.5,306,500,False,Normal
2027-01-30 17:00:00,418.5,295,500,False,Normal
2027-01-30 18:00:00,423.5,300,500,False,Normal
2027-01-30 19:00:00,427.5,304,500,False,Normal
2027-01-30 20:00:00,387.5,264,500,False,Normal
2027-01-30 21:00:00,376.5,253,500,False,Normal
2027-01-30 22:00:00,361.8,228,500,False,Normal
2027-01-30 23:00:00,356.6,215,500,False,Normal
2027-01-31 00:00:00,357.5,211,500,False,Normal
2027-01-31 01:00:00,361.2,218,500,False,Normal
2027-01-31 02:00:00,387.6,244,500,False,Normal
2027-01-31 03:00:00,406.0,265,500,False,Normal
2027-01-31 04:00:00,426.1,274,500,False,Normal
2027-01-31 05:00:00,441.5,265,500,False,Normal
2027-01-31 06:00:00,486.5,278,500,False,Normal
2027-01-31 07:00:00,499.5,300,500,False,Normal
2027-01-31 08:00:00,472.6,305,500,False,Normal
2027-01-31 09:00:00,449.0,300,500,False,Normal
2027-01-31 10:00:00,438.0,289,500,False,Normal
2027-01-31 11:00:00,441.8,289,500,False,Normal
2027-01-31 12:00:00,453.0,302,500,False,Normal
2027-01-31 13:00:00,462.2,312,500,False,Normal
2027-01-31 14:00:00,451.1,312,500,False,Normal
2027-01-31 15:00:00,444.5,301,500,False,Normal
2027-01-31 16:00:00,443.5,307,500,False,Normal
2027-01-31 17:00:00,445.1,306,500,False,Normal
2027-01-31 18:00:00,442.6,306,500,False,Normal
2027-01-31 19:00:00,448.5,308,500,False,Normal
2027-01-31 20:00:00,422.5,282,500,False,Normal
2027-01-31 21:00:00,405.3,256,500,False,Normal
2027-01-31 22:00:00,394.4,251,500,False,Normal
2027-01-31 23:00:00,396.5,260,500,False,Normal
2027-02-01 00:00:00,405.9,265,500,False,Normal
2027-02-01 01:00:00,412.3,265,500,False,Normal
2027-02-01 02:00:00,423.5,267,500,False,Normal
2027-02-01 03:00:00,436.2,258,500,False,Normal
2027-02-01 04:00:00,437.2,241,500,False,Normal
2027-02-01 05:00:00,440.0,225,500,False,Normal
2027-02-01 06:00:00,475.0,260,500,False,Pre-Holiday Rush
2027-02-01 07:00:00,478.2,288,500,False,Pre-Holiday Rush
2027-02-01 08:00:00,402.7,263,500,False,Pre-Holiday Rush
2027-02-01 09:00:00,380.7,241,500,False,Pre-Holiday Rush
2027-02-01 10:00:00,373.7,234,500,False,Pre-Holiday Rush
2027-02-01 11:00:00,362.7,223,500,False,Pre-Holiday Rush
2027-02-01 12:00:00,351.7,212,500,False,Pre-Holiday Rush
2027-02-01 13:00:00,342.7,203,500,False,Pre-Holiday Rush
2027-02-01 14:00:00,340.6,196,500,False,Pre-Holiday Rush
2027-02-01 15:00:00,333.6,189,500,False,Pre-Holiday Rush
2027-02-01 16:00:00,326.6,182,500,False,Pre-Holiday Rush
2027-02-01 17:00:00,332.6,188,500,False,Pre-Holiday Rush
2027-02-01 18:00:00,323.6,179,500,False,Pre-Holiday Rush
2027-02-01 19:00:00,313.6,169,500,False,Pre-Holiday Rush
2027-02-01 20:00:00,287.6,143,500,False,Pre-Holiday Rush
2027-02-01 21:00:00,261.6,117,500,False,Pre-Holiday Rush
2027-02-01 22:00:00,264.6,120,500,False,Pre-Holiday Rush
2027-02-01 23:00:00,267.6,123,500,False,Pre-Holiday Rush
2027-02-02 00:00:00,270.6,126,500,False,Pre-Holiday Rush
2027-02-02 01:00:00,273.6,129,500,False,Pre-Holiday Rush
2027-02-02 02:00:00,261.6,117,500,False,Pre-Holiday Rush
2027-02-02 03:00:00,264.6,120,500,False,Pre-Holiday Rush
2027-02-02 04:00:00,252.6,108,500,False,Pre-Holiday Rush
2027-02-02 05:00:00,255.6,111,500,False,Pre-Holiday Rush
2027-02-02 06:00:00,300.6,156,500,False,Pre-Holiday Rush
2027-02-02 07:00:00,341.6,192,500,False,Pre-Holiday Rush
2027-02-02 08:00:00,356.4,200,500,False,Pre-Holiday Rush
2027-02-02 09:00:00,363.4,207,500,False,Pre-Holiday Rush
2027-02-02 10:00:00,341.4,185,500,False,Pre-Holiday Rush
2027-02-02 11:00:00,330.4,174,500,False,Pre-Holiday Rush
2027-02-02 12:00:00,320.4,164,500,False,Pre-Holiday Rush
2027-02-02 13:00:00,304.6,152,500,False,Pre-Holiday Rush
2027-02-02 14:00:00,297.6,145,500,False,Pre-Holiday Rush
2027-02-02 15:00:00,290.6,138,500,False,Pre-Holiday Rush
2027-02-02 16:00:00,283.6,131,500,False,Pre-Holiday Rush
2027-02-02 17:00:00,245.6,93,500,False,Pre-Holiday Rush
2027-02-02 18:00:00,222.6,70,500,False,Pre-Holiday Rush
2027-02-02 19:00:00,228.6,76,500,False,Pre-Holiday Rush
2027-02-02 20:00:00,216.6,64,500,False,Pre-Holiday Rush
2027-02-02 21:00:00,219.6,67,500,False,Pre-Holiday Rush
2027-02-02 22:00:00,193.6,41,500,False,Pre-Holiday Rush
2027-02-02 23:00:00,196.6,44,500,False,Pre-Holiday Rush
2027-02-03 00:00:00,170.6,23,500,False,Pre-Holiday Rush
2027-02-03 01:00:00,173.6,26,500,False,Pre-Holiday Rush
2027-02-03 02:00:00,161.6,17,500,False,Pre-Holiday Rush
2027-02-03 03:00:00,164.6,20,500,False,Pre-Holiday Rush
2027-02-03 04:00:00,155.6,15,500,False,Pre-Holiday Rush
2027-02-03 05:00:00,147.1,14,500,False,Pre-Holiday Rush
2027-02-03 06:00:00,207.1,74,500,False,Pre-Holiday Rush
2027-02-03 07:00:00,252.1,110,500,False,Pre-Holiday Rush
2027-02-03 08:00:00,260.2,95,500,False,Pre-Holiday Rush
2027-02-03 09:00:00,238.2,73,500,False,Pre-Holiday Rush
2027-02-03 10:00:00,216.2,51,500,False,Pre-Holiday Rush
2027-02-03 11:00:00,220.2,55,500,False,Pre-Holiday Rush
2027-02-03 12:00:00,209.2,44,500,False,Pre-Holiday Rush
2027-02-03 13:00:00,214.2,49,500,False,Pre-Holiday Rush
2027-02-03 14:00:00,206.2,42,500,False,Pre-Holiday Rush
2027-02-03 15:00:00,184.2,40,500,False,Pre-Holiday Rush
2027-02-03 16:00:00,162.2,39,500,False,Pre-Holiday Rush
2027-02-03 17:00:00,168.2,45,500,False,Pre-Holiday Rush
2027-02-03 18:00:00,144.2,32,500,False,Pre-Holiday Rush
2027-02-03 19:00:00,106.2,28,500,False,Pre-Holiday Rush
2027-02-03 20:00:00,95.2,22,500,False,Pre-Holiday Rush
2027-02-03 21:00:00,83.2,16,500,False,Pre-Holiday Rush
2027-02-03 22:00:00,71.2,14,500,False,Pre-Holiday Rush
2027-02-03 23:00:00,59.2,14,500,False,Pre-Holiday Rush
2027-02-04 00:00:00,33.2,14,500,False,Pre-Holiday Rush
2027-02-04 01:00:00,21.2,14,500,False,Pre-Holiday Rush
2027-02-04 02:00:00,15.4,14,500,False,Pre-Holiday Rush
2027-02-04 03:00:00,13.6,14,500,False,Pre-Holiday Rush
2027-02-04 04:00:00,17.6,18,500,False,Pre-Holiday Rush
2027-02-04 05:00:00,14.3,15,500,False,Pre-Holiday Rush
2027-02-04 06:00:00,74.3,23,500,False,Pre-Holiday Rush
2027-02-04 07:00:00,82.6,25,500,False,Pre-Holiday Rush
2027-02-04 08:00:00,75.6,39,500,False,Pre-Holiday Rush
2027-02-04 09:00:00,68.6,44,500,False,Pre-Holiday Rush
2027-02-04 10:00:00,47.6,41,500,False,Pre-Holiday Rush
2027-02-04 11:00:00,36.6,30,500,False,Pre-Holiday Rush
2027-02-04 12:00:00,29.0,28,500,False,Pre-Holiday Rush
2027-02-04 13:00:00,35.7,36,500,False,Pre-Holiday Rush
2027-02-04 14:00:00,46.7,47,500,False,Pre-Holiday Rush
2027-02-04 15:00:00,68.7,69,500,False,Pre-Holiday Rush
2027-02-04 16:00:00,90.7,91,500,False,Pre-Holiday Rush
2027-02-04 17:00:00,52.7,53,500,False,Pre-Holiday Rush
2027-02-04 18:00:00,38.3,39,500,False,Pre-Holiday Rush
2027-02-04 19:00:00,29.5,30,500,False,Pre-Holiday Rush
2027-02-04 20:00:00,17.8,18,500,False,Pre-Holiday Rush
2027-02-04 21:00:00,14.4,15,500,False,Pre-Holiday Rush
2027-02-04 22:00:00,13.3,14,500,False,Pre-Holiday Rush
2027-02-04 23:00:00,13.0,14,500,False,Normal
2027-02-05 00:00:00,12.9,14,500,False,Normal
2027-02-05 01:00:00,12.9,14,500,False,Normal
2027-02-05 02:00:00,12.9,14,500,False,Normal
2027-02-05 03:00:00,12.9,14,500,False,Normal
2027-02-05 04:00:00,12.9,14,500,False,Normal
2027-02-05 05:00:00,17.4,18,500,False,Normal
2027-02-05 06:00:00,18.7,19,500,False,Normal
2027-02-05 07:00:00,40.3,27,500,False,Normal
2027-02-05 08:00:00,34.2,22,500,False,Normal
2027-02-05 09:00:00,45.4,47,500,False,Normal
2027-02-05 10:00:00,76.5,81,500,False,Normal
2027-02-05 11:00:00,117.2,121,500,False,Normal
2027-02-05 12:00:00,160.1,153,500,False,Normal
2027-02-05 13:00:00,202.8,192,500,False,Normal
2027-02-05 14:00:00,236.8,220,500,False,Normal
2027-02-05 15:00:00,267.0,244,500,False,Normal
2027-02-05 16:00:00,288.7,274,500,False,Normal
2027-02-05 17:00:00,321.1,313,500,False,Normal
2027-02-05 18:00:00,360.1,343,500,False,Normal
2027-02-05 19:00:00,387.3,357,500,False,Normal
2027-02-05 20:00:00,370.3,336,500,False,Normal
2027-02-05 21:00:00,349.2,311,500,False,Normal
2027-02-05 22:00:00,324.4,285,500,False,Normal
2027-02-05 23:00:00,304.8,277,500,False,Normal
2027-02-06 00:00:00,306.2,266,500,False,Normal
2027-02-06 01:00:00,299.3,274,500,False,Normal
2027-02-06 02:00:00,307.9,276,500,False,Normal
2027-02-06 03:00:00,316.1,273,500,False,Normal
2027-02-06 04:00:00,310.7,268,500,False,Normal
2027-02-06 05:00:00,302.2,266,500,False,Normal
2027-02-06 06:00:00,322.2,282,500,False,Normal
2027-02-06 07:00:00,342.2,295,500,False,Normal
2027-02-06 08:00:00,355.2,308,500,False,Normal
2027-02-06 09:00:00,365.2,324,500,False,Normal
2027-02-06 10:00:00,378.2,337,500,False,Normal
2027-02-06 11:00:00,387.2,349,500,False,Normal
2027-02-06 12:00:00,396.2,356,500,False,Normal
2027-02-06 13:00:00,399.5,350,500,False,Normal
2027-02-06 14:00:00,394.8,343,500,False,Normal
2027-02-06 15:00:00,388.5,325,500,False,Normal
2027-02-06 16:00:00,346.3,311,500,False,Normal
2027-02-06 17:00:00,318.0,304,500,False,Normal
2027-02-06 18:00:00,329.0,300,500,False,Normal
2027-02-06 19:00:00,336.4,300,500,False,Normal
2027-02-06 20:00:00,314.4,278,500,False,Normal
2027-02-06 21:00:00,293.4,258,500,False,Normal
2027-02-06 22:00:00,277.7,237,500,False,Normal
2027-02-06 23:00:00,273.1,234,500,False,Normal
2027-02-07 00:00:00,281.1,232,500,False,Normal
2027-02-07 01:00:00,285.5,234,500,False,Normal
2027-02-07 02:00:00,291.7,237,500,False,Normal
2027-02-07 03:00:00,295.2,245,500,False,Normal
2027-02-07 04:00:00,299.3,253,500,False,Normal
2027-02-07 05:00:00,304.1,250,500,False,Normal
2027-02-07 06:00:00,322.1,264,500,False,Normal
2027-02-07 07:00:00,338.1,276,500,False,Normal
2027-02-07 08:00:00,354.1,287,500,False,Normal
2027-02-07 09:00:00,366.1,297,500,False,Normal
2027-02-07 10:00:00,375.1,308,500,False,Normal
2027-02-07 11:00:00,386.1,323,500,False,Normal
2027-02-07 12:00:00,404.1,341,500,False,Normal
2027-02-07 13:00:00,413.9,355,500,False,Normal
2027-02-07 14:00:00,419.8,357,500,False,Normal
2027-02-07 15:00:00,419.9,362,500,False,Normal
2027-02-07 16:00:00,419.8,353,500,False,Normal
2027-02-07 17:00:00,409.3,338,500,False,Normal
2027-02-07 18:00:00,390.9,336,500,False,Normal
2027-02-07 19:00:00,388.7,334,500,False,Normal
2027-02-07 20:00:00,364.7,312,500,False,Normal
2027-02-07 21:00:00,340.7,294,500,False,Normal
2027-02-07 22:00:00,338.7,282,500,False,Normal
2027-02-07 23:00:00,336.9,279,500,False,Normal
2027-02-08 00:00:00,332.8,287,500,False,Normal
2027-02-08 01:00:00,337.3,286,500,False,Normal
2027-02-08 02:00:00,334.3,283,500,False,Normal
2027-02-08 03:00:00,328.1,277,500,False,Normal
2027-02-08 04:00:00,319.6,273,500,False,Normal
2027-02-08 05:00:00,314.7,259,500,False,Normal
2027-02-08 06:00:00,329.7,270,500,False,Normal
2027-02-08 07:00:00,344.7,288,500,False,Normal
2027-02-08 08:00:00,370.7,306,500,False,Normal
2027-02-08 09:00:00,378.2,320,500,False,Normal
2027-02-08 10:00:00,376.1,331,500,False,Normal
2027-02-08 11:00:00,385.1,336,500,False,Normal
2027-02-08 12:00:00,390.1,335,500,False,Normal
2027-02-08 13:00:00,387.3,332,500,False,Normal
2027-02-08 14:00:00,379.4,330,500,False,Normal
2027-02-08 15:00:00,369.6,325,500,False,Normal
2027-02-08 16:00:00,363.3,324,500,False,Normal
2027-02-08 17:00:00,365.4,329,500,False,Normal
2027-02-08 18:00:00,371.9,336,500,False,Normal
2027-02-08 19:00:00,384.0,345,500,False,Normal
2027-02-08 20:00:00,367.0,327,500,False,Normal
2027-02-08 21:00:00,349.0,308,500,False,Normal
2027-02-08 22:00:00,340.3,290,500,False,Normal
2027-02-08 23:00:00,332.8,276,500,False,Normal
2027-02-09 00:00:00,322.9,263,500,False,Normal
2027-02-09 01:00:00,309.7,261,500,False,Normal
2027-02-09 02:00:00,308.5,268,500,False,Normal
2027-02-09 03:00:00,316.5,261,500,False,Normal
2027-02-09 04:00:00,308.8,255,500,False,Normal
2027-02-09 05:00:00,302.8,242,500,False,Normal
2027-02-09 06:00:00,312.8,253,500,False,Normal
2027-02-09 07:00:00,324.8,267,500,False,Normal
2027-02-09 08:00:00,340.8,281,500,False,Normal
2027-02-09 09:00:00,353.8,299,500,False,Normal
2027-02-09 10:00:00,372.8,317,500,False,Normal
2027-02-09 11:00:00,385.8,339,500,False,Normal
2027-02-09 12:00:00,408.8,360,500,False,Normal
2027-02-09 13:00:00,430.8,373,500,False,Normal
2027-02-09 14:00:00,432.9,382,500,False,Normal
2027-02-09 15:00:00,429.5,375,500,False,Normal
2027-02-09 16:00:00,416.5,372,500,False,Normal
2027-02-09 17:00:00,412.5,371,500,False,Normal
2027-02-09 18:00:00,407.6,374,500,False,Normal
2027-02-09 19:00:00,412.0,366,500,False,Normal
2027-02-09 20:00:00,378.0,331,500,False,Normal
2027-02-09 21:00:00,344.0,300,500,False,Normal
2027-02-09 22:00:00,332.4,281,500,False,Normal
2027-02-09 23:00:00,323.8,265,500,False,Normal
2027-02-10 00:00:00,310.8,255,500,False,Normal
2027-02-10 01:00:00,305.1,258,500,False,Normal
2027-02-10 02:00:00,310.5,257,500,False,Normal
2027-02-10 03:00:00,309.5,260,500,False,Normal
2027-02-10 04:00:00,307.5,249,500,False,Normal
2027-02-10 05:00:00,291.9,233,500,False,Normal
2027-02-10 06:00:00,307.9,256,500,False,Normal
2027-02-10 07:00:00,341.9,286,500,False,Normal
2027-02-10 08:00:00,339.5,277,500,False,Normal
2027-02-10 09:00:00,320.9,274,500,False,Normal
2027-02-10 10:00:00,317.0,279,500,False,Normal
2027-02-10 11:00:00,296.3,266,500,False,Normal
2027-02-10 12:00:00,304.2,273,500,False,Normal
2027-02-10 13:00:00,319.4,283,500,False,Normal
2027-02-10 14:00:00,338.6,287,500,False,Normal
2027-02-10 15:00:00,341.3,271,500,False,Normal
2027-02-10 16:00:00,322.8,249,500,False,Normal
2027-02-10 17:00:00,312.8,240,500,False,Normal
2027-02-10 18:00:00,299.0,232,500,False,Normal
2027-02-10 19:00:00,299.3,226,500,False,Normal
2027-02-10 20:00:00,287.3,214,500,False,Normal
2027-02-10 21:00:00,290.3,217,500,False,Normal
2027-02-10 22:00:00,278.3,205,500,False,Normal
2027-02-10 23:00:00,266.3,193,500,False,Normal
2027-02-11 00:00:00,256.9,184,500,False,Normal
2027-02-11 01:00:00,259.8,183,500,False,Normal
2027-02-11 02:00:00,265.3,182,500,False,Normal
2027-02-11 03:00:00,282.3,207,500,False,Normal
2027-02-11 04:00:00,288.6,220,500,False,Normal
2027-02-11 05:00:00,299.7,224,500,False,Normal
2027-02-11 06:00:00,348.7,281,500,False,Normal
2027-02-11 07:00:00,392.7,330,500,False,Normal
2027-02-11 08:00:00,364.7,309,500,False,Normal
2027-02-11 09:00:00,345.5,290,500,False,Normal
2027-02-11 10:00:00,334.4,281,500,False,Normal
2027-02-11 11:00:00,338.4,285,500,False,Normal
2027-02-11 12:00:00,339.4,283,500,False,Normal
2027-02-11 13:00:00,359.9,288,500,False,Normal
2027-02-11 14:00:00,349.9,275,500,False,Normal
2027-02-11 15:00:00,336.3,254,500,False,Normal
2027-02-11 16:00:00,320.8,237,500,False,Normal
2027-02-11 17:00:00,296.8,213,500,False,Normal
2027-02-11 18:00:00,286.8,203,500,False,Normal
2027-02-11 19:00:00,291.8,208,500,False,Normal
2027-02-11 20:00:00,279.8,196,500,False,Normal
2027-02-11 21:00:00,253.8,170,500,False,Normal
2027-02-11 22:00:00,227.8,144,500,False,Normal
2027-02-11 23:00:00,231.9,147,500,False,Normal
2027-02-12 00:00:00,256.8,152,500,False,Normal
2027-02-12 01:00:00,266.0,162,500,False,Normal
2027-02-12 02:00:00,283.0,166,500,False,Normal
2027-02-12 03:00:00,294.3,175,500,False,Normal
2027-02-12 04:00:00,299.8,184,500,False,Normal
2027-02-12 05:00:00,307.9,186,500,False,Normal
2027-02-12 06:00:00,357.9,246,500,False,Normal
2027-02-12 07:00:00,405.9,301,500,False,Normal
2027-02-12 08:00:00,400.3,298,500,False,Normal
2027-02-12 09:00:00,395.9,283,500,False,Normal
2027-02-12 10:00:00,379.8,260,500,False,Normal
2027-02-12 11:00:00,368.8,249,500,False,Normal
2027-02-12 12:00:00,370.4,247,500,False,Normal
2027-02-12 13:00:00,391.1,268,500,False,Normal
2027-02-12 14:00:00,385.2,272,500,False,Normal
2027-02-12 15:00:00,375.1,266,500,False,Normal
2027-02-12 16:00:00,365.5,264,500,False,Normal
2027-02-12 17:00:00,374.5,265,500,False,Normal
2027-02-12 18:00:00,361.5,263,500,False,Normal
2027-02-12 19:00:00,379.0,274,500,False,Normal
2027-02-12 20:00:00,382.0,277,500,False,Normal
2027-02-12 21:00:00,356.0,251,500,False,Normal
2027-02-12 22:00:00,344.0,239,500,False,Normal
2027-02-12 23:00:00,338.8,228,500,False,Normal
2027-02-13 00:00:00,331.4,233,500,False,Normal
2027-02-13 01:00:00,330.6,238,500,False,Normal
2027-02-13 02:00:00,332.0,243,500,False,Normal
2027-02-13 03:00:00,334.3,249,500,False,Normal
2027-02-13 04:00:00,336.0,250,500,False,Normal
2027-02-13 05:00:00,334.4,259,500,False,Normal
2027-02-13 06:00:00,361.4,282,500,False,Normal
2027-02-13 07:00:00,391.4,306,500,False,Normal
2027-02-13 08:00:00,414.8,321,500,False,Normal
2027-02-13 09:00:00,414.8,309,500,False,Normal
2027-02-13 10:00:00,397.5,295,500,False,Normal
2027-02-13 11:00:00,398.0,289,500,False,Normal
2027-02-13 12:00:00,399.8,298,500,False,Normal
2027-02-13 13:00:00,398.7,303,500,False,Normal
2027-02-13 14:00:00,399.8,292,500,False,Normal
2027-02-13 15:00:00,389.3,283,500,False,Normal
2027-02-13 16:00:00,387.8,276,500,False,Normal
2027-02-13 17:00:00,391.8,280,500,False,Normal
2027-02-13 18:00:00,395.8,284,500,False,Normal
2027-02-13 19:00:00,394.8,286,500,False,Normal
2027-02-13 20:00:00,383.8,275,500,False,Normal
2027-02-13 21:00:00,357.8,249,500,False,Normal
2027-02-13 22:00:00,331.8,223,500,False,Normal
2027-02-13 23:00:00,307.1,207,500,False,Normal
2027-02-14 00:00:00,301.3,216,500,False,Normal
2027-02-14 01:00:00,311.1,233,500,False,Normal
2027-02-14 02:00:00,326.9,261,500,False,Normal
2027-02-14 03:00:00,351.1,281,500,False,Normal
2027-02-14 04:00:00,367.0,292,500,False,Normal
2027-02-14 05:00:00,374.1,300,500,False,Normal
2027-02-14 06:00:00,390.1,314,500,False,Normal
2027-02-14 07:00:00,406.1,323,500,False,Normal
2027-02-14 08:00:00,418.1,336,500,False,Normal
2027-02-14 09:00:00,417.4,341,500,False,Normal
2027-02-14 10:00:00,420.1,337,500,False,Normal
2027-02-14 11:00:00,427.3,338,500,False,Normal
2027-02-14 12:00:00,433.0,346,500,False,Normal
2027-02-14 13:00:00,434.5,351,500,False,Normal
2027-02-14 14:00:00,435.3,341,500,False,Normal
2027-02-14 15:00:00,419.6,333,500,False,Normal
2027-02-14 16:00:00,413.8,322,500,False,Normal
2027-02-14 17:00:00,407.6,318,500,False,Normal
2027-02-14 18:00:00,402.9,314,500,False,Normal
2027-02-14 19:00:00,400.2,324,500,False,Normal
2027-02-14 20:00:00,388.2,312,500,False,Normal
2027-02-14 21:00:00,370.2,294,500,False,Normal
2027-02-14 22:00:00,353.4,279,500,False,Normal
2027-02-14 23:00:00,350.3,267,500,False,Normal
2027-02-15 00:00:00,343.1,258,500,False,Post-Holiday Recovery
2027-02-15 01:00:00,338.1,261,500,False,Post-Holiday Recovery
2027-02-15 02:00:00,344.3,269,500,False,Post-Holiday Recovery
2027-02-15 03:00:00,351.4,275,500,False,Post-Holiday Recovery
2027-02-15 04:00:00,355.4,275,500,False,Post-Holiday Recovery
2027-02-15 05:00:00,351.1,263,500,False,Post-Holiday Recovery
2027-02-15 06:00:00,380.1,296,500,False,Post-Holiday Recovery
2027-02-15 07:00:00,409.4,320,500,False,Post-Holiday Recovery
2027-02-15 08:00:00,379.0,293,500,False,Post-Holiday Recovery
2027-02-15 09:00:00,357.7,275,500,False,Post-Holiday Recovery
2027-02-15 10:00:00,335.7,253,500,False,Post-Holiday Recovery
2027-02-15 11:00:00,324.7,242,500,False,Post-Holiday Recovery
2027-02-15 12:00:00,313.7,231,500,False,Post-Holiday Recovery
2027-02-15 13:00:00,318.1,231,500,False,Post-Holiday Recovery
2027-02-15 14:00:00,323.1,230,500,False,Post-Holiday Recovery
2027-02-15 15:00:00,331.1,238,500,False,Post-Holiday Recovery
2027-02-15 16:00:00,324.1,231,500,False,Post-Holiday Recovery
2027-02-15 17:00:00,286.1,193,500,False,Post-Holiday Recovery
2027-02-15 18:00:00,292.1,199,500,False,Post-Holiday Recovery
2027-02-15 19:00:00,282.1,189,500,False,Post-Holiday Recovery
2027-02-15 20:00:00,285.1,192,500,False,Post-Holiday Recovery
2027-02-15 21:00:00,288.1,195,500,False,Post-Holiday Recovery
2027-02-15 22:00:00,276.1,183,500,False,Post-Holiday Recovery
2027-02-15 23:00:00,250.1,157,500,False,Post-Holiday Recovery
2027-02-16 00:00:00,239.1,146,500,False,Post-Holiday Recovery
2027-02-16 01:00:00,227.1,134,500,False,Post-Holiday Recovery
2027-02-16 02:00:00,211.2,108,500,False,Post-Holiday Recovery
2027-02-16 03:00:00,214.2,111,500,False,Post-Holiday Recovery
2027-02-16 04:00:00,206.4,99,500,False,Post-Holiday Recovery
2027-02-16 05:00:00,196.5,87,500,False,Post-Holiday Recovery
2027-02-16 06:00:00,256.5,147,500,False,Post-Holiday Recovery
2027-02-16 07:00:00,296.9,191,500,False,Post-Holiday Recovery
2027-02-16 08:00:00,314.7,184,500,False,Post-Holiday Recovery
2027-02-16 09:00:00,292.7,162,500,False,Post-Holiday Recovery
2027-02-16 10:00:00,300.7,170,500,False,Post-Holiday Recovery
2027-02-16 11:00:00,289.7,159,500,False,Post-Holiday Recovery
2027-02-16 12:00:00,278.7,148,500,False,Post-Holiday Recovery
2027-02-16 13:00:00,255.7,127,500,False,Post-Holiday Recovery
2027-02-16 14:00:00,277.7,149,500,False,Post-Holiday Recovery
2027-02-16 15:00:00,270.7,142,500,False,Post-Holiday Recovery
2027-02-16 16:00:00,263.7,135,500,False,Post-Holiday Recovery
2027-02-16 17:00:00,239.7,111,500,False,Post-Holiday Recovery
2027-02-16 18:00:00,230.7,102,500,False,Post-Holiday Recovery
2027-02-16 19:00:00,207.7,79,500,False,Post-Holiday Recovery
2027-02-16 20:00:00,195.7,67,500,False,Post-Holiday Recovery
2027-02-16 21:00:00,183.7,55,500,False,Post-Holiday Recovery
2027-02-16 22:00:00,171.7,43,500,False,Post-Holiday Recovery
2027-02-16 23:00:00,160.7,32,500,False,Post-Holiday Recovery
2027-02-17 00:00:00,148.7,20,500,False,Post-Holiday Recovery
2027-02-17 01:00:00,122.7,15,500,False,Post-Holiday Recovery
2027-02-17 02:00:00,129.1,18,500,False,Post-Holiday Recovery
2027-02-17 03:00:00,126.9,15,500,False,Post-Holiday Recovery
2027-02-17 04:00:00,126.4,14,500,False,Post-Holiday Recovery
2027-02-17 05:00:00,122.4,14,500,False,Post-Holiday Recovery
2027-02-17 06:00:00,182.4,66,500,False,Post-Holiday Recovery
2027-02-17 07:00:00,228.2,76,500,False,Post-Holiday Recovery
2027-02-17 08:00:00,250.3,84,500,False,Post-Holiday Recovery
2027-02-17 09:00:00,243.3,77,500,False,Post-Holiday Recovery
2027-02-17 10:00:00,236.3,70,500,False,Post-Holiday Recovery
2027-02-17 11:00:00,225.3,59,500,False,Post-Holiday Recovery
2027-02-17 12:00:00,229.3,63,500,False,Post-Holiday Recovery
2027-02-17 13:00:00,220.3,54,500,False,Post-Holiday Recovery
2027-02-17 14:00:00,214.0,48,500,False,Post-Holiday Recovery
2027-02-17 15:00:00,207.0,46,500,False,Post-Holiday Recovery
2027-02-17 16:00:00,214.0,53,500,False,Post-Holiday Recovery
2027-02-17 17:00:00,206.0,45,500,False,Post-Holiday Recovery
2027-02-17 18:00:00,226.0,65,500,False,Post-Holiday Recovery
2027-02-17 19:00:00,202.0,41,500,False,Post-Holiday Recovery
2027-02-17 20:00:00,205.0,44,500,False,Post-Holiday Recovery
2027-02-17 21:00:00,208.0,47,500,False,Post-Holiday Recovery
2027-02-17 22:00:00,197.0,36,500,False,Post-Holiday Recovery
2027-02-17 23:00:00,185.0,24,500,False,Post-Holiday Recovery
2027-02-18 00:00:00,173.0,17,500,False,Normal
2027-02-18 01:00:00,176.0,20,500,False,Normal
2027-02-18 02:00:00,165.8,15,500,False,Normal
2027-02-18 03:00:00,171.3,14,500,False,Normal
2027-02-18 04:00:00,169.1,14,500,False,Normal
2027-02-18 05:00:00,165.2,14,500,False,Normal
2027-02-18 06:00:00,210.2,59,500,False,Normal
2027-02-18 07:00:00,255.2,104,500,False,Normal
2027-02-18 08:00:00,314.0,136,500,False,Normal
2027-02-18 09:00:00,364.2,178,500,False,Normal
2027-02-18 10:00:00,370.2,173,500,False,Normal
2027-02-18 11:00:00,374.2,177,500,False,Normal
2027-02-18 12:00:00,378.9,175,500,False,Normal
2027-02-18 13:00:00,397.0,197,500,False,Normal
2027-02-18 14:00:00,406.4,224,500,False,Normal
2027-02-18 15:00:00,414.7,230,500,False,Normal
2027-02-18 16:00:00,409.4,243,500,False,Normal
2027-02-18 17:00:00,414.4,248,500,False,Normal
2027-02-18 18:00:00,419.4,254,500,False,Normal
2027-02-18 19:00:00,416.2,249,500,False,Normal
2027-02-18 20:00:00,404.2,237,500,False,Normal
2027-02-18 21:00:00,392.2,225,500,False,Normal
2027-02-18 22:00:00,395.2,228,500,False,Normal
2027-02-18 23:00:00,398.2,231,500,False,Normal
2027-02-19 00:00:00,386.2,219,500,False,Normal
2027-02-19 01:00:00,379.6,207,500,False,Normal
2027-02-19 02:00:00,394.9,219,500,False,Normal
2027-02-19 03:00:00,399.0,222,500,False,Normal
2027-02-19 04:00:00,418.2,229,500,False,Normal
2027-02-19 05:00:00,418.8,230,500,False,Normal
2027-02-19 06:00:00,463.8,265,500,False,Normal
2027-02-19 07:00:00,499.8,309,500,False,Normal
2027-02-19 08:00:00,433.6,301,500,False,Normal
2027-02-19 09:00:00,420.3,292,500,False,Normal
2027-02-19 10:00:00,409.8,278,500,False,Normal
2027-02-19 11:00:00,398.8,267,500,False,Normal
2027-02-19 12:00:00,401.8,265,500,False,Normal
2027-02-19 13:00:00,418.5,281,500,False,Normal
2027-02-19 14:00:00,421.9,270,500,False,Normal
2027-02-19 15:00:00,410.0,259,500,False,Normal
2027-02-19 16:00:00,410.6,237,500,False,Normal
2027-02-19 17:00:00,401.6,228,500,False,Normal
2027-02-19 18:00:00,407.7,234,500,False,Normal
2027-02-19 19:00:00,431.7,253,500,False,Normal
2027-02-19 20:00:00,405.7,227,500,False,Normal
2027-02-19 21:00:00,408.7,230,500,False,Normal
2027-02-19 22:00:00,396.7,218,500,False,Normal
2027-02-19 23:00:00,393.2,209,500,False,Normal
2027-02-20 00:00:00,412.7,234,500,False,Normal
2027-02-20 01:00:00,428.9,255,500,False,Normal
2027-02-20 02:00:00,468.5,283,500,False,Normal
2027-02-20 03:00:00,492.9,292,500,False,Normal
2027-02-20 04:00:00,486.5,287,500,False,Normal
2027-02-20 05:00:00,480.9,281,500,False,Normal
2027-02-20 06:00:00,499.9,294,500,False,Normal
2027-02-20 07:00:00,499.9,314,500,False,Normal
2027-02-20 08:00:00,466.9,307,500,False,Normal
2027-02-20 09:00:00,440.4,294,500,False,Normal
2027-02-20 10:00:00,438.9,277,500,False,Normal
2027-02-20 11:00:00,434.1,278,500,False,Normal
2027-02-20 12:00:00,448.9,290,500,False,Normal
2027-02-20 13:00:00,462.6,303,500,False,Normal
2027-02-20 14:00:00,438.3,306,500,False,Normal
2027-02-20 15:00:00,437.4,302,500,False,Normal
2027-02-20 16:00:00,432.9,294,500,False,Normal
2027-02-20 17:00:00,436.9,298,500,False,Normal
2027-02-20 18:00:00,446.3,305,500,False,Normal
2027-02-20 19:00:00,448.3,306,500,False,Normal
2027-02-20 20:00:00,408.3,266,500,False,Normal
2027-02-20 21:00:00,426.3,268,500,False,Normal
2027-02-20 22:00:00,445.8,272,500,False,Normal
2027-02-20 23:00:00,474.2,282,500,False,Normal
2027-02-21 00:00:00,491.4,291,500,False,Normal
2027-02-21 01:00:00,492.4,296,500,False,Normal
2027-02-21 02:00:00,492.9,293,500,False,Normal
2027-02-21 03:00:00,492.6,299,500,False,Normal
2027-02-21 04:00:00,497.2,304,500,False,Normal
2027-02-21 05:00:00,499.1,296,500,False,Normal
2027-02-21 06:00:00,499.1,309,500,False,Normal
2027-02-21 07:00:00,499.1,324,500,False,Normal
2027-02-21 08:00:00,499.1,341,500,False,Normal
2027-02-21 09:00:00,497.9,356,500,False,Normal
2027-02-21 10:00:00,473.5,356,500,False,Normal
2027-02-21 11:00:00,474.2,358,500,False,Normal
2027-02-21 12:00:00,483.2,363,500,False,Normal
2027-02-21 13:00:00,480.8,362,500,False,Normal
2027-02-21 14:00:00,465.9,354,500,False,Normal
2027-02-21 15:00:00,460.9,346,500,False,Normal
2027-02-21 16:00:00,454.7,340,500,False,Normal
2027-02-21 17:00:00,460.6,343,500,False,Normal
2027-02-21 18:00:00,465.2,343,500,False,Normal
2027-02-21 19:00:00,467.2,346,500,False,Normal
2027-02-21 20:00:00,457.2,333,500,False,Normal
2027-02-21 21:00:00,445.2,311,500,False,Normal
2027-02-21 22:00:00,448.5,308,500,False,Normal
2027-02-21 23:00:00,469.3,313,500,False,Normal
2027-02-22 00:00:00,491.9,317,500,False,Normal
2027-02-22 01:00:00,492.7,312,500,False,Normal
2027-02-22 02:00:00,487.4,306,500,False,Normal
2027-02-22 03:00:00,488.8,297,500,False,Normal
2027-02-22 04:00:00,479.2,282,500,False,Normal
2027-02-22 05:00:00,473.2,272,500,False,Normal
2027-02-22 06:00:00,499.2,295,500,False,Normal
2027-02-22 07:00:00,499.2,326,500,False,Normal
2027-02-22 08:00:00,460.0,329,500,False,Normal
2027-02-22 09:00:00,431.2,308,500,False,Normal
2027-02-22 10:00:00,411.3,283,500,False,Normal
2027-02-22 11:00:00,400.3,272,500,False,Normal
2027-02-22 12:00:00,401.8,273,500,False,Normal
2027-02-22 13:00:00,409.4,286,500,False,Normal
2027-02-22 14:00:00,430.7,278,500,False,Normal
2027-02-22 15:00:00,419.3,270,500,False,Normal
2027-02-22 16:00:00,408.4,260,500,False,Normal
2027-02-22 17:00:00,394.2,243,500,False,Normal
2027-02-22 18:00:00,419.2,255,500,False,Normal
2027-02-22 19:00:00,411.8,249,500,False,Normal
2027-02-22 20:00:00,399.8,237,500,False,Normal
2027-02-22 21:00:00,387.8,225,500,False,Normal
2027-02-22 22:00:00,390.8,228,500,False,Normal
2027-02-22 23:00:00,398.6,233,500,False,Normal
2027-02-23 00:00:00,415.8,246,500,False,Normal
2027-02-23 01:00:00,421.2,256,500,False,Normal
2027-02-23 02:00:00,432.9,262,500,False,Normal
2027-02-23 03:00:00,442.3,252,500,False,Normal
2027-02-23 04:00:00,456.6,237,500,False,Normal
2027-02-23 05:00:00,467.6,226,500,False,Normal
2027-02-23 06:00:00,499.6,255,500,False,Normal
2027-02-23 07:00:00,499.6,292,500,False,Normal
2027-02-23 08:00:00,421.3,263,500,False,Normal
2027-02-23 09:00:00,408.8,252,500,False,Normal
2027-02-23 10:00:00,412.3,244,500,False,Normal
2027-02-23 11:00:00,388.7,219,500,False,Normal
2027-02-23 12:00:00,389.6,227,500,False,Normal
2027-02-23 13:00:00,421.6,256,500,False,Normal
2027-02-23 14:00:00,434.6,274,500,False,Normal
2027-02-23 15:00:00,432.4,282,500,False,Normal
2027-02-23 16:00:00,426.1,282,500,False,Normal
2027-02-23 17:00:00,430.3,273,500,False,Normal
2027-02-23 18:00:00,424.8,267,500,False,Normal
2027-02-23 19:00:00,411.3,256,500,False,Normal
2027-02-23 20:00:00,399.3,244,500,False,Normal
2027-02-23 21:00:00,387.3,232,500,False,Normal
2027-02-23 22:00:00,390.3,235,500,False,Normal
2027-02-23 23:00:00,398.2,244,500,False,Normal
2027-02-24 00:00:00,408.9,256,500,False,Normal
2027-02-24 01:00:00,430.9,256,500,False,Normal
2027-02-24 02:00:00,454.0,252,500,False,Normal
2027-02-24 03:00:00,464.7,236,500,False,Normal
2027-02-24 04:00:00,460.6,229,500,False,Normal
2027-02-24 05:00:00,466.6,213,500,False,Normal
2027-02-24 06:00:00,499.6,238,500,False,Normal
2027-02-24 07:00:00,494.3,276,500,False,Normal
2027-02-24 08:00:00,424.0,260,500,False,Normal
2027-02-24 09:00:00,414.3,251,500,False,Normal
2027-02-24 10:00:00,413.1,241,500,False,Normal
2027-02-24 11:00:00,417.1,245,500,False,Normal
2027-02-24 12:00:00,439.3,278,500,False,Normal
2027-02-24 13:00:00,459.7,303,500,False,Normal
2027-02-24 14:00:00,422.7,301,500,False,Normal
2027-02-24 15:00:00,417.0,277,500,False,Normal
2027-02-24 16:00:00,401.4,246,500,False,Normal
2027-02-24 17:00:00,392.4,237,500,False,Normal
2027-02-24 18:00:00,368.4,215,500,False,Normal
2027-02-24 19:00:00,385.5,230,500,False,Normal
2027-02-24 20:00:00,359.5,204,500,False,Normal
2027-02-24 21:00:00,362.5,207,500,False,Normal
2027-02-24 22:00:00,350.5,195,500,False,Normal
2027-02-24 23:00:00,359.3,199,500,False,Normal
2027-02-25 00:00:00,379.2,214,500,False,Normal
2027-02-25 01:00:00,386.3,220,500,False,Normal
2027-02-25 02:00:00,410.9,244,500,False,Normal
2027-02-25 03:00:00,421.2,260,500,False,Normal
2027-02-25 04:00:00,435.8,255,500,False,Normal
2027-02-25 05:00:00,457.9,253,500,False,Normal
2027-02-25 06:00:00,499.9,275,500,False,Normal
2027-02-25 07:00:00,499.9,305,500,False,Normal
2027-02-25 08:00:00,446.8,287,500,False,Normal
2027-02-25 09:00:00,420.6,258,500,False,Normal
2027-02-25 10:00:00,400.2,228,500,False,Normal
2027-02-25 11:00:00,389.2,217,500,False,Normal
2027-02-25 12:00:00,388.8,219,500,False,Normal
2027-02-25 13:00:00,426.8,257,500,False,Normal
2027-02-25 14:00:00,432.2,266,500,False,Normal
2027-02-25 15:00:00,408.2,266,500,False,Normal
2027-02-25 16:00:00,401.3,259,500,False,Normal
2027-02-25 17:00:00,406.3,264,500,False,Normal
2027-02-25 18:00:00,389.2,246,500,False,Normal
2027-02-25 19:00:00,379.6,239,500,False,Normal
2027-02-25 20:00:00,367.6,227,500,False,Normal
2027-02-25 21:00:00,355.6,215,500,False,Normal
2027-02-25 22:00:00,343.6,203,500,False,Normal
2027-02-25 23:00:00,331.6,191,500,False,Normal
2027-02-26 00:00:00,324.2,188,500,False,Normal
2027-02-26 01:00:00,330.1,195,500,False,Normal
2027-02-26 02:00:00,357.0,222,500,False,Normal
2027-02-26 03:00:00,370.8,239,500,False,Normal
2027-02-26 04:00:00,383.9,241,500,False,Normal
2027-02-26 05:00:00,384.2,229,500,False,Normal
2027-02-26 06:00:00,429.2,251,500,False,Normal
2027-02-26 07:00:00,489.2,279,500,False,Normal
2027-02-26 08:00:00,432.3,257,500,False,Normal
2027-02-26 09:00:00,408.2,231,500,False,Normal
2027-02-26 10:00:00,401.8,217,500,False,Normal
2027-02-26 11:00:00,390.8,206,500,False,Normal
2027-02-26 12:00:00,392.4,209,500,False,Normal
2027-02-26 13:00:00,397.5,219,500,False,Normal
2027-02-26 14:00:00,425.5,249,500,False,Normal
2027-02-26 15:00:00,419.2,248,500,False,Normal
2027-02-26 16:00:00,404.0,240,500,False,Normal
2027-02-26 17:00:00,409.0,245,500,False,Normal
2027-02-26 18:00:00,385.0,223,500,False,Normal
2027-02-26 19:00:00,402.6,237,500,False,Normal
2027-02-26 20:00:00,405.6,240,500,False,Normal
2027-02-26 21:00:00,393.6,228,500,False,Normal
2027-02-26 22:00:00,381.6,216,500,False,Normal
2027-02-26 23:00:00,369.6,204,500,False,Normal
2027-02-27 00:00:00,355.2,194,500,False,Normal
2027-02-27 01:00:00,363.0,205,500,False,Normal
2027-02-27 02:00:00,382.4,231,500,False,Normal
2027-02-27 03:00:00,412.9,246,500,False,Normal
2027-02-27 04:00:00,441.9,250,500,False,Normal
2027-02-27 05:00:00,463.9,249,500,False,Normal
2027-02-27 06:00:00,499.9,277,500,False,Normal
2027-02-27 07:00:00,499.9,305,500,False,Normal
2027-02-27 08:00:00,460.4,313,500,False,Normal
2027-02-27 09:00:00,448.7,313,500,False,Normal
2027-02-27 10:00:00,437.4,313,500,False,Normal
2027-02-27 11:00:00,439.7,319,500,False,Normal
2027-02-27 12:00:00,455.3,342,500,False,Normal
2027-02-27 13:00:00,472.7,359,500,False,Normal
2027-02-27 14:00:00,457.8,348,500,False,Normal
2027-02-27 15:00:00,426.0,325,500,False,Normal
2027-02-27 16:00:00,412.7,307,500,False,Normal
2027-02-27 17:00:00,416.7,305,500,False,Normal
2027-02-27 18:00:00,410.9,310,500,False,Normal
2027-02-27 19:00:00,426.7,320,500,False,Normal
2027-02-27 20:00:00,415.7,299,500,False,Normal
2027-02-27 21:00:00,419.6,280,500,False,Normal
2027-02-27 22:00:00,424.2,278,500,False,Normal
2027-02-27 23:00:00,455.4,281,500,False,Normal
2027-02-28 00:00:00,491.1,272,500,False,Normal
2027-02-28 01:00:00,483.2,263,500,False,Normal
2027-02-28 02:00:00,482.8,260,500,False,Normal
2027-02-28 03:00:00,485.0,259,500,False,Normal
2027-02-28 04:00:00,485.6,257,500,False,Normal
2027-02-28 05:00:00,486.1,255,500,False,Normal
2027-02-28 06:00:00,499.1,273,500,False,Normal
2027-02-28 07:00:00,499.1,298,500,False,Normal
2027-02-28 08:00:00,487.6,314,500,False,Normal
2027-02-28 09:00:00,470.1,325,500,False,Normal
2027-02-28 10:00:00,465.4,328,500,False,Normal
2027-02-28 11:00:00,470.1,345,500,False,Normal
2027-02-28 12:00:00,486.7,351,500,False,Normal
2027-02-28 13:00:00,472.3,354,500,False,Normal
2027-02-28 14:00:00,469.4,342,500,False,Normal
2027-02-28 15:00:00,455.5,333,500,False,Normal
2027-02-28 16:00:00,450.2,331,500,False,Normal
2027-02-28 17:00:00,459.2,326,500,False,Normal
2027-02-28 18:00:00,457.5,319,500,False,Normal
2027-02-28 19:00:00,460.2,324,500,False,Normal
2027-02-28 20:00:00,457.2,308,500,False,Normal
2027-02-28 21:00:00,445.2,290,500,False,Normal
2027-02-28 22:00:00,433.5,275,500,False,Normal
2027-02-28 23:00:00,441.8,273,500,False,Normal
2027-03-01 00:00:00,472.0,279,500,False,Normal
2027-03-01 01:00:00,489.6,271,500,False,Normal
2027-03-01 02:00:00,482.9,260,500,False,Normal
2027-03-01 03:00:00,481.2,261,500,False,Normal
2027-03-01 04:00:00,480.3,261,500,False,Normal
2027-03-01 05:00:00,476.2,259,500,False,Normal
2027-03-01 06:00:00,499.2,282,500,False,Normal
2027-03-01 07:00:00,499.2,311,500,False,Normal
2027-03-01 08:00:00,470.5,307,500,False,Normal
2027-03-01 09:00:00,426.1,290,500,False,Normal
2027-03-01 10:00:00,411.4,275,500,False,Normal
2027-03-01 11:00:00,400.4,264,500,False,Normal
2027-03-01 12:00:00,406.2,268,500,False,Normal
2027-03-01 13:00:00,445.7,300,500,False,Normal
2027-03-01 14:00:00,435.5,304,500,False,Normal
2027-03-01 15:00:00,424.7,282,500,False,Normal
2027-03-01 16:00:00,397.6,266,500,False,Normal
2027-03-01 17:00:00,402.6,270,500,False,Normal
2027-03-01 18:00:00,383.9,254,500,False,Normal
2027-03-01 19:00:00,410.3,264,500,False,Normal
2027-03-01 20:00:00,398.3,252,500,False,Normal
2027-03-01 21:00:00,386.3,240,500,False,Normal
2027-03-01 22:00:00,360.3,214,500,False,Normal
2027-03-01 23:00:00,363.3,217,500,False,Normal
2027-03-02 00:00:00,354.4,209,500,False,Normal
2027-03-02 01:00:00,371.8,220,500,False,Normal
2027-03-02 02:00:00,373.6,227,500,False,Normal
2027-03-02 03:00:00,382.7,239,500,False,Normal
2027-03-02 04:00:00,391.0,252,500,False,Normal
2027-03-02 05:00:00,423.1,247,500,False,Normal
2027-03-02 06:00:00,468.1,270,500,False,Normal
2027-03-02 07:00:00,499.1,303,500,False,Normal
2027-03-02 08:00:00,452.0,298,500,False,Normal
2027-03-02 09:00:00,427.3,286,500,False,Normal
2027-03-02 10:00:00,422.6,271,500,False,Normal
2027-03-02 11:00:00,425.9,281,500,False,Normal
2027-03-02 12:00:00,455.8,303,500,False,Normal
2027-03-02 13:00:00,456.9,322,500,False,Normal
2027-03-02 14:00:00,441.6,322,500,False,Normal
2027-03-02 15:00:00,422.3,320,500,False,Normal
2027-03-02 16:00:00,420.4,310,500,False,Normal
2027-03-02 17:00:00,406.7,296,500,False,Normal
2027-03-02 18:00:00,415.6,298,500,False,Normal
2027-03-02 19:00:00,436.6,312,500,False,Normal
2027-03-02 20:00:00,410.6,286,500,False,Normal
2027-03-02 21:00:00,413.6,289,500,False,Normal
2027-03-02 22:00:00,394.0,275,500,False,Normal
2027-03-02 23:00:00,397.1,273,500,False,Normal
2027-03-03 00:00:00,403.3,272,500,False,Normal
2027-03-03 01:00:00,412.4,263,500,False,Normal
2027-03-03 02:00:00,422.4,248,500,False,Normal
2027-03-03 03:00:00,426.9,260,500,False,Normal
2027-03-03 04:00:00,451.8,261,500,False,Normal
2027-03-03 05:00:00,464.1,255,500,False,Normal
2027-03-03 06:00:00,499.1,280,500,False,Normal
2027-03-03 07:00:00,499.1,311,500,False,Normal
2027-03-03 08:00:00,434.0,289,500,False,Normal
2027-03-03 09:00:00,420.3,268,500,False,Normal
2027-03-03 10:00:00,413.5,253,500,False,Normal
2027-03-03 11:00:00,396.9,240,500,False,Normal
2027-03-03 12:00:00,407.9,252,500,False,Normal
2027-03-03 13:00:00,455.6,283,500,False,Normal
2027-03-03 14:00:00,430.5,279,500,False,Normal
2027-03-03 15:00:00,415.9,273,500,False,Normal
2027-03-03 16:00:00,414.9,268,500,False,Normal
2027-03-03 17:00:00,429.9,279,500,False,Normal
2027-03-03 18:00:00,436.3,297,500,False,Normal
2027-03-03 19:00:00,444.8,304,500,False,Normal
2027-03-03 20:00:00,432.8,292,500,False,Normal
2027-03-03 21:00:00,420.8,280,500,False,Normal
2027-03-03 22:00:00,423.8,283,500,False,Normal
2027-03-03 23:00:00,417.0,277,500,False,Normal
2027-03-04 00:00:00,439.7,289,500,False,Normal
2027-03-04 01:00:00,450.6,293,500,False,Normal
2027-03-04 02:00:00,464.9,282,500,False,Normal
2027-03-04 03:00:00,474.7,265,500,False,Normal
2027-03-04 04:00:00,474.8,240,500,False,Normal
2027-03-04 05:00:00,468.9,207,500,False,Normal
2027-03-04 06:00:00,499.9,227,500,False,Normal
2027-03-04 07:00:00,496.0,259,500,False,Normal
2027-03-04 08:00:00,424.6,256,500,False,Normal
2027-03-04 09:00:00,423.8,253,500,False,Normal
2027-03-04 10:00:00,417.3,256,500,False,Normal
2027-03-04 11:00:00,409.7,254,500,False,Normal
2027-03-04 12:00:00,439.7,272,500,False,Normal
2027-03-04 13:00:00,452.8,295,500,False,Normal
2027-03-04 14:00:00,429.8,298,500,False,Normal
2027-03-04 15:00:00,424.5,294,500,False,Normal
2027-03-04 16:00:00,420.4,277,500,False,Normal
2027-03-04 17:00:00,410.4,267,500,False,Normal
2027-03-04 18:00:00,424.7,274,500,False,Normal
2027-03-04 19:00:00,434.6,285,500,False,Normal
2027-03-04 20:00:00,422.6,273,500,False,Normal
2027-03-04 21:00:00,425.6,276,500,False,Normal
2027-03-04 22:00:00,428.6,279,500,False,Normal
2027-03-04 23:00:00,428.7,284,500,False,Normal
2027-03-05 00:00:00,442.9,292,500,False,Normal
2027-03-05 01:00:00,456.4,281,500,False,Normal
2027-03-05 02:00:00,460.5,264,500,False,Normal
2027-03-05 03:00:00,463.8,250,500,False,Normal
2027-03-05 04:00:00,466.6,244,500,False,Normal
2027-03-05 05:00:00,473.9,239,500,False,Normal
2027-03-05 06:00:00,499.9,265,500,False,Normal
2027-03-05 07:00:00,499.9,302,500,False,Normal
2027-03-05 08:00:00,433.6,280,500,False,Normal
2027-03-05 09:00:00,420.3,264,500,False,Normal
2027-03-05 10:00:00,414.1,253,500,False,Normal
2027-03-05 11:00:00,403.1,242,500,False,Normal
2027-03-05 12:00:00,405.8,241,500,False,Normal
2027-03-05 13:00:00,428.1,261,500,False,Normal
2027-03-05 14:00:00,422.6,270,500,False,Normal
2027-03-05 15:00:00,418.5,277,500,False,Normal
2027-03-05 16:00:00,417.2,280,500,False,Normal
2027-03-05 17:00:00,422.8,285,500,False,Normal
2027-03-05 18:00:00,412.4,275,500,False,Normal
2027-03-05 19:00:00,437.9,286,500,False,Normal
2027-03-05 20:00:00,411.9,260,500,False,Normal
2027-03-05 21:00:00,385.9,234,500,False,Normal
2027-03-05 22:00:00,373.9,222,500,False,Normal
2027-03-05 23:00:00,361.9,211,500,False,Normal
2027-03-06 00:00:00,394.1,243,500,False,Normal
2027-03-06 01:00:00,434.0,261,500,False,Normal
2027-03-06 02:00:00,462.2,273,500,False,Normal
2027-03-06 03:00:00,486.9,274,500,False,Normal
2027-03-06 04:00:00,477.5,275,500,False,Normal
2027-03-06 05:00:00,476.3,277,500,False,Normal
2027-03-06 06:00:00,499.3,299,500,False,Normal
2027-03-06 07:00:00,499.3,321,500,False,Normal
2027-03-06 08:00:00,469.8,316,500,False,Normal
2027-03-06 09:00:00,448.8,313,500,False,Normal
2027-03-06 10:00:00,446.9,314,500,False,Normal
2027-03-06 11:00:00,460.8,324,500,False,Normal
2027-03-06 12:00:00,472.5,336,500,False,Normal
2027-03-06 13:00:00,466.8,342,500,False,Normal
2027-03-06 14:00:00,453.7,331,500,False,Normal
2027-03-06 15:00:00,438.0,302,500,False,Normal
2027-03-06 16:00:00,420.9,275,500,False,Normal
2027-03-06 17:00:00,430.0,261,500,False,Normal
2027-03-06 18:00:00,434.0,263,500,False,Normal
2027-03-06 19:00:00,451.5,283,500,False,Normal
2027-03-06 20:00:00,457.5,292,500,False,Normal
2027-03-06 21:00:00,457.5,290,500,False,Normal
2027-03-06 22:00:00,445.8,278,500,False,Normal
2027-03-06 23:00:00,446.4,266,500,False,Normal
2027-03-07 00:00:00,453.9,258,500,False,Normal
2027-03-07 01:00:00,464.7,252,500,False,Normal
2027-03-07 02:00:00,486.5,248,500,False,Normal
2027-03-07 03:00:00,485.2,246,500,False,Normal
2027-03-07 04:00:00,484.3,244,500,False,Normal
2027-03-07 05:00:00,481.5,253,500,False,Normal
2027-03-07 06:00:00,499.5,272,500,False,Normal
2027-03-07 07:00:00,499.5,292,500,False,Normal
2027-03-07 08:00:00,498.6,315,500,False,Normal
2027-03-07 09:00:00,481.2,311,500,False,Normal
2027-03-07 10:00:00,465.2,320,500,False,Normal
2027-03-07 11:00:00,479.1,336,500,False,Normal
2027-03-07 12:00:00,488.0,355,500,False,Normal
2027-03-07 13:00:00,488.1,363,500,False,Normal
2027-03-07 14:00:00,472.2,358,500,False,Normal
2027-03-07 15:00:00,459.7,346,500,False,Normal
2027-03-07 16:00:00,461.5,342,500,False,Normal
2027-03-07 17:00:00,464.1,336,500,False,Normal
2027-03-07 18:00:00,468.6,333,500,False,Normal
2027-03-07 19:00:00,471.4,323,500,False,Normal
2027-03-07 20:00:00,457.4,306,500,False,Normal
2027-03-07 21:00:00,433.1,273,500,False,Normal
2027-03-07 22:00:00,442.9,254,500,False,Normal
2027-03-07 23:00:00,445.7,249,500,False,Normal
2027-03-08 00:00:00,454.5,249,500,False,Normal
2027-03-08 01:00:00,461.2,256,500,False,Normal
2027-03-08 02:00:00,474.7,261,500,False,Normal
2027-03-08 03:00:00,482.4,258,500,False,Normal
2027-03-08 04:00:00,474.7,249,500,False,Normal
2027-03-08 05:00:00,471.3,237,500,False,Normal
2027-03-08 06:00:00,499.3,260,500,False,Normal
2027-03-08 07:00:00,499.3,290,500,False,Normal
2027-03-08 08:00:00,434.2,279,500,False,Normal
2027-03-08 09:00:00,428.2,261,500,False,Normal
2027-03-08 10:00:00,407.7,251,500,False,Normal
2027-03-08 11:00:00,395.1,229,500,False,Normal
2027-03-08 12:00:00,387.7,228,500,False,Normal
2027-03-08 13:00:00,411.0,254,500,False,Normal
2027-03-08 14:00:00,432.3,269,500,False,Normal
2027-03-08 15:00:00,413.8,271,500,False,Normal
2027-03-08 16:00:00,410.4,281,500,False,Normal
2027-03-08 17:00:00,420.6,288,500,False,Normal
2027-03-08 18:00:00,416.4,284,500,False,Normal
2027-03-08 19:00:00,431.1,292,500,False,Normal
2027-03-08 20:00:00,434.1,295,500,False,Normal
2027-03-08 21:00:00,422.1,283,500,False,Normal
2027-03-08 22:00:00,425.1,280,500,False,Normal
2027-03-08 23:00:00,413.1,267,500,False,Normal
2027-03-09 00:00:00,411.9,248,500,False,Normal
2027-03-09 01:00:00,410.7,237,500,False,Normal
2027-03-09 02:00:00,409.8,229,500,False,Normal
2027-03-09 03:00:00,410.6,239,500,False,Normal
2027-03-09 04:00:00,429.2,247,500,False,Normal
2027-03-09 05:00:00,454.0,244,500,False,Normal
2027-03-09 06:00:00,500.0,270,500,False,Normal
2027-03-09 07:00:00,500.0,302,500,False,Normal
2027-03-09 08:00:00,442.7,295,500,False,Normal
2027-03-09 09:00:00,427.8,293,500,False,Normal
2027-03-09 10:00:00,421.8,288,500,False,Normal
2027-03-09 11:00:00,413.9,287,500,False,Normal
2027-03-09 12:00:00,446.1,315,500,False,Normal
2027-03-09 13:00:00,464.5,330,500,False,Normal
2027-03-09 14:00:00,432.6,322,500,False,Normal
2027-03-09 15:00:00,420.5,312,500,False,Normal
2027-03-09 16:00:00,423.1,284,500,False,Normal
2027-03-09 17:00:00,396.8,265,500,False,Normal
2027-03-09 18:00:00,397.5,265,500,False,Normal
2027-03-09 19:00:00,411.6,259,500,False,Normal
2027-03-09 20:00:00,385.6,233,500,False,Normal
2027-03-09 21:00:00,373.6,221,500,False,Normal
2027-03-09 22:00:00,361.6,209,500,False,Normal
2027-03-09 23:00:00,349.6,197,500,False,Normal
2027-03-10 00:00:00,337.6,185,500,False,Normal
2027-03-10 01:00:00,325.7,174,500,False,Normal
2027-03-10 02:00:00,323.1,173,500,False,Normal
2027-03-10 03:00:00,324.8,169,500,False,Normal
2027-03-10 04:00:00,318.1,166,500,False,Normal
2027-03-10 05:00:00,312.5,164,500,False,Normal
2027-03-10 06:00:00,357.5,209,500,False,Normal
2027-03-10 07:00:00,432.5,269,500,False,Normal
2027-03-10 08:00:00,471.5,305,500,False,AMR Breakdown
2027-03-10 09:00:00,471.5,349,500,False,AMR Breakdown
2027-03-10 10:00:00,471.5,405,500,False,AMR Breakdown
2027-03-10 11:00:00,471.5,437,500,False,AMR Breakdown
2027-03-10 12:00:00,471.5,454,500,False,AMR Breakdown
2027-03-10 13:00:00,471.5,472,500,False,AMR Breakdown
2027-03-10 14:00:00,471.5,472,500,False,AMR Breakdown
2027-03-10 15:00:00,471.5,472,500,False,AMR Breakdown
2027-03-10 16:00:00,471.5,472,500,False,AMR Breakdown
2027-03-10 17:00:00,471.5,472,500,False,AMR Breakdown
2027-03-10 18:00:00,471.5,472,500,False,AMR Breakdown
2027-03-10 19:00:00,471.5,472,500,False,AMR Breakdown
2027-03-10 20:00:00,471.5,472,500,False,AMR Breakdown
2027-03-10 21:00:00,471.5,472,500,False,AMR Breakdown
2027-03-10 22:00:00,471.5,472,500,False,AMR Breakdown
2027-03-10 23:00:00,471.5,472,500,False,AMR Breakdown
2027-03-11 00:00:00,471.5,472,500,False,AMR Breakdown
2027-03-11 01:00:00,471.5,461,500,False,AMR Breakdown
2027-03-11 02:00:00,471.5,442,500,False,AMR Breakdown
2027-03-11 03:00:00,471.5,424,500,False,AMR Breakdown
2027-03-11 04:00:00,471.5,409,500,False,AMR Breakdown
2027-03-11 05:00:00,471.5,398,500,False,AMR Breakdown
2027-03-11 06:00:00,471.5,396,500,False,AMR Breakdown
2027-03-11 07:00:00,471.5,403,500,False,AMR Breakdown
2027-03-11 08:00:00,471.5,427,500,False,AMR Breakdown
2027-03-11 09:00:00,471.5,466,500,False,AMR Breakdown
2027-03-11 10:00:00,471.5,472,500,False,AMR Breakdown
2027-03-11 11:00:00,471.5,472,500,False,AMR Breakdown
2027-03-11 12:00:00,471.5,472,500,False,AMR Breakdown
2027-03-11 13:00:00,471.5,472,500,False,AMR Breakdown
2027-03-11 14:00:00,471.5,472,500,False,AMR Breakdown
2027-03-11 15:00:00,471.5,472,500,False,AMR Breakdown
2027-03-11 16:00:00,471.5,472,500,False,AMR Breakdown
2027-03-11 17:00:00,471.5,472,500,False,AMR Breakdown
2027-03-11 18:00:00,471.5,472,500,False,AMR Breakdown
2027-03-11 19:00:00,471.5,472,500,False,AMR Breakdown
2027-03-11 20:00:00,471.5,472,500,False,AMR Breakdown
2027-03-11 21:00:00,457.5,458,500,False,Normal
2027-03-11 22:00:00,431.5,432,500,False,Normal
2027-03-11 23:00:00,419.5,418,500,False,Normal
2027-03-12 00:00:00,393.5,376,500,False,Normal
2027-03-12 01:00:00,367.5,335,500,False,Normal
2027-03-12 02:00:00,370.5,310,500,False,Normal
2027-03-12 03:00:00,358.5,286,500,False,Normal
2027-03-12 04:00:00,346.5,268,500,False,Normal
2027-03-12 05:00:00,349.5,257,500,False,Normal
2027-03-12 06:00:00,409.5,296,500,False,Normal
2027-03-12 07:00:00,444.0,338,500,False,Normal
2027-03-12 08:00:00,425.4,318,500,False,Normal
2027-03-12 09:00:00,415.0,297,500,False,Normal
2027-03-12 10:00:00,410.8,283,500,False,Normal
2027-03-12 11:00:00,399.8,272,500,False,Normal
2027-03-12 12:00:00,407.1,277,500,False,Normal
2027-03-12 13:00:00,445.5,302,500,False,Normal
2027-03-12 14:00:00,436.0,311,500,False,Normal
2027-03-12 15:00:00,433.0,311,500,False,Normal
2027-03-12 16:00:00,427.0,308,500,False,Normal
2027-03-12 17:00:00,438.6,302,500,False,Normal
2027-03-12 18:00:00,439.6,299,500,False,Normal
2027-03-12 19:00:00,435.8,294,500,False,Normal
2027-03-12 20:00:00,423.8,282,500,False,Normal
2027-03-12 21:00:00,426.8,285,500,False,Normal
2027-03-12 22:00:00,429.8,288,500,False,Normal
2027-03-12 23:00:00,403.8,262,500,False,Normal
2027-03-13 00:00:00,421.6,267,500,False,Normal
2027-03-13 01:00:00,435.1,275,500,False,Normal
2027-03-13 02:00:00,444.9,294,500,False,Normal
2027-03-13 03:00:00,492.8,292,500,False,Normal
2027-03-13 04:00:00,478.6,282,500,False,Normal
2027-03-13 05:00:00,476.9,275,500,False,Normal
2027-03-13 06:00:00,499.9,298,500,False,Normal
2027-03-13 07:00:00,499.9,328,500,False,Normal
2027-03-13 08:00:00,457.5,307,500,False,Normal
2027-03-13 09:00:00,435.2,299,500,False,Normal
2027-03-13 10:00:00,435.6,296,500,False,Normal
2027-03-13 11:00:00,452.7,304,500,False,Normal
2027-03-13 12:00:00,460.3,311,500,False,Normal
2027-03-13 13:00:00,454.9,315,500,False,Normal
2027-03-13 14:00:00,448.1,315,500,False,Normal
2027-03-13 15:00:00,437.0,306,500,False,Normal
2027-03-13 16:00:00,432.3,293,500,False,Normal
2027-03-13 17:00:00,436.3,290,500,False,Normal
2027-03-13 18:00:00,440.9,291,500,False,Normal
2027-03-13 19:00:00,451.1,291,500,False,Normal
2027-03-13 20:00:00,439.1,279,500,False,Normal
2027-03-13 21:00:00,428.1,268,500,False,Normal
2027-03-13 22:00:00,402.1,245,500,False,Normal
2027-03-13 23:00:00,411.7,241,500,False,Normal
2027-03-14 00:00:00,416.6,244,500,False,Normal
2027-03-14 01:00:00,428.5,254,500,False,Normal
2027-03-14 02:00:00,448.7,256,500,False,Normal
2027-03-14 03:00:00,466.5,262,500,False,Normal
2027-03-14 04:00:00,484.6,270,500,False,Normal
2027-03-14 05:00:00,488.3,267,500,False,Normal
2027-03-14 06:00:00,499.3,283,500,False,Normal
2027-03-14 07:00:00,499.3,298,500,False,Normal
2027-03-14 08:00:00,496.6,310,500,False,Normal
2027-03-14 09:00:00,473.4,317,500,False,Normal
2027-03-14 10:00:00,467.8,315,500,False,Normal
2027-03-14 11:00:00,475.9,328,500,False,Normal
2027-03-14 12:00:00,489.0,333,500,False,Normal
2027-03-14 13:00:00,478.6,344,500,False,Normal
2027-03-14 14:00:00,472.2,346,500,False,Normal
2027-03-14 15:00:00,463.4,346,500,False,Normal
2027-03-14 16:00:00,462.0,342,500,False,Normal
2027-03-14 17:00:00,466.9,337,500,False,Normal
2027-03-14 18:00:00,469.2,332,500,False,Normal
2027-03-14 19:00:00,466.9,333,500,False,Normal
2027-03-14 20:00:00,454.9,316,500,False,Normal
2027-03-14 21:00:00,457.9,298,500,False,Normal
2027-03-14 22:00:00,471.7,287,500,False,Normal
2027-03-14 23:00:00,483.5,275,500,False,Normal
2027-03-15 00:00:00,477.0,259,500,False,Normal
2027-03-15 01:00:00,473.8,254,500,False,Normal
2027-03-15 02:00:00,482.3,240,500,False,Normal
2027-03-15 03:00:00,472.9,223,500,False,Normal
2027-03-15 04:00:00,464.4,213,500,False,Normal
2027-03-15 05:00:00,467.6,212,500,False,Normal
2027-03-15 06:00:00,499.6,242,500,False,Normal
2027-03-15 07:00:00,499.6,282,500,False,Normal
2027-03-15 08:00:00,485.6,303,500,False,Normal
2027-03-15 09:00:00,435.2,296,500,False,Normal
2027-03-15 10:00:00,415.7,274,500,False,Normal
2027-03-15 11:00:00,419.7,276,500,False,Normal
2027-03-15 12:00:00,428.0,283,500,False,Normal
2027-03-15 13:00:00,439.3,298,500,False,Normal
2027-03-15 14:00:00,431.5,299,500,False,Normal
2027-03-15 15:00:00,421.7,293,500,False,Normal
2027-03-15 16:00:00,422.8,281,500,False,Normal
2027-03-15 17:00:00,410.3,264,500,False,Normal
2027-03-15 18:00:00,429.2,269,500,False,Normal
2027-03-15 19:00:00,433.7,272,500,False,Normal
2027-03-15 20:00:00,421.7,260,500,False,Normal
2027-03-15 21:00:00,424.7,263,500,False,Normal
2027-03-15 22:00:00,412.7,251,500,False,Normal
2027-03-15 23:00:00,415.7,254,500,False,Normal
2027-03-16 00:00:00,410.6,252,500,False,Normal
2027-03-16 01:00:00,414.2,255,500,False,Normal
2027-03-16 02:00:00,421.1,259,500,False,Normal
2027-03-16 03:00:00,430.7,257,500,False,Normal
2027-03-16 04:00:00,436.3,245,500,False,Normal
2027-03-16 05:00:00,439.6,241,500,False,Normal
2027-03-16 06:00:00,499.6,261,500,False,Normal
2027-03-16 07:00:00,499.6,295,500,False,Normal
2027-03-16 08:00:00,444.7,280,500,False,Normal
2027-03-16 09:00:00,421.6,266,500,False,Normal
2027-03-16 10:00:00,416.3,258,500,False,Normal
2027-03-16 11:00:00,426.7,262,500,False,Normal
2027-03-16 12:00:00,430.2,263,500,False,Normal
2027-03-16 13:00:00,441.0,273,500,False,Normal
2027-03-16 14:00:00,429.5,278,500,False,Normal
2027-03-16 15:00:00,410.8,273,500,False,Normal
2027-03-16 16:00:00,411.3,262,500,False,Normal
2027-03-16 17:00:00,422.7,256,500,False,Normal
2027-03-16 18:00:00,424.9,261,500,False,Normal
2027-03-16 19:00:00,418.5,267,500,False,Normal
2027-03-16 20:00:00,406.5,255,500,False,Normal
2027-03-16 21:00:00,394.5,243,500,False,Normal
2027-03-16 22:00:00,382.5,231,500,False,Normal
2027-03-16 23:00:00,387.4,240,500,False,Normal
2027-03-17 00:00:00,390.3,239,500,False,Normal
2027-03-17 01:00:00,411.8,258,500,False,Normal
2027-03-17 02:00:00,423.2,266,500,False,Normal
2027-03-17 03:00:00,435.3,267,500,False,Normal
2027-03-17 04:00:00,447.7,267,500,False,Normal
2027-03-17 05:00:00,478.5,278,500,False,Normal
2027-03-17 06:00:00,499.5,292,500,False,Normal
2027-03-17 07:00:00,499.5,311,500,False,Normal
2027-03-17 08:00:00,469.8,305,500,False,Normal
2027-03-17 09:00:00,440.6,297,500,False,Normal
2027-03-17 10:00:00,433.3,285,500,False,Normal
2027-03-17 11:00:00,430.2,280,500,False,Normal
2027-03-17 12:00:00,442.3,291,500,False,Normal
2027-03-17 13:00:00,455.5,305,500,False,Normal
2027-03-17 14:00:00,441.1,295,500,False,Normal
2027-03-17 15:00:00,415.6,279,500,False,Normal
2027-03-17 16:00:00,414.4,264,500,False,Normal
2027-03-17 17:00:00,405.7,252,500,False,Normal
2027-03-17 18:00:00,413.2,253,500,False,Normal
2027-03-17 19:00:00,408.5,263,500,False,Normal
2027-03-17 20:00:00,396.5,251,500,False,Normal
2027-03-17 21:00:00,384.5,239,500,False,Normal
2027-03-17 22:00:00,387.5,242,500,False,Normal
2027-03-17 23:00:00,398.8,245,500,False,Normal
2027-03-18 00:00:00,401.9,242,500,False,Normal
2027-03-18 01:00:00,423.2,249,500,False,Normal
2027-03-18 02:00:00,434.1,252,500,False,Normal
2027-03-18 03:00:00,460.8,247,500,False,Normal
2027-03-18 04:00:00,462.1,236,500,False,Normal
2027-03-18 05:00:00,461.3,221,500,False,Normal
2027-03-18 06:00:00,499.3,246,500,False,Normal
2027-03-18 07:00:00,499.3,284,500,False,Normal
2027-03-18 08:00:00,438.5,278,500,False,Normal
2027-03-18 09:00:00,420.0,261,500,False,Normal
2027-03-18 10:00:00,407.2,263,500,False,Normal
2027-03-18 11:00:00,411.2,279,500,False,Normal
2027-03-18 12:00:00,425.4,280,500,False,Normal
2027-03-18 13:00:00,442.6,288,500,False,Normal
2027-03-18 14:00:00,433.3,289,500,False,Normal
2027-03-18 15:00:00,426.2,285,500,False,Normal
2027-03-18 16:00:00,422.0,290,500,False,Normal
2027-03-18 17:00:00,434.6,302,500,False,Normal
2027-03-18 18:00:00,443.4,311,500,False,Normal
2027-03-18 19:00:00,445.6,310,500,False,Normal
2027-03-18 20:00:00,433.6,298,500,False,Normal
2027-03-18 21:00:00,421.6,286,500,False,Normal
2027-03-18 22:00:00,409.6,274,500,False,Normal
2027-03-18 23:00:00,397.6,262,500,False,Normal
2027-03-19 00:00:00,402.3,254,500,False,Normal
2027-03-19 01:00:00,416.1,242,500,False,Normal
2027-03-19 02:00:00,430.5,236,500,False,Normal
2027-03-19 03:00:00,439.3,228,500,False,Normal
2027-03-19 04:00:00,452.8,218,500,False,Normal
2027-03-19 05:00:00,463.6,216,500,False,Normal
2027-03-19 06:00:00,499.6,251,500,False,Normal
2027-03-19 07:00:00,499.6,293,500,False,Normal
2027-03-19 08:00:00,443.0,292,500,False,Normal
2027-03-19 09:00:00,427.0,283,500,False,Normal
2027-03-19 10:00:00,421.3,268,500,False,Normal
2027-03-19 11:00:00,410.3,257,500,False,Normal
2027-03-19 12:00:00,401.3,252,500,False,Normal
2027-03-19 13:00:00,442.2,284,500,False,Normal
2027-03-19 14:00:00,442.6,293,500,False,Normal
2027-03-19 15:00:00,427.8,294,500,False,Normal
2027-03-19 16:00:00,423.7,280,500,False,Normal
2027-03-19 17:00:00,422.0,272,500,False,Normal
2027-03-19 18:00:00,429.3,279,500,False,Normal
2027-03-19 19:00:00,440.6,280,500,False,Normal
2027-03-19 20:00:00,414.6,254,500,False,Normal
2027-03-19 21:00:00,388.6,228,500,False,Normal
2027-03-19 22:00:00,391.6,231,500,False,Normal
2027-03-19 23:00:00,382.3,219,500,False,Normal
2027-03-20 00:00:00,408.7,228,500,False,Normal
2027-03-20 01:00:00,427.3,226,500,False,Normal
2027-03-20 02:00:00,446.6,223,500,False,Normal
2027-03-20 03:00:00,451.4,221,500,False,Normal
2027-03-20 04:00:00,470.9,234,500,False,Normal
2027-03-20 05:00:00,480.2,243,500,False,Normal
2027-03-20 06:00:00,499.2,272,500,False,Normal
2027-03-20 07:00:00,499.2,307,500,False,Normal
2027-03-20 08:00:00,457.2,312,500,False,Normal
2027-03-20 09:00:00,443.5,313,500,False,Normal
2027-03-20 10:00:00,439.0,310,500,False,Normal
2027-03-20 11:00:00,456.5,318,500,False,Normal
2027-03-20 12:00:00,467.7,329,500,False,Normal
2027-03-20 13:00:00,464.4,334,500,False,Normal
2027-03-20 14:00:00,450.8,330,500,False,Normal
2027-03-20 15:00:00,437.1,328,500,False,Normal
2027-03-20 16:00:00,436.4,322,500,False,Normal
2027-03-20 17:00:00,444.8,318,500,False,Normal
2027-03-20 18:00:00,448.2,313,500,False,Normal
2027-03-20 19:00:00,446.5,306,500,False,Normal
2027-03-20 20:00:00,457.5,307,500,False,Normal
2027-03-20 21:00:00,443.5,287,500,False,Normal
2027-03-20 22:00:00,446.5,276,500,False,Normal
2027-03-20 23:00:00,459.2,276,500,False,Normal
2027-03-21 00:00:00,469.6,284,500,False,Normal
2027-03-21 01:00:00,490.5,287,500,False,Normal
2027-03-21 02:00:00,494.4,285,500,False,Normal
2027-03-21 03:00:00,492.0,290,500,False,Normal
2027-03-21 04:00:00,495.7,287,500,False,Normal
2027-03-21 05:00:00,491.6,276,500,False,Normal
2027-03-21 06:00:00,499.6,278,500,False,Normal
2027-03-21 07:00:00,499.6,284,500,False,Normal
2027-03-21 08:00:00,494.1,304,500,False,Normal
2027-03-21 09:00:00,480.3,322,500,False,Normal
2027-03-21 10:00:00,475.3,324,500,False,Normal
2027-03-21 11:00:00,476.4,330,500,False,Normal
2027-03-21 12:00:00,486.4,336,500,False,Normal
2027-03-21 13:00:00,480.2,340,500,False,Normal
2027-03-21 14:00:00,463.8,339,500,False,Normal
2027-03-21 15:00:00,463.1,338,500,False,Normal
2027-03-21 16:00:00,459.8,331,500,False,Normal
2027-03-21 17:00:00,461.3,323,500,False,Normal
2027-03-21 18:00:00,459.9,318,500,False,Normal
2027-03-21 19:00:00,461.5,318,500,False,Normal
2027-03-21 20:00:00,435.5,286,500,False,Normal
2027-03-21 21:00:00,417.3,263,500,False,Normal
2027-03-21 22:00:00,418.7,246,500,False,Normal
2027-03-21 23:00:00,421.1,238,500,False,Normal
2027-03-22 00:00:00,426.0,236,500,False,Normal
2027-03-22 01:00:00,431.8,242,500,False,Normal
2027-03-22 02:00:00,458.0,244,500,False,Normal
2027-03-22 03:00:00,467.6,252,500,False,Normal
2027-03-22 04:00:00,477.5,251,500,False,Normal
2027-03-22 05:00:00,476.1,252,500,False,Normal
2027-03-22 06:00:00,499.1,281,500,False,Normal
2027-03-22 07:00:00,499.1,312,500,False,Normal
2027-03-22 08:00:00,470.1,307,500,False,Normal
2027-03-22 09:00:00,423.4,298,500,False,Normal
2027-03-22 10:00:00,420.7,288,500,False,Normal
2027-03-22 11:00:00,424.7,292,500,False,Normal
2027-03-22 12:00:00,443.3,307,500,False,Normal
2027-03-22 13:00:00,452.1,308,500,False,Normal
2027-03-22 14:00:00,430.9,292,500,False,Normal
2027-03-22 15:00:00,422.0,276,500,False,Normal
2027-03-22 16:00:00,413.8,259,500,False,Normal
2027-03-22 17:00:00,408.9,248,500,False,Normal
2027-03-22 18:00:00,405.9,244,500,False,Normal
2027-03-22 19:00:00,393.0,238,500,False,Normal
2027-03-22 20:00:00,381.0,226,500,False,Normal
2027-03-22 21:00:00,369.0,214,500,False,Normal
2027-03-22 22:00:00,357.0,202,500,False,Normal
2027-03-22 23:00:00,345.0,190,500,False,Normal
2027-03-23 00:00:00,344.9,188,500,False,Normal
2027-03-23 01:00:00,350.8,196,500,False,Normal
2027-03-23 02:00:00,363.1,200,500,False,Normal
2027-03-23 03:00:00,369.5,210,500,False,Normal
2027-03-23 04:00:00,376.9,222,500,False,Normal
2027-03-23 05:00:00,402.1,229,500,False,Normal
2027-03-23 06:00:00,462.1,259,500,False,Normal
2027-03-23 07:00:00,499.1,296,500,False,Normal
2027-03-23 08:00:00,427.4,274,500,False,Normal
2027-03-23 09:00:00,414.9,262,500,False,Normal
2027-03-23 10:00:00,418.4,251,500,False,Normal
2027-03-23 11:00:00,422.4,255,500,False,Normal
2027-03-23 12:00:00,421.6,256,500,False,Normal
2027-03-23 13:00:00,449.6,289,500,False,Normal
2027-03-23 14:00:00,433.2,294,500,False,Normal
2027-03-23 15:00:00,417.3,283,500,False,Normal
2027-03-23 16:00:00,409.9,264,500,False,Normal
2027-03-23 17:00:00,408.9,255,500,False,Normal
2027-03-23 18:00:00,424.9,253,500,False,Normal
2027-03-23 19:00:00,421.5,249,500,False,Normal
2027-03-23 20:00:00,409.5,237,500,False,Normal
2027-03-23 21:00:00,397.5,225,500,False,Normal
2027-03-23 22:00:00,400.5,228,500,False,Normal
2027-03-23 23:00:00,403.5,231,500,False,Normal
2027-03-24 00:00:00,400.0,232,500,False,Normal
2027-03-24 01:00:00,407.7,249,500,False,Normal
2027-03-24 02:00:00,441.3,276,500,False,Normal
2027-03-24 03:00:00,461.3,271,500,False,Normal
2027-03-24 04:00:00,468.2,258,500,False,Normal
2027-03-24 05:00:00,469.8,244,500,False,Normal
2027-03-24 06:00:00,499.8,267,500,False,Normal
2027-03-24 07:00:00,499.8,300,500,False,Normal
2027-03-24 08:00:00,441.8,293,500,False,Normal
2027-03-24 09:00:00,430.2,275,500,False,Normal
2027-03-24 10:00:00,410.2,249,500,False,Normal
2027-03-24 11:00:00,399.2,238,500,False,Normal
2027-03-24 12:00:00,418.6,255,500,False,Normal
2027-03-24 13:00:00,447.2,261,500,False,Normal
2027-03-24 14:00:00,433.1,249,500,False,Normal
2027-03-24 15:00:00,411.5,244,500,False,Normal
2027-03-24 16:00:00,415.5,237,500,False,Normal
2027-03-24 17:00:00,420.5,242,500,False,Normal
2027-03-24 18:00:00,425.5,247,500,False,Normal
2027-03-24 19:00:00,419.2,236,500,False,Normal
2027-03-24 20:00:00,407.2,224,500,False,Normal
2027-03-24 21:00:00,395.2,212,500,False,Normal
2027-03-24 22:00:00,398.2,215,500,False,Normal
2027-03-24 23:00:00,373.5,200,500,False,Normal
2027-03-25 00:00:00,368.4,198,500,False,Normal
2027-03-25 01:00:00,374.5,213,500,False,Normal
2027-03-25 02:00:00,407.0,248,500,False,Normal
2027-03-25 03:00:00,426.1,272,500,False,Normal
2027-03-25 04:00:00,446.3,271,500,False,Normal
2027-03-25 05:00:00,454.2,260,500,False,Normal
2027-03-25 06:00:00,499.2,277,500,False,Normal
2027-03-25 07:00:00,499.2,301,500,False,Normal
2027-03-25 08:00:00,434.2,279,500,False,Normal
2027-03-25 09:00:00,430.0,257,500,False,Normal
2027-03-25 10:00:00,412.8,247,500,False,Normal
2027-03-25 11:00:00,423.8,251,500,False,Normal
2027-03-25 12:00:00,428.8,266,500,False,Normal
2027-03-25 13:00:00,459.4,303,500,False,Normal
2027-03-25 14:00:00,438.7,311,500,False,Normal
2027-03-25 15:00:00,426.7,300,500,False,Normal
2027-03-25 16:00:00,419.2,285,500,False,Normal
2027-03-25 17:00:00,426.1,280,500,False,Normal
2027-03-25 18:00:00,416.4,283,500,False,Normal
2027-03-25 19:00:00,434.8,310,500,False,Normal
2027-03-25 20:00:00,408.8,284,500,False,Normal
2027-03-25 21:00:00,396.8,272,500,False,Normal
2027-03-25 22:00:00,408.8,278,500,False,Normal
2027-03-25 23:00:00,414.4,274,500,False,Normal
2027-03-26 00:00:00,420.2,283,500,False,Normal
2027-03-26 01:00:00,448.1,288,500,False,Normal
2027-03-26 02:00:00,467.7,292,500,False,Normal
2027-03-26 03:00:00,489.8,296,500,False,Normal
2027-03-26 04:00:00,491.0,286,500,False,Normal
2027-03-26 05:00:00,481.7,274,500,False,Normal
2027-03-26 06:00:00,499.7,286,500,False,Normal
2027-03-26 07:00:00,499.7,308,500,False,Normal
2027-03-26 08:00:00,455.6,294,500,False,Normal
2027-03-26 09:00:00,425.9,276,500,False,Normal
2027-03-26 10:00:00,420.1,256,500,False,Normal
2027-03-26 11:00:00,424.1,263,500,False,Normal
2027-03-26 12:00:00,450.0,289,500,False,Normal
2027-03-26 13:00:00,463.7,303,500,False,Normal
2027-03-26 14:00:00,439.8,292,500,False,Normal
2027-03-26 15:00:00,416.0,274,500,False,Normal
2027-03-26 16:00:00,411.4,250,500,False,Normal
2027-03-26 17:00:00,390.5,229,500,False,Normal
2027-03-26 18:00:00,403.3,240,500,False,Normal
2027-03-26 19:00:00,414.0,251,500,False,Normal
2027-03-26 20:00:00,402.0,239,500,False,Normal
2027-03-26 21:00:00,391.0,228,500,False,Normal
2027-03-26 22:00:00,379.0,216,500,False,Normal
2027-03-26 23:00:00,372.8,205,500,False,Normal
2027-03-27 00:00:00,372.0,206,500,False,Normal
2027-03-27 01:00:00,393.4,217,500,False,Normal
2027-03-27 02:00:00,391.0,224,500,False,Normal
2027-03-27 03:00:00,415.6,242,500,False,Normal
2027-03-27 04:00:00,432.8,245,500,False,Normal
2027-03-27 05:00:00,459.3,235,500,False,Normal
2027-03-27 06:00:00,499.3,256,500,False,Normal
2027-03-27 07:00:00,499.3,281,500,False,Normal
2027-03-27 08:00:00,457.4,278,500,False,Normal
2027-03-27 09:00:00,444.8,266,500,False,Normal
2027-03-27 10:00:00,428.3,258,500,False,Normal
2027-03-27 11:00:00,440.6,274,500,False,Normal
2027-03-27 12:00:00,453.9,282,500,False,Normal
2027-03-27 13:00:00,457.3,303,500,False,Normal
2027-03-27 14:00:00,445.2,311,500,False,Normal
2027-03-27 15:00:00,442.8,316,500,False,Normal
2027-03-27 16:00:00,437.9,313,500,False,Normal
2027-03-27 17:00:00,443.9,316,500,False,Normal
2027-03-27 18:00:00,438.3,306,500,False,Normal
2027-03-27 19:00:00,445.4,306,500,False,Normal
2027-03-27 20:00:00,434.4,295,500,False,Normal
2027-03-27 21:00:00,408.4,269,500,False,Normal
2027-03-27 22:00:00,426.4,269,500,False,Normal
2027-03-27 23:00:00,445.3,253,500,False,Normal
2027-03-28 00:00:00,444.1,247,500,False,Normal
2027-03-28 01:00:00,448.7,247,500,False,Normal
2027-03-28 02:00:00,460.0,254,500,False,Normal
2027-03-28 03:00:00,480.6,265,500,False,Normal
2027-03-28 04:00:00,495.2,268,500,False,Normal
2027-03-28 05:00:00,488.4,272,500,False,Normal
2027-03-28 06:00:00,499.4,288,500,False,Normal
2027-03-28 07:00:00,499.4,303,500,False,Normal
2027-03-28 08:00:00,499.4,321,500,False,Normal
2027-03-28 09:00:00,487.7,331,500,False,Normal
2027-03-28 10:00:00,474.1,337,500,False,Normal
2027-03-28 11:00:00,483.6,344,500,False,Normal
2027-03-28 12:00:00,484.7,359,500,False,Normal
2027-03-28 13:00:00,487.3,355,500,False,Normal
2027-03-28 14:00:00,465.4,337,500,False,Normal
2027-03-28 15:00:00,454.5,321,500,False,Normal
2027-03-28 16:00:00,456.4,303,500,False,Normal
2027-03-28 17:00:00,458.2,298,500,False,Normal
2027-03-28 18:00:00,463.1,298,500,False,Normal
2027-03-28 19:00:00,463.4,308,500,False,Normal
2027-03-28 20:00:00,437.4,282,500,False,Normal
2027-03-28 21:00:00,443.5,270,500,False,Normal
2027-03-28 22:00:00,448.3,271,500,False,Normal
2027-03-28 23:00:00,463.8,277,500,False,Normal
2027-03-29 00:00:00,482.2,284,500,False,Normal
2027-03-29 01:00:00,489.8,287,500,False,Normal
2027-03-29 02:00:00,488.6,290,500,False,Normal
2027-03-29 03:00:00,488.1,300,500,False,Normal
2027-03-29 04:00:00,492.0,293,500,False,Normal
2027-03-29 05:00:00,480.9,279,500,False,Normal
2027-03-29 06:00:00,499.9,295,500,False,Normal
2027-03-29 07:00:00,499.9,317,500,False,Normal
2027-03-29 08:00:00,462.3,307,500,False,Normal
2027-03-29 09:00:00,425.9,299,500,False,Normal
2027-03-29 10:00:00,432.8,291,500,False,Normal
2027-03-29 11:00:00,425.9,286,500,False,Normal
2027-03-29 12:00:00,450.9,316,500,False,Normal
2027-03-29 13:00:00,471.8,329,500,False,Normal
2027-03-29 14:00:00,443.7,322,500,False,Normal
2027-03-29 15:00:00,426.6,316,500,False,Normal
2027-03-29 16:00:00,426.7,312,500,False,Normal
2027-03-29 17:00:00,438.9,305,500,False,Normal
2027-03-29 18:00:00,437.4,294,500,False,Normal
2027-03-29 19:00:00,434.3,283,500,False,Normal
2027-03-29 20:00:00,422.3,271,500,False,Normal
2027-03-29 21:00:00,410.3,259,500,False,Normal
2027-03-29 22:00:00,399.8,248,500,False,Normal
2027-03-29 23:00:00,392.8,240,500,False,Normal
2027-03-30 00:00:00,397.6,236,500,False,Normal
2027-03-30 01:00:00,400.1,240,500,False,Normal
2027-03-30 02:00:00,407.8,256,500,False,Normal
2027-03-30 03:00:00,423.9,262,500,False,Normal
2027-03-30 04:00:00,436.2,248,500,False,Normal
2027-03-30 05:00:00,435.4,236,500,False,Normal
2027-03-30 06:00:00,495.4,254,500,False,Normal
2027-03-30 07:00:00,499.4,284,500,False,Normal
2027-03-30 08:00:00,427.7,275,500,False,Normal
2027-03-30 09:00:00,428.0,268,500,False,Normal
2027-03-30 10:00:00,418.5,260,500,False,Normal
2027-03-30 11:00:00,422.5,267,500,False,Normal
2027-03-30 12:00:00,425.2,270,500,False,Normal
2027-03-30 13:00:00,436.8,284,500,False,Normal
2027-03-30 14:00:00,434.1,286,500,False,Normal
2027-03-30 15:00:00,411.7,270,500,False,Normal
2027-03-30 16:00:00,404.9,252,500,False,Normal
2027-03-30 17:00:00,409.9,257,500,False,Normal
2027-03-30 18:00:00,406.4,264,500,False,Normal
2027-03-30 19:00:00,414.7,275,500,False,Normal
2027-03-30 20:00:00,402.7,263,500,False,Normal
2027-03-30 21:00:00,391.7,252,500,False,Normal
2027-03-30 22:00:00,365.7,229,500,False,Normal
2027-03-30 23:00:00,359.5,227,500,False,Normal
2027-03-31 00:00:00,363.3,236,500,False,Normal
2027-03-31 01:00:00,376.7,244,500,False,Normal
2027-03-31 02:00:00,386.1,256,500,False,Normal
2027-03-31 03:00:00,400.2,253,500,False,Normal
2027-03-31 04:00:00,404.9,246,500,False,Normal
2027-03-31 05:00:00,410.4,241,500,False,Normal
2027-03-31 06:00:00,470.4,266,500,False,Normal
2027-03-31 07:00:00,499.4,298,500,False,Normal
2027-03-31 08:00:00,439.6,285,500,False,Normal
2027-03-31 09:00:00,423.5,269,500,False,Normal
2027-03-31 10:00:00,410.1,257,500,False,Normal
2027-03-31 11:00:00,399.1,246,500,False,Normal
2027-03-31 12:00:00,420.7,269,500,False,Normal
2027-03-31 13:00:00,451.4,283,500,False,Normal
2027-03-31 14:00:00,426.6,280,500,False,Normal
2027-03-31 15:00:00,417.1,266,500,False,Normal
2027-03-31 16:00:00,405.4,254,500,False,Normal
2027-03-31 17:00:00,391.5,235,500,False,Normal
2027-03-31 18:00:00,378.0,221,500,False,Normal
2027-03-31 19:00:00,382.6,232,500,False,Normal
2027-03-31 20:00:00,370.6,220,500,False,Normal
2027-03-31 21:00:00,344.6,194,500,False,Normal
2027-03-31 22:00:00,332.6,182,500,False,Normal
2027-03-31 23:00:00,333.7,179,500,False,Normal
